slide_id_name,wsi_ID,patient_ID,dataset,label,case_id,slide_id
/TCGA-BRCA/titan/TCGA-E2-A15M-01Z-00-DX1.6E4671E5-18EA-4464-BE7C-C94767136E5C.npy,TCGA-E2-A15M-01Z-00-DX1.6E4671E5-18EA-4464-BE7C-C94767136E5C,TCGA-E2-A15M,TCGA-BRCA,1,patient_0,slide_0
/TCGA-BRCA/titan/TCGA-C8-A12W-01Z-00-DX1.3727E7BB-831E-42DB-B5CB-F2D7C649290F.npy,TCGA-C8-A12W-01Z-00-DX1.3727E7BB-831E-42DB-B5CB-F2D7C649290F,TCGA-C8-A12W,TCGA-BRCA,0,patient_1,slide_1
/TCGA-BRCA/titan/TCGA-EW-A1OZ-01Z-00-DX1.9639BB06-FF02-475F-A89D-773BE12721CC.npy,TCGA-EW-A1OZ-01Z-00-DX1.9639BB06-FF02-475F-A89D-773BE12721CC,TCGA-EW-A1OZ,TCGA-BRCA,0,patient_2,slide_2
/TCGA-BRCA/titan/TCGA-E2-A3DX-01Z-00-DX1.75094CA2-CE51-4886-A564-BD10043A6E4C.npy,TCGA-E2-A3DX-01Z-00-DX1.75094CA2-CE51-4886-A564-BD10043A6E4C,TCGA-E2-A3DX,TCGA-BRCA,1,patient_3,slide_3
/TCGA-BRCA/titan/TCGA-5L-AAT0-01Z-00-DX1.5E171263-30BF-4C6B-88A1-E8EA0522A861.npy,TCGA-5L-AAT0-01Z-00-DX1.5E171263-30BF-4C6B-88A1-E8EA0522A861,TCGA-5L-AAT0,TCGA-BRCA,1,patient_4,slide_4
/TCGA-BRCA/titan/TCGA-S3-AA0Z-01Z-00-DX1.4D96156A-4067-41F2-90B8-41EF7ED794CF.npy,TCGA-S3-AA0Z-01Z-00-DX1.4D96156A-4067-41F2-90B8-41EF7ED794CF,TCGA-S3-AA0Z,TCGA-BRCA,0,patient_5,slide_5
/TCGA-BRCA/titan/TCGA-EW-A1PB-01Z-00-DX1.B2E9B88F-C371-4821-9B7B-8A63BB120D95.npy,TCGA-EW-A1PB-01Z-00-DX1.B2E9B88F-C371-4821-9B7B-8A63BB120D95,TCGA-EW-A1PB,TCGA-BRCA,0,patient_6,slide_6
/TCGA-BRCA/titan/TCGA-EW-A6S9-01Z-00-DX1.4A8CD2D4-D528-465C-82DC-9CAE35DD424B.npy,TCGA-EW-A6S9-01Z-00-DX1.4A8CD2D4-D528-465C-82DC-9CAE35DD424B,TCGA-EW-A6S9,TCGA-BRCA,0,patient_7,slide_7
/TCGA-BRCA/titan/TCGA-BH-A0HW-01Z-00-DX1.44DCCE00-133F-4469-A4DA-5057C011B4AC.npy,TCGA-BH-A0HW-01Z-00-DX1.44DCCE00-133F-4469-A4DA-5057C011B4AC,TCGA-BH-A0HW,TCGA-BRCA,0,patient_8,slide_8
/TCGA-BRCA/titan/TCGA-B6-A0I8-01Z-00-DX1.E576652B-C3F6-4A01-83BC-6DD154C75605.npy,TCGA-B6-A0I8-01Z-00-DX1.E576652B-C3F6-4A01-83BC-6DD154C75605,TCGA-B6-A0I8,TCGA-BRCA,0,patient_9,slide_9
/TCGA-BRCA/titan/TCGA-BH-A18M-01Z-00-DX1.56E6935A-62CB-4CBE-BDCA-60DA56422CE0.npy,TCGA-BH-A18M-01Z-00-DX1.56E6935A-62CB-4CBE-BDCA-60DA56422CE0,TCGA-BH-A18M,TCGA-BRCA,0,patient_10,slide_10
/TCGA-BRCA/titan/TCGA-A8-A08H-01Z-00-DX1.6AA6A530-3BD3-4582-9D6B-8AE3B4A73948.npy,TCGA-A8-A08H-01Z-00-DX1.6AA6A530-3BD3-4582-9D6B-8AE3B4A73948,TCGA-A8-A08H,TCGA-BRCA,0,patient_11,slide_11
/TCGA-BRCA/titan/TCGA-AQ-A04L-01Z-00-DX1.F35BF4DD-896A-43C2-8DA6-C67945C003BE.npy,TCGA-AQ-A04L-01Z-00-DX1.F35BF4DD-896A-43C2-8DA6-C67945C003BE,TCGA-AQ-A04L,TCGA-BRCA,0,patient_12,slide_12
/TCGA-BRCA/titan/TCGA-E2-A1LE-01Z-00-DX1.22856B2A-FBAA-4530-AEEC-E8F77BDA7F7F.npy,TCGA-E2-A1LE-01Z-00-DX1.22856B2A-FBAA-4530-AEEC-E8F77BDA7F7F,TCGA-E2-A1LE,TCGA-BRCA,0,patient_13,slide_13
/TCGA-BRCA/titan/TCGA-C8-A275-01Z-00-DX1.44D27E67-4DD6-4893-B38A-01E48F5A358A.npy,TCGA-C8-A275-01Z-00-DX1.44D27E67-4DD6-4893-B38A-01E48F5A358A,TCGA-C8-A275,TCGA-BRCA,0,patient_14,slide_14
/TCGA-BRCA/titan/TCGA-EW-A1PH-01Z-00-DX1.77e0f907-fe59-4dc2-b582-6f10330a9c01.npy,TCGA-EW-A1PH-01Z-00-DX1.77e0f907-fe59-4dc2-b582-6f10330a9c01,TCGA-EW-A1PH,TCGA-BRCA,0,patient_15,slide_15
/TCGA-BRCA/titan/TCGA-E2-A1L7-01Z-00-DX1.BE796CD2-2E81-44E8-8CA2-85B4D2A31B64.npy,TCGA-E2-A1L7-01Z-00-DX1.BE796CD2-2E81-44E8-8CA2-85B4D2A31B64,TCGA-E2-A1L7,TCGA-BRCA,0,patient_16,slide_16
/TCGA-BRCA/titan/TCGA-A7-A0CH-01Z-00-DX2.81DDF423-FCA8-46CA-83A4-2E80B611844D.npy,TCGA-A7-A0CH-01Z-00-DX2.81DDF423-FCA8-46CA-83A4-2E80B611844D,TCGA-A7-A0CH,TCGA-BRCA,0,patient_17,slide_17
/TCGA-BRCA/titan/TCGA-A7-A0CH-01Z-00-DX1.48ADDD0B-527A-404C-B794-7D7D35BF861F.npy,TCGA-A7-A0CH-01Z-00-DX1.48ADDD0B-527A-404C-B794-7D7D35BF861F,TCGA-A7-A0CH,TCGA-BRCA,0,patient_17,slide_18
/TCGA-BRCA/titan/TCGA-E2-A14W-01Z-00-DX1.2AF665A9-F582-4C41-B2B8-1982648CDEC7.npy,TCGA-E2-A14W-01Z-00-DX1.2AF665A9-F582-4C41-B2B8-1982648CDEC7,TCGA-E2-A14W,TCGA-BRCA,0,patient_18,slide_19
/TCGA-BRCA/titan/TCGA-A2-A0EP-01Z-00-DX1.1180C406-5C18-4373-8621-1B7B70875113.npy,TCGA-A2-A0EP-01Z-00-DX1.1180C406-5C18-4373-8621-1B7B70875113,TCGA-A2-A0EP,TCGA-BRCA,1,patient_19,slide_20
/TCGA-BRCA/titan/TCGA-AO-A03N-01Z-00-DX1.79A8816D-961F-4D79-90B4-341919297A90.npy,TCGA-AO-A03N-01Z-00-DX1.79A8816D-961F-4D79-90B4-341919297A90,TCGA-AO-A03N,TCGA-BRCA,0,patient_20,slide_21
/TCGA-BRCA/titan/TCGA-PL-A8LY-01A-02-DX2.6F9520F1-3210-4A96-81C2-A14424F650D1.npy,TCGA-PL-A8LY-01A-02-DX2.6F9520F1-3210-4A96-81C2-A14424F650D1,TCGA-PL-A8LY,TCGA-BRCA,0,patient_21,slide_22
/TCGA-BRCA/titan/TCGA-PL-A8LY-01A-01-DX1.32047D5E-8A42-480A-B2B8-A56B47B949FD.npy,TCGA-PL-A8LY-01A-01-DX1.32047D5E-8A42-480A-B2B8-A56B47B949FD,TCGA-PL-A8LY,TCGA-BRCA,0,patient_21,slide_23
/TCGA-BRCA/titan/TCGA-A7-A6VY-01Z-00-DX1.38D4EBD7-40B0-4EE3-960A-1F00E8F83ADB.npy,TCGA-A7-A6VY-01Z-00-DX1.38D4EBD7-40B0-4EE3-960A-1F00E8F83ADB,TCGA-A7-A6VY,TCGA-BRCA,0,patient_22,slide_24
/TCGA-BRCA/titan/TCGA-BH-A0E2-01Z-00-DX1.5F6FA19C-D59F-45BE-80CE-F738CAB1EF0B.npy,TCGA-BH-A0E2-01Z-00-DX1.5F6FA19C-D59F-45BE-80CE-F738CAB1EF0B,TCGA-BH-A0E2,TCGA-BRCA,0,patient_23,slide_25
/TCGA-BRCA/titan/TCGA-S3-AA15-01Z-00-DX1.A2456A4A-E6E8-4429-8F09-B997AA497BB0.npy,TCGA-S3-AA15-01Z-00-DX1.A2456A4A-E6E8-4429-8F09-B997AA497BB0,TCGA-S3-AA15,TCGA-BRCA,0,patient_24,slide_26
/TCGA-BRCA/titan/TCGA-S3-AA15-01Z-00-DX2.915A4F90-25CB-4535-99C7-D0D0CFC90412.npy,TCGA-S3-AA15-01Z-00-DX2.915A4F90-25CB-4535-99C7-D0D0CFC90412,TCGA-S3-AA15,TCGA-BRCA,0,patient_24,slide_27
/TCGA-BRCA/titan/TCGA-BH-A18J-01Z-00-DX1.AE20ADB6-050C-405D-BF17-1EE4A1A4979A.npy,TCGA-BH-A18J-01Z-00-DX1.AE20ADB6-050C-405D-BF17-1EE4A1A4979A,TCGA-BH-A18J,TCGA-BRCA,0,patient_25,slide_28
/TCGA-BRCA/titan/TCGA-D8-A1XQ-01Z-00-DX1.1A17A5C7-F14B-4AD2-AD5F-D3400D86A366.npy,TCGA-D8-A1XQ-01Z-00-DX1.1A17A5C7-F14B-4AD2-AD5F-D3400D86A366,TCGA-D8-A1XQ,TCGA-BRCA,0,patient_26,slide_29
/TCGA-BRCA/titan/TCGA-E9-A3X8-01Z-00-DX1.D1532F80-F5F8-47AF-8A1B-B59E345F5D70.npy,TCGA-E9-A3X8-01Z-00-DX1.D1532F80-F5F8-47AF-8A1B-B59E345F5D70,TCGA-E9-A3X8,TCGA-BRCA,1,patient_27,slide_30
/TCGA-BRCA/titan/TCGA-B6-A0WY-01Z-00-DX1.FA103E02-3BDC-47DC-BA6E-59FCC58866D1.npy,TCGA-B6-A0WY-01Z-00-DX1.FA103E02-3BDC-47DC-BA6E-59FCC58866D1,TCGA-B6-A0WY,TCGA-BRCA,0,patient_28,slide_31
/TCGA-BRCA/titan/TCGA-A2-A0T3-01Z-00-DX1.5E96BC87-F4FB-4ABA-8D81-FAB7F4A80661.npy,TCGA-A2-A0T3-01Z-00-DX1.5E96BC87-F4FB-4ABA-8D81-FAB7F4A80661,TCGA-A2-A0T3,TCGA-BRCA,0,patient_29,slide_32
/TCGA-BRCA/titan/TCGA-B6-A0IQ-01Z-00-DX1.662EA039-825E-41FF-91D6-021EB0E099BD.npy,TCGA-B6-A0IQ-01Z-00-DX1.662EA039-825E-41FF-91D6-021EB0E099BD,TCGA-B6-A0IQ,TCGA-BRCA,0,patient_30,slide_33
/TCGA-BRCA/titan/TCGA-AR-A24H-01Z-00-DX1.5CFC7E16-3F38-4531-968C-A4E4C9D00659.npy,TCGA-AR-A24H-01Z-00-DX1.5CFC7E16-3F38-4531-968C-A4E4C9D00659,TCGA-AR-A24H,TCGA-BRCA,1,patient_31,slide_34
/TCGA-BRCA/titan/TCGA-B6-A0RT-01Z-00-DX1.6C2BA663-D61B-404B-B62C-B81747B6A3AC.npy,TCGA-B6-A0RT-01Z-00-DX1.6C2BA663-D61B-404B-B62C-B81747B6A3AC,TCGA-B6-A0RT,TCGA-BRCA,0,patient_32,slide_35
/TCGA-BRCA/titan/TCGA-A1-A0SD-01Z-00-DX1.DB17BFA9-D951-42A8-91D2-F4C2EBC6EB9F.npy,TCGA-A1-A0SD-01Z-00-DX1.DB17BFA9-D951-42A8-91D2-F4C2EBC6EB9F,TCGA-A1-A0SD,TCGA-BRCA,0,patient_33,slide_36
/TCGA-BRCA/titan/TCGA-A8-A07G-01Z-00-DX1.37E8A762-8141-4BE6-935A-B3DCB712BB4A.npy,TCGA-A8-A07G-01Z-00-DX1.37E8A762-8141-4BE6-935A-B3DCB712BB4A,TCGA-A8-A07G,TCGA-BRCA,0,patient_34,slide_37
/TCGA-BRCA/titan/TCGA-AC-A7VC-01Z-00-DX1.EB247544-EADE-419C-B7A7-BB9CC978336F.npy,TCGA-AC-A7VC-01Z-00-DX1.EB247544-EADE-419C-B7A7-BB9CC978336F,TCGA-AC-A7VC,TCGA-BRCA,0,patient_35,slide_38
/TCGA-BRCA/titan/TCGA-A8-A08I-01Z-00-DX1.96A0065E-5430-40F6-835E-1A7238A79DDA.npy,TCGA-A8-A08I-01Z-00-DX1.96A0065E-5430-40F6-835E-1A7238A79DDA,TCGA-A8-A08I,TCGA-BRCA,0,patient_36,slide_39
/TCGA-BRCA/titan/TCGA-AN-A03Y-01Z-00-DX1.074C48E5-ED69-40AE-8709-444898122BF4.npy,TCGA-AN-A03Y-01Z-00-DX1.074C48E5-ED69-40AE-8709-444898122BF4,TCGA-AN-A03Y,TCGA-BRCA,0,patient_37,slide_40
/TCGA-BRCA/titan/TCGA-A8-A09Z-01Z-00-DX1.D56497BE-5099-4537-9600-60F3213F7BF5.npy,TCGA-A8-A09Z-01Z-00-DX1.D56497BE-5099-4537-9600-60F3213F7BF5,TCGA-A8-A09Z,TCGA-BRCA,1,patient_38,slide_41
/TCGA-BRCA/titan/TCGA-GI-A2C9-01Z-00-DX1.90181423-51ED-41FE-9B8F-973A67793D4F.npy,TCGA-GI-A2C9-01Z-00-DX1.90181423-51ED-41FE-9B8F-973A67793D4F,TCGA-GI-A2C9,TCGA-BRCA,0,patient_39,slide_42
/TCGA-BRCA/titan/TCGA-AC-A3W6-01Z-00-DX1.88CC534C-F032-4E5D-9CC4-4BB50AA46880.npy,TCGA-AC-A3W6-01Z-00-DX1.88CC534C-F032-4E5D-9CC4-4BB50AA46880,TCGA-AC-A3W6,TCGA-BRCA,1,patient_40,slide_43
/TCGA-BRCA/titan/TCGA-A8-A0A9-01Z-00-DX1.16524DDD-539D-4E47-9A8F-1B910D4FEC2D.npy,TCGA-A8-A0A9-01Z-00-DX1.16524DDD-539D-4E47-9A8F-1B910D4FEC2D,TCGA-A8-A0A9,TCGA-BRCA,0,patient_41,slide_44
/TCGA-BRCA/titan/TCGA-AO-A12E-01Z-00-DX1.F2797928-26EC-4B28-BC50-432EB380624B.npy,TCGA-AO-A12E-01Z-00-DX1.F2797928-26EC-4B28-BC50-432EB380624B,TCGA-AO-A12E,TCGA-BRCA,1,patient_42,slide_45
/TCGA-BRCA/titan/TCGA-XX-A899-01Z-00-DX1.08FE27B7-73B8-4CE3-ACF4-0689C81C140B.npy,TCGA-XX-A899-01Z-00-DX1.08FE27B7-73B8-4CE3-ACF4-0689C81C140B,TCGA-XX-A899,TCGA-BRCA,1,patient_43,slide_46
/TCGA-BRCA/titan/TCGA-A8-A079-01Z-00-DX1.DC32BC20-A3BC-43B3-B69F-1E71E289EA34.npy,TCGA-A8-A079-01Z-00-DX1.DC32BC20-A3BC-43B3-B69F-1E71E289EA34,TCGA-A8-A079,TCGA-BRCA,0,patient_44,slide_47
/TCGA-BRCA/titan/TCGA-EW-A6SA-01Z-00-DX1.DE032DD7-169D-4AA2-A4E0-1EFC158431FA.npy,TCGA-EW-A6SA-01Z-00-DX1.DE032DD7-169D-4AA2-A4E0-1EFC158431FA,TCGA-EW-A6SA,TCGA-BRCA,0,patient_45,slide_48
/TCGA-BRCA/titan/TCGA-A2-A3XT-01Z-00-DX1.336D6C78-576A-481B-8C83-F3A0FC4B182C.npy,TCGA-A2-A3XT-01Z-00-DX1.336D6C78-576A-481B-8C83-F3A0FC4B182C,TCGA-A2-A3XT,TCGA-BRCA,0,patient_46,slide_49
/TCGA-BRCA/titan/TCGA-A8-A06T-01Z-00-DX1.BA8B8FC3-6169-48C1-BE1F-37F140CB4D3B.npy,TCGA-A8-A06T-01Z-00-DX1.BA8B8FC3-6169-48C1-BE1F-37F140CB4D3B,TCGA-A8-A06T,TCGA-BRCA,0,patient_47,slide_50
/TCGA-BRCA/titan/TCGA-E2-A155-01Z-00-DX1.A5AF232A-61BB-4FDC-ABF9-2FE9BA461BDC.npy,TCGA-E2-A155-01Z-00-DX1.A5AF232A-61BB-4FDC-ABF9-2FE9BA461BDC,TCGA-E2-A155,TCGA-BRCA,0,patient_48,slide_51
/TCGA-BRCA/titan/TCGA-OL-A5D7-01Z-00-DX1.A4A45393-9AE1-4370-8B92-CB85CDB04934.npy,TCGA-OL-A5D7-01Z-00-DX1.A4A45393-9AE1-4370-8B92-CB85CDB04934,TCGA-OL-A5D7,TCGA-BRCA,0,patient_49,slide_52
/TCGA-BRCA/titan/TCGA-BH-A1ET-01Z-00-DX1.05C126CD-CC10-44BF-9A68-6CDDE97272B2.npy,TCGA-BH-A1ET-01Z-00-DX1.05C126CD-CC10-44BF-9A68-6CDDE97272B2,TCGA-BH-A1ET,TCGA-BRCA,0,patient_50,slide_53
/TCGA-BRCA/titan/TCGA-E2-A14S-01Z-00-DX1.5C332E99-7296-473A-9917-7EFC38A8251D.npy,TCGA-E2-A14S-01Z-00-DX1.5C332E99-7296-473A-9917-7EFC38A8251D,TCGA-E2-A14S,TCGA-BRCA,0,patient_51,slide_54
/TCGA-BRCA/titan/TCGA-BH-A1FH-01Z-00-DX1.F90A691F-B6DB-4C4A-9975-9A2CB01F29E2.npy,TCGA-BH-A1FH-01Z-00-DX1.F90A691F-B6DB-4C4A-9975-9A2CB01F29E2,TCGA-BH-A1FH,TCGA-BRCA,0,patient_52,slide_55
/TCGA-BRCA/titan/TCGA-E2-A1II-01Z-00-DX1.7F782477-0F92-4C57-8735-A1E3F95A6B94.npy,TCGA-E2-A1II-01Z-00-DX1.7F782477-0F92-4C57-8735-A1E3F95A6B94,TCGA-E2-A1II,TCGA-BRCA,0,patient_53,slide_56
/TCGA-BRCA/titan/TCGA-A8-A09V-01Z-00-DX1.2D6731CA-5712-4EB8-8602-E53301BF4238.npy,TCGA-A8-A09V-01Z-00-DX1.2D6731CA-5712-4EB8-8602-E53301BF4238,TCGA-A8-A09V,TCGA-BRCA,1,patient_54,slide_57
/TCGA-BRCA/titan/TCGA-A7-A0DB-01Z-00-DX2.6C6A5F9C-294F-4A86-A0F1-B68D4729B535.npy,TCGA-A7-A0DB-01Z-00-DX2.6C6A5F9C-294F-4A86-A0F1-B68D4729B535,TCGA-A7-A0DB,TCGA-BRCA,0,patient_55,slide_58
/TCGA-BRCA/titan/TCGA-A7-A0DB-01Z-00-DX1.9CE855BC-0C37-43FB-8806-6625E176BE2E.npy,TCGA-A7-A0DB-01Z-00-DX1.9CE855BC-0C37-43FB-8806-6625E176BE2E,TCGA-A7-A0DB,TCGA-BRCA,0,patient_55,slide_59
/TCGA-BRCA/titan/TCGA-D8-A1Y0-01Z-00-DX2.7C25E941-12A6-46CE-B1A5-488D08E35684.npy,TCGA-D8-A1Y0-01Z-00-DX2.7C25E941-12A6-46CE-B1A5-488D08E35684,TCGA-D8-A1Y0,TCGA-BRCA,0,patient_56,slide_60
/TCGA-BRCA/titan/TCGA-D8-A1Y0-01Z-00-DX1.10F40197-4174-43CC-AAD3-8CB85154FB2D.npy,TCGA-D8-A1Y0-01Z-00-DX1.10F40197-4174-43CC-AAD3-8CB85154FB2D,TCGA-D8-A1Y0,TCGA-BRCA,0,patient_56,slide_61
/TCGA-BRCA/titan/TCGA-E9-A1R2-01Z-00-DX1.5529C856-4F4F-4F17-94A2-5CEF94A940EB.npy,TCGA-E9-A1R2-01Z-00-DX1.5529C856-4F4F-4F17-94A2-5CEF94A940EB,TCGA-E9-A1R2,TCGA-BRCA,0,patient_57,slide_62
/TCGA-BRCA/titan/TCGA-BH-A0HX-01Z-00-DX1.44EBA39E-383D-4820-915E-4E5FDA1D43DA.npy,TCGA-BH-A0HX-01Z-00-DX1.44EBA39E-383D-4820-915E-4E5FDA1D43DA,TCGA-BH-A0HX,TCGA-BRCA,0,patient_58,slide_63
/TCGA-BRCA/titan/TCGA-E9-A1RH-01Z-00-DX1.CC9CEDCC-7BF2-4C96-A0F1-C98071DA2CD3.npy,TCGA-E9-A1RH-01Z-00-DX1.CC9CEDCC-7BF2-4C96-A0F1-C98071DA2CD3,TCGA-E9-A1RH,TCGA-BRCA,0,patient_59,slide_64
/TCGA-BRCA/titan/TCGA-AO-A03V-01Z-00-DX1.52EBCB72-0C65-4E67-B9BB-DA15494327DE.npy,TCGA-AO-A03V-01Z-00-DX1.52EBCB72-0C65-4E67-B9BB-DA15494327DE,TCGA-AO-A03V,TCGA-BRCA,0,patient_60,slide_65
/TCGA-BRCA/titan/TCGA-A2-A3XV-01Z-00-DX1.4B58B7CD-B3F6-4C31-863F-924D291EF17C.npy,TCGA-A2-A3XV-01Z-00-DX1.4B58B7CD-B3F6-4C31-863F-924D291EF17C,TCGA-A2-A3XV,TCGA-BRCA,0,patient_61,slide_66
/TCGA-BRCA/titan/TCGA-D8-A27F-01Z-00-DX1.C1A87F27-49F1-46BA-B2E2-A89293F7FD0C.npy,TCGA-D8-A27F-01Z-00-DX1.C1A87F27-49F1-46BA-B2E2-A89293F7FD0C,TCGA-D8-A27F,TCGA-BRCA,0,patient_62,slide_67
/TCGA-BRCA/titan/TCGA-B6-A0WZ-01Z-00-DX1.6CFB236E-36F5-43D6-8DE3-C4ECBD3C14C6.npy,TCGA-B6-A0WZ-01Z-00-DX1.6CFB236E-36F5-43D6-8DE3-C4ECBD3C14C6,TCGA-B6-A0WZ,TCGA-BRCA,0,patient_63,slide_68
/TCGA-BRCA/titan/TCGA-A2-A25C-01Z-00-DX1.F8E6044A-435E-42D5-94FF-C0F572F1ED99.npy,TCGA-A2-A25C-01Z-00-DX1.F8E6044A-435E-42D5-94FF-C0F572F1ED99,TCGA-A2-A25C,TCGA-BRCA,0,patient_64,slide_69
/TCGA-BRCA/titan/TCGA-BH-A0HK-01Z-00-DX1.019036F5-647A-4EC4-8479-F2C100291AEF.npy,TCGA-BH-A0HK-01Z-00-DX1.019036F5-647A-4EC4-8479-F2C100291AEF,TCGA-BH-A0HK,TCGA-BRCA,0,patient_65,slide_70
/TCGA-BRCA/titan/TCGA-A2-A3XX-01Z-00-DX1.03C6D70F-2833-4E97-91B7-DE70CD083D92.npy,TCGA-A2-A3XX-01Z-00-DX1.03C6D70F-2833-4E97-91B7-DE70CD083D92,TCGA-A2-A3XX,TCGA-BRCA,0,patient_66,slide_71
/TCGA-BRCA/titan/TCGA-C8-A12L-01Z-00-DX1.01863BE4-F4AB-45DE-894A-46544777C519.npy,TCGA-C8-A12L-01Z-00-DX1.01863BE4-F4AB-45DE-894A-46544777C519,TCGA-C8-A12L,TCGA-BRCA,0,patient_67,slide_72
/TCGA-BRCA/titan/TCGA-AR-A24L-01Z-00-DX1.218A0AE1-D070-4A16-A277-31185F10724D.npy,TCGA-AR-A24L-01Z-00-DX1.218A0AE1-D070-4A16-A277-31185F10724D,TCGA-AR-A24L,TCGA-BRCA,0,patient_68,slide_73
/TCGA-BRCA/titan/TCGA-BH-A1F2-01Z-00-DX1.17E2FD6F-0DCF-425B-864B-21ADCDAE734B.npy,TCGA-BH-A1F2-01Z-00-DX1.17E2FD6F-0DCF-425B-864B-21ADCDAE734B,TCGA-BH-A1F2,TCGA-BRCA,0,patient_69,slide_74
/TCGA-BRCA/titan/TCGA-A2-A0EU-01Z-00-DX1.13335BEB-63D4-469B-A389-8A079A096129.npy,TCGA-A2-A0EU-01Z-00-DX1.13335BEB-63D4-469B-A389-8A079A096129,TCGA-A2-A0EU,TCGA-BRCA,0,patient_70,slide_75
/TCGA-BRCA/titan/TCGA-A8-A09W-01Z-00-DX1.BF33B0F9-5786-4682-B59E-DCBD33D7BB03.npy,TCGA-A8-A09W-01Z-00-DX1.BF33B0F9-5786-4682-B59E-DCBD33D7BB03,TCGA-A8-A09W,TCGA-BRCA,1,patient_71,slide_76
/TCGA-BRCA/titan/TCGA-E2-A1IE-01Z-00-DX1.D6BF29A7-4FBD-4F7D-B093-991FA0F49FE8.npy,TCGA-E2-A1IE-01Z-00-DX1.D6BF29A7-4FBD-4F7D-B093-991FA0F49FE8,TCGA-E2-A1IE,TCGA-BRCA,0,patient_72,slide_77
/TCGA-BRCA/titan/TCGA-AR-A0TY-01Z-00-DX1.089EB6B4-9921-441D-84F3-C64C97AFC3B4.npy,TCGA-AR-A0TY-01Z-00-DX1.089EB6B4-9921-441D-84F3-C64C97AFC3B4,TCGA-AR-A0TY,TCGA-BRCA,0,patient_73,slide_78
/TCGA-BRCA/titan/TCGA-PL-A8LX-01A-01-DX1.9646D69F-A764-4246-9243-67A63006DE96.npy,TCGA-PL-A8LX-01A-01-DX1.9646D69F-A764-4246-9243-67A63006DE96,TCGA-PL-A8LX,TCGA-BRCA,0,patient_74,slide_79
/TCGA-BRCA/titan/TCGA-PL-A8LX-01A-02-DX2.84DA8B75-1196-4704-B6B2-C5E7BF645E95.npy,TCGA-PL-A8LX-01A-02-DX2.84DA8B75-1196-4704-B6B2-C5E7BF645E95,TCGA-PL-A8LX,TCGA-BRCA,0,patient_74,slide_80
/TCGA-BRCA/titan/TCGA-AR-A0U2-01Z-00-DX1.03E2ADD9-F20F-44DA-93D1-D10BBD3844A5.npy,TCGA-AR-A0U2-01Z-00-DX1.03E2ADD9-F20F-44DA-93D1-D10BBD3844A5,TCGA-AR-A0U2,TCGA-BRCA,0,patient_75,slide_81
/TCGA-BRCA/titan/TCGA-BH-A2L8-01Z-00-DX1.ACA51CA9-3C38-48A6-B4A9-C12FFAB9AB56.npy,TCGA-BH-A2L8-01Z-00-DX1.ACA51CA9-3C38-48A6-B4A9-C12FFAB9AB56,TCGA-BH-A2L8,TCGA-BRCA,1,patient_76,slide_82
/TCGA-BRCA/titan/TCGA-E9-A1ND-01Z-00-DX1.5C2F5250-A3B2-4B97-9E11-56CF3C7CA2DB.npy,TCGA-E9-A1ND-01Z-00-DX1.5C2F5250-A3B2-4B97-9E11-56CF3C7CA2DB,TCGA-E9-A1ND,TCGA-BRCA,0,patient_77,slide_83
/TCGA-BRCA/titan/TCGA-AO-A03P-01Z-00-DX1.D34DA321-D8E3-4D68-BCE2-4A8B72B3D0AE.npy,TCGA-AO-A03P-01Z-00-DX1.D34DA321-D8E3-4D68-BCE2-4A8B72B3D0AE,TCGA-AO-A03P,TCGA-BRCA,0,patient_78,slide_84
/TCGA-BRCA/titan/TCGA-E2-A14O-01Z-00-DX1.432DB252-35D4-4B02-B0A7-39BF85A38F89.npy,TCGA-E2-A14O-01Z-00-DX1.432DB252-35D4-4B02-B0A7-39BF85A38F89,TCGA-E2-A14O,TCGA-BRCA,0,patient_79,slide_85
/TCGA-BRCA/titan/TCGA-WT-AB44-01Z-00-DX1.B6ECEA7C-DA26-4B34-88CE-6834631DFA35.npy,TCGA-WT-AB44-01Z-00-DX1.B6ECEA7C-DA26-4B34-88CE-6834631DFA35,TCGA-WT-AB44,TCGA-BRCA,1,patient_80,slide_86
/TCGA-BRCA/titan/TCGA-D8-A1JL-01Z-00-DX1.FE3F0C6B-F98A-4036-BF9A-25A8CC66B1FD.npy,TCGA-D8-A1JL-01Z-00-DX1.FE3F0C6B-F98A-4036-BF9A-25A8CC66B1FD,TCGA-D8-A1JL,TCGA-BRCA,0,patient_81,slide_87
/TCGA-BRCA/titan/TCGA-BH-A1F0-01Z-00-DX1.E1557A67-230A-4337-AEC8-158258A917FF.npy,TCGA-BH-A1F0-01Z-00-DX1.E1557A67-230A-4337-AEC8-158258A917FF,TCGA-BH-A1F0,TCGA-BRCA,0,patient_82,slide_88
/TCGA-BRCA/titan/TCGA-EW-A1IW-01Z-00-DX1.0DE87057-951F-4887-A2D5-485736D66E4E.npy,TCGA-EW-A1IW-01Z-00-DX1.0DE87057-951F-4887-A2D5-485736D66E4E,TCGA-EW-A1IW,TCGA-BRCA,1,patient_83,slide_89
/TCGA-BRCA/titan/TCGA-E2-A14U-01Z-00-DX1.F788A244-6C96-4CDC-AD9A-157DE951A723.npy,TCGA-E2-A14U-01Z-00-DX1.F788A244-6C96-4CDC-AD9A-157DE951A723,TCGA-E2-A14U,TCGA-BRCA,1,patient_84,slide_90
/TCGA-BRCA/titan/TCGA-A7-A13D-01Z-00-DX1.D206783C-FA6A-4B6A-B3AA-4132A2C9626B.npy,TCGA-A7-A13D-01Z-00-DX1.D206783C-FA6A-4B6A-B3AA-4132A2C9626B,TCGA-A7-A13D,TCGA-BRCA,0,patient_85,slide_91
/TCGA-BRCA/titan/TCGA-A7-A13D-01Z-00-DX2.8165A362-6A08-4BFD-9428-7EEB6C59D7F1.npy,TCGA-A7-A13D-01Z-00-DX2.8165A362-6A08-4BFD-9428-7EEB6C59D7F1,TCGA-A7-A13D,TCGA-BRCA,0,patient_85,slide_92
/TCGA-BRCA/titan/TCGA-BH-A0DV-01Z-00-DX1.2F0B5FB3-40F0-4D27-BFAC-390FB9A42B39.npy,TCGA-BH-A0DV-01Z-00-DX1.2F0B5FB3-40F0-4D27-BFAC-390FB9A42B39,TCGA-BH-A0DV,TCGA-BRCA,0,patient_86,slide_93
/TCGA-BRCA/titan/TCGA-C8-A1HN-01Z-00-DX1.7EBBEAB1-EBB7-456F-8848-AFE2263242B7.npy,TCGA-C8-A1HN-01Z-00-DX1.7EBBEAB1-EBB7-456F-8848-AFE2263242B7,TCGA-C8-A1HN,TCGA-BRCA,0,patient_87,slide_94
/TCGA-BRCA/titan/TCGA-A1-A0SN-01Z-00-DX1.5E9B85AE-AFB7-41DC-8A1B-BD6DA39B6540.npy,TCGA-A1-A0SN-01Z-00-DX1.5E9B85AE-AFB7-41DC-8A1B-BD6DA39B6540,TCGA-A1-A0SN,TCGA-BRCA,0,patient_88,slide_95
/TCGA-BRCA/titan/TCGA-A2-A0D4-01Z-00-DX1.35E43827-DABC-4685-A62A-333672923349.npy,TCGA-A2-A0D4-01Z-00-DX1.35E43827-DABC-4685-A62A-333672923349,TCGA-A2-A0D4,TCGA-BRCA,0,patient_89,slide_96
/TCGA-BRCA/titan/TCGA-D8-A1JU-01Z-00-DX1.355D93B4-E69E-417C-B3D1-3E1AAF1E02FE.npy,TCGA-D8-A1JU-01Z-00-DX1.355D93B4-E69E-417C-B3D1-3E1AAF1E02FE,TCGA-D8-A1JU,TCGA-BRCA,0,patient_90,slide_97
/TCGA-BRCA/titan/TCGA-A2-A0YD-01Z-00-DX1.B81FF541-F154-4C49-950B-B6CB723369E2.npy,TCGA-A2-A0YD-01Z-00-DX1.B81FF541-F154-4C49-950B-B6CB723369E2,TCGA-A2-A0YD,TCGA-BRCA,1,patient_91,slide_98
/TCGA-BRCA/titan/TCGA-BH-A208-01Z-00-DX1.C7A2885D-0535-4506-B06E-82BC62D6DFE9.npy,TCGA-BH-A208-01Z-00-DX1.C7A2885D-0535-4506-B06E-82BC62D6DFE9,TCGA-BH-A208,TCGA-BRCA,0,patient_92,slide_99
/TCGA-BRCA/titan/TCGA-E2-A1LK-01Z-00-DX1.5EBAA1F4-F1B4-4938-A51F-0246621BB0ED.npy,TCGA-E2-A1LK-01Z-00-DX1.5EBAA1F4-F1B4-4938-A51F-0246621BB0ED,TCGA-E2-A1LK,TCGA-BRCA,0,patient_93,slide_100
/TCGA-BRCA/titan/TCGA-BH-A0W5-01Z-00-DX1.84EA3913-667B-4694-A0F0-E629CAC615C8.npy,TCGA-BH-A0W5-01Z-00-DX1.84EA3913-667B-4694-A0F0-E629CAC615C8,TCGA-BH-A0W5,TCGA-BRCA,0,patient_94,slide_101
/TCGA-BRCA/titan/TCGA-EW-A2FS-01Z-00-DX1.A01C9183-2AC8-456A-B5A6-85C5BB0361D8.npy,TCGA-EW-A2FS-01Z-00-DX1.A01C9183-2AC8-456A-B5A6-85C5BB0361D8,TCGA-EW-A2FS,TCGA-BRCA,0,patient_95,slide_102
/TCGA-BRCA/titan/TCGA-A2-A0YJ-01Z-00-DX1.8135C74E-DAA8-4C8E-AF14-A4B5B57695BE.npy,TCGA-A2-A0YJ-01Z-00-DX1.8135C74E-DAA8-4C8E-AF14-A4B5B57695BE,TCGA-A2-A0YJ,TCGA-BRCA,0,patient_96,slide_103
/TCGA-BRCA/titan/TCGA-AC-A62X-01Z-00-DX1.36FDC9AA-4EBE-40E6-92C2-8471049171A4.npy,TCGA-AC-A62X-01Z-00-DX1.36FDC9AA-4EBE-40E6-92C2-8471049171A4,TCGA-AC-A62X,TCGA-BRCA,0,patient_97,slide_104
/TCGA-BRCA/titan/TCGA-AR-A24V-01Z-00-DX1.E749C2FE-E26B-4306-80B4-8269EEB23270.npy,TCGA-AR-A24V-01Z-00-DX1.E749C2FE-E26B-4306-80B4-8269EEB23270,TCGA-AR-A24V,TCGA-BRCA,0,patient_98,slide_105
/TCGA-BRCA/titan/TCGA-E9-A1NH-01Z-00-DX1.20FF11B7-DAF0-41C2-B7C5-449BA5268EC0.npy,TCGA-E9-A1NH-01Z-00-DX1.20FF11B7-DAF0-41C2-B7C5-449BA5268EC0,TCGA-E9-A1NH,TCGA-BRCA,0,patient_99,slide_106
/TCGA-BRCA/titan/TCGA-OL-A5D8-01Z-00-DX1.C0A75731-1DDC-4FAF-A2C5-2E2ECB23DC13.npy,TCGA-OL-A5D8-01Z-00-DX1.C0A75731-1DDC-4FAF-A2C5-2E2ECB23DC13,TCGA-OL-A5D8,TCGA-BRCA,0,patient_100,slide_107
/TCGA-BRCA/titan/TCGA-B6-A0X1-01Z-00-DX1.2A41630E-A8BF-4966-99F5-D5D8036B1759.npy,TCGA-B6-A0X1-01Z-00-DX1.2A41630E-A8BF-4966-99F5-D5D8036B1759,TCGA-B6-A0X1,TCGA-BRCA,0,patient_101,slide_108
/TCGA-BRCA/titan/TCGA-B6-A0IO-01Z-00-DX1.D8898C30-4016-4983-9359-5C1507C01715.npy,TCGA-B6-A0IO-01Z-00-DX1.D8898C30-4016-4983-9359-5C1507C01715,TCGA-B6-A0IO,TCGA-BRCA,0,patient_102,slide_109
/TCGA-BRCA/titan/TCGA-A2-A25A-01Z-00-DX1.6D311E39-9F96-4775-B9DA-8D034D1AD1DC.npy,TCGA-A2-A25A-01Z-00-DX1.6D311E39-9F96-4775-B9DA-8D034D1AD1DC,TCGA-A2-A25A,TCGA-BRCA,1,patient_103,slide_110
/TCGA-BRCA/titan/TCGA-LL-A5YN-01Z-00-DX1.F221939B-3680-4B95-93A9-BE8599550E87.npy,TCGA-LL-A5YN-01Z-00-DX1.F221939B-3680-4B95-93A9-BE8599550E87,TCGA-LL-A5YN,TCGA-BRCA,0,patient_104,slide_111
/TCGA-BRCA/titan/TCGA-B6-A0RE-01Z-00-DX1.8933BDB4-EF8D-41FA-9A50-05BB3AB976E5.npy,TCGA-B6-A0RE-01Z-00-DX1.8933BDB4-EF8D-41FA-9A50-05BB3AB976E5,TCGA-B6-A0RE,TCGA-BRCA,0,patient_105,slide_112
/TCGA-BRCA/titan/TCGA-PE-A5DD-01Z-00-DX1.E1EF11EC-B87B-49DE-A544-2E162F9AE789.npy,TCGA-PE-A5DD-01Z-00-DX1.E1EF11EC-B87B-49DE-A544-2E162F9AE789,TCGA-PE-A5DD,TCGA-BRCA,1,patient_106,slide_113
/TCGA-BRCA/titan/TCGA-A8-A06Y-01Z-00-DX1.3BC58446-524E-43F3-AAE6-FBC4AA543E66.npy,TCGA-A8-A06Y-01Z-00-DX1.3BC58446-524E-43F3-AAE6-FBC4AA543E66,TCGA-A8-A06Y,TCGA-BRCA,0,patient_107,slide_114
/TCGA-BRCA/titan/TCGA-AC-A3QQ-01Z-00-DX1.86463263-AB12-49FB-8967-D5FD1F7D221A.npy,TCGA-AC-A3QQ-01Z-00-DX1.86463263-AB12-49FB-8967-D5FD1F7D221A,TCGA-AC-A3QQ,TCGA-BRCA,1,patient_108,slide_115
/TCGA-BRCA/titan/TCGA-D8-A3Z5-01Z-00-DX2.6196B9FF-F09E-4D44-873D-E53BFB2BF4E1.npy,TCGA-D8-A3Z5-01Z-00-DX2.6196B9FF-F09E-4D44-873D-E53BFB2BF4E1,TCGA-D8-A3Z5,TCGA-BRCA,1,patient_109,slide_116
/TCGA-BRCA/titan/TCGA-D8-A3Z5-01Z-00-DX3.BB83C7D4-F795-47E7-9A5C-7DBF0EB7FDAA.npy,TCGA-D8-A3Z5-01Z-00-DX3.BB83C7D4-F795-47E7-9A5C-7DBF0EB7FDAA,TCGA-D8-A3Z5,TCGA-BRCA,1,patient_109,slide_117
/TCGA-BRCA/titan/TCGA-D8-A3Z5-01Z-00-DX1.4DBF937F-623C-4212-8493-ECE3C8F555E3.npy,TCGA-D8-A3Z5-01Z-00-DX1.4DBF937F-623C-4212-8493-ECE3C8F555E3,TCGA-D8-A3Z5,TCGA-BRCA,1,patient_109,slide_118
/TCGA-BRCA/titan/TCGA-AN-A0XP-01Z-00-DX1.A4EE3970-5C1F-482E-9AED-F1E3C52A776F.npy,TCGA-AN-A0XP-01Z-00-DX1.A4EE3970-5C1F-482E-9AED-F1E3C52A776F,TCGA-AN-A0XP,TCGA-BRCA,0,patient_110,slide_119
/TCGA-BRCA/titan/TCGA-A8-A07I-01Z-00-DX1.37E7BB2E-8210-4216-B75F-0FD06D6C9AE3.npy,TCGA-A8-A07I-01Z-00-DX1.37E7BB2E-8210-4216-B75F-0FD06D6C9AE3,TCGA-A8-A07I,TCGA-BRCA,0,patient_111,slide_120
/TCGA-BRCA/titan/TCGA-E9-A1R3-01Z-00-DX1.779642c7-b3b0-4ff2-af97-201d4bcfc197.npy,TCGA-E9-A1R3-01Z-00-DX1.779642c7-b3b0-4ff2-af97-201d4bcfc197,TCGA-E9-A1R3,TCGA-BRCA,0,patient_112,slide_121
/TCGA-BRCA/titan/TCGA-A2-A0CO-01Z-00-DX1.B191DADE-7DEA-4575-AED7-1C52BE15B8D5.npy,TCGA-A2-A0CO-01Z-00-DX1.B191DADE-7DEA-4575-AED7-1C52BE15B8D5,TCGA-A2-A0CO,TCGA-BRCA,1,patient_113,slide_122
/TCGA-BRCA/titan/TCGA-E9-A1RG-01Z-00-DX1.044C235A-75AE-4C7D-AC7F-56C8E64354AA.npy,TCGA-E9-A1RG-01Z-00-DX1.044C235A-75AE-4C7D-AC7F-56C8E64354AA,TCGA-E9-A1RG,TCGA-BRCA,0,patient_114,slide_123
/TCGA-BRCA/titan/TCGA-A7-A4SC-01Z-00-DX1.171E89D2-2D64-4C3F-A42C-B1167654858B.npy,TCGA-A7-A4SC-01Z-00-DX1.171E89D2-2D64-4C3F-A42C-B1167654858B,TCGA-A7-A4SC,TCGA-BRCA,1,patient_115,slide_124
/TCGA-BRCA/titan/TCGA-A7-A0CJ-01Z-00-DX1.E26F2F62-D688-4373-BB7B-790A06734E49.npy,TCGA-A7-A0CJ-01Z-00-DX1.E26F2F62-D688-4373-BB7B-790A06734E49,TCGA-A7-A0CJ,TCGA-BRCA,0,patient_116,slide_125
/TCGA-BRCA/titan/TCGA-A7-A0CJ-01Z-00-DX2.4B591117-5FC9-4B43-8A45-444CCCABC666.npy,TCGA-A7-A0CJ-01Z-00-DX2.4B591117-5FC9-4B43-8A45-444CCCABC666,TCGA-A7-A0CJ,TCGA-BRCA,0,patient_116,slide_126
/TCGA-BRCA/titan/TCGA-B6-A0IB-01Z-00-DX1.BAA1D655-1B80-49E2-B1EB-2ECC83DED989.npy,TCGA-B6-A0IB-01Z-00-DX1.BAA1D655-1B80-49E2-B1EB-2ECC83DED989,TCGA-B6-A0IB,TCGA-BRCA,0,patient_117,slide_127
/TCGA-BRCA/titan/TCGA-A8-A09X-01Z-00-DX1.17B5BE28-944F-427B-8F90-44885C3EDD36.npy,TCGA-A8-A09X-01Z-00-DX1.17B5BE28-944F-427B-8F90-44885C3EDD36,TCGA-A8-A09X,TCGA-BRCA,1,patient_118,slide_128
/TCGA-BRCA/titan/TCGA-BH-A0DI-01Z-00-DX1.6A42D535-8842-4C36-8299-A40E9E56759D.npy,TCGA-BH-A0DI-01Z-00-DX1.6A42D535-8842-4C36-8299-A40E9E56759D,TCGA-BH-A0DI,TCGA-BRCA,0,patient_119,slide_129
/TCGA-BRCA/titan/TCGA-A8-A086-01Z-00-DX1.E5FD8C53-2068-4018-B3C0-08EED253ACD2.npy,TCGA-A8-A086-01Z-00-DX1.E5FD8C53-2068-4018-B3C0-08EED253ACD2,TCGA-A8-A086,TCGA-BRCA,0,patient_120,slide_130
/TCGA-BRCA/titan/TCGA-A2-A3Y0-01Z-00-DX1.A1EDDF82-FFAA-44A4-A749-7FB6F8133CC0.npy,TCGA-A2-A3Y0-01Z-00-DX1.A1EDDF82-FFAA-44A4-A749-7FB6F8133CC0,TCGA-A2-A3Y0,TCGA-BRCA,0,patient_121,slide_131
/TCGA-BRCA/titan/TCGA-A2-A4RW-01Z-00-DX1.4AF8656E-2478-4895-8C59-B0C969F3E474.npy,TCGA-A2-A4RW-01Z-00-DX1.4AF8656E-2478-4895-8C59-B0C969F3E474,TCGA-A2-A4RW,TCGA-BRCA,1,patient_122,slide_132
/TCGA-BRCA/titan/TCGA-D8-A1XC-01Z-00-DX1.E7494388-838B-4D35-9CA1-77017CBE77F2.npy,TCGA-D8-A1XC-01Z-00-DX1.E7494388-838B-4D35-9CA1-77017CBE77F2,TCGA-D8-A1XC,TCGA-BRCA,0,patient_123,slide_133
/TCGA-BRCA/titan/TCGA-D8-A1XC-01Z-00-DX2.10BA8536-D6AF-460E-9796-EB77FFE3EF5B.npy,TCGA-D8-A1XC-01Z-00-DX2.10BA8536-D6AF-460E-9796-EB77FFE3EF5B,TCGA-D8-A1XC,TCGA-BRCA,0,patient_123,slide_134
/TCGA-BRCA/titan/TCGA-A7-A26I-01Z-00-DX1.0077D012-BC14-4E96-84F7-A1A6A3A778DF.npy,TCGA-A7-A26I-01Z-00-DX1.0077D012-BC14-4E96-84F7-A1A6A3A778DF,TCGA-A7-A26I,TCGA-BRCA,0,patient_124,slide_135
/TCGA-BRCA/titan/TCGA-A2-A0D0-01Z-00-DX1.4FF6B8E5-703B-400F-920A-104F56E0F874.npy,TCGA-A2-A0D0-01Z-00-DX1.4FF6B8E5-703B-400F-920A-104F56E0F874,TCGA-A2-A0D0,TCGA-BRCA,0,patient_125,slide_136
/TCGA-BRCA/titan/TCGA-EW-A1J6-01Z-00-DX1.F668E978-13B6-4284-9522-37C65C57A21A.npy,TCGA-EW-A1J6-01Z-00-DX1.F668E978-13B6-4284-9522-37C65C57A21A,TCGA-EW-A1J6,TCGA-BRCA,0,patient_126,slide_137
/TCGA-BRCA/titan/TCGA-PL-A8LZ-01A-01-DX1.B9F233EE-06DD-4C14-A392-D2937C7C0868.npy,TCGA-PL-A8LZ-01A-01-DX1.B9F233EE-06DD-4C14-A392-D2937C7C0868,TCGA-PL-A8LZ,TCGA-BRCA,0,patient_127,slide_138
/TCGA-BRCA/titan/TCGA-PL-A8LZ-01A-02-DX2.E2697718-12E1-4D7C-9ED8-0A71C6D855B8.npy,TCGA-PL-A8LZ-01A-02-DX2.E2697718-12E1-4D7C-9ED8-0A71C6D855B8,TCGA-PL-A8LZ,TCGA-BRCA,0,patient_127,slide_139
/TCGA-BRCA/titan/TCGA-PL-A8LZ-01A-03-DX3.E5D16DBF-CABD-4C96-A794-5F27BC305055.npy,TCGA-PL-A8LZ-01A-03-DX3.E5D16DBF-CABD-4C96-A794-5F27BC305055,TCGA-PL-A8LZ,TCGA-BRCA,0,patient_127,slide_140
/TCGA-BRCA/titan/TCGA-D8-A1XU-01Z-00-DX1.769DBC38-6F0D-425B-A904-79EBA1C119EF.npy,TCGA-D8-A1XU-01Z-00-DX1.769DBC38-6F0D-425B-A904-79EBA1C119EF,TCGA-D8-A1XU,TCGA-BRCA,0,patient_128,slide_141
/TCGA-BRCA/titan/TCGA-BH-A0W3-01Z-00-DX1.38DCA2B7-1A54-4FFA-BABA-29F80974BB17.npy,TCGA-BH-A0W3-01Z-00-DX1.38DCA2B7-1A54-4FFA-BABA-29F80974BB17,TCGA-BH-A0W3,TCGA-BRCA,0,patient_129,slide_142
/TCGA-BRCA/titan/TCGA-B6-A0RH-01Z-00-DX1.33DB5CF9-AC87-435B-A8AF-C4F84BEF15F1.npy,TCGA-B6-A0RH-01Z-00-DX1.33DB5CF9-AC87-435B-A8AF-C4F84BEF15F1,TCGA-B6-A0RH,TCGA-BRCA,0,patient_130,slide_143
/TCGA-BRCA/titan/TCGA-A8-A08A-01Z-00-DX1.3BB777A0-8652-4483-8DD6-8EB88AB0A8EF.npy,TCGA-A8-A08A-01Z-00-DX1.3BB777A0-8652-4483-8DD6-8EB88AB0A8EF,TCGA-A8-A08A,TCGA-BRCA,0,patient_131,slide_144
/TCGA-BRCA/titan/TCGA-BH-A0B0-01Z-00-DX1.316D35DB-7F13-4AE5-82A7-5716D2519669.npy,TCGA-BH-A0B0-01Z-00-DX1.316D35DB-7F13-4AE5-82A7-5716D2519669,TCGA-BH-A0B0,TCGA-BRCA,0,patient_132,slide_145
/TCGA-BRCA/titan/TCGA-LL-A740-01Z-00-DX1.757D94A5-EF0F-4A0E-99A9-8809B66438DA.npy,TCGA-LL-A740-01Z-00-DX1.757D94A5-EF0F-4A0E-99A9-8809B66438DA,TCGA-LL-A740,TCGA-BRCA,0,patient_133,slide_146
/TCGA-BRCA/titan/TCGA-A2-A3XU-01Z-00-DX1.174A92D4-50B2-4A59-AD31-D5EC5BBF2F65.npy,TCGA-A2-A3XU-01Z-00-DX1.174A92D4-50B2-4A59-AD31-D5EC5BBF2F65,TCGA-A2-A3XU,TCGA-BRCA,0,patient_134,slide_147
/TCGA-BRCA/titan/TCGA-AC-A8OQ-01Z-00-DX1.15946A44-711C-4765-AB46-5CFB7BD11E42.npy,TCGA-AC-A8OQ-01Z-00-DX1.15946A44-711C-4765-AB46-5CFB7BD11E42,TCGA-AC-A8OQ,TCGA-BRCA,0,patient_135,slide_148
/TCGA-BRCA/titan/TCGA-D8-A1X6-01Z-00-DX2.F36D68F2-70C3-4E0E-ABE6-6969170BA6DC.npy,TCGA-D8-A1X6-01Z-00-DX2.F36D68F2-70C3-4E0E-ABE6-6969170BA6DC,TCGA-D8-A1X6,TCGA-BRCA,0,patient_136,slide_149
/TCGA-BRCA/titan/TCGA-D8-A1X6-01Z-00-DX1.ABF237D4-708C-46A5-AEF8-58712E5DCC04.npy,TCGA-D8-A1X6-01Z-00-DX1.ABF237D4-708C-46A5-AEF8-58712E5DCC04,TCGA-D8-A1X6,TCGA-BRCA,0,patient_136,slide_150
/TCGA-BRCA/titan/TCGA-E2-A573-01Z-00-DX1.D6633BC2-524D-4153-952F-6B1D8D067370.npy,TCGA-E2-A573-01Z-00-DX1.D6633BC2-524D-4153-952F-6B1D8D067370,TCGA-E2-A573,TCGA-BRCA,0,patient_137,slide_151
/TCGA-BRCA/titan/TCGA-B6-A1KN-01Z-00-DX1.E769FD65-E5CE-4CA4-8BBE-6FC54A2ED870.npy,TCGA-B6-A1KN-01Z-00-DX1.E769FD65-E5CE-4CA4-8BBE-6FC54A2ED870,TCGA-B6-A1KN,TCGA-BRCA,0,patient_138,slide_152
/TCGA-BRCA/titan/TCGA-LL-A5YO-01Z-00-DX1.B5B6DFDB-1020-41FF-AA50-9C633E17DE5F.npy,TCGA-LL-A5YO-01Z-00-DX1.B5B6DFDB-1020-41FF-AA50-9C633E17DE5F,TCGA-LL-A5YO,TCGA-BRCA,0,patient_139,slide_153
/TCGA-BRCA/titan/TCGA-S3-AA14-01Z-00-DX1.000A865F-19E6-4018-9352-BFA54EF0CE31.npy,TCGA-S3-AA14-01Z-00-DX1.000A865F-19E6-4018-9352-BFA54EF0CE31,TCGA-S3-AA14,TCGA-BRCA,0,patient_140,slide_154
/TCGA-BRCA/titan/TCGA-AR-A0TS-01Z-00-DX1.2DB81A2E-16C1-4EE0-8175-65FA46768277.npy,TCGA-AR-A0TS-01Z-00-DX1.2DB81A2E-16C1-4EE0-8175-65FA46768277,TCGA-AR-A0TS,TCGA-BRCA,0,patient_141,slide_155
/TCGA-BRCA/titan/TCGA-BH-A0H7-01Z-00-DX1.21502FEA-DB37-4630-BA42-778DDF3A6D17.npy,TCGA-BH-A0H7-01Z-00-DX1.21502FEA-DB37-4630-BA42-778DDF3A6D17,TCGA-BH-A0H7,TCGA-BRCA,0,patient_142,slide_156
/TCGA-BRCA/titan/TCGA-AR-A2LQ-01Z-00-DX1.2F579E62-69A8-40F4-A516-542C7C808628.npy,TCGA-AR-A2LQ-01Z-00-DX1.2F579E62-69A8-40F4-A516-542C7C808628,TCGA-AR-A2LQ,TCGA-BRCA,1,patient_143,slide_157
/TCGA-BRCA/titan/TCGA-AO-A1KO-01Z-00-DX1.EEB5E0A0-92B2-42CD-9F7A-00E9250B561F.npy,TCGA-AO-A1KO-01Z-00-DX1.EEB5E0A0-92B2-42CD-9F7A-00E9250B561F,TCGA-AO-A1KO,TCGA-BRCA,1,patient_144,slide_158
/TCGA-BRCA/titan/TCGA-D8-A1XV-01Z-00-DX2.D1988E01-5FDC-4F50-8183-F0CCE74D0CB2.npy,TCGA-D8-A1XV-01Z-00-DX2.D1988E01-5FDC-4F50-8183-F0CCE74D0CB2,TCGA-D8-A1XV,TCGA-BRCA,0,patient_145,slide_159
/TCGA-BRCA/titan/TCGA-D8-A1XV-01Z-00-DX1.D0D78B02-2A0D-4107-8083-D2FE1D3F1207.npy,TCGA-D8-A1XV-01Z-00-DX1.D0D78B02-2A0D-4107-8083-D2FE1D3F1207,TCGA-D8-A1XV,TCGA-BRCA,0,patient_145,slide_160
/TCGA-BRCA/titan/TCGA-E2-A15D-01Z-00-DX1.AA5AF847-3635-4BAF-AAC3-BADB4A1B2CB1.npy,TCGA-E2-A15D-01Z-00-DX1.AA5AF847-3635-4BAF-AAC3-BADB4A1B2CB1,TCGA-E2-A15D,TCGA-BRCA,0,patient_146,slide_161
/TCGA-BRCA/titan/TCGA-D8-A1X5-01Z-00-DX2.E4D28EE2-9C87-4613-BD2E-89FBEF960DEE.npy,TCGA-D8-A1X5-01Z-00-DX2.E4D28EE2-9C87-4613-BD2E-89FBEF960DEE,TCGA-D8-A1X5,TCGA-BRCA,0,patient_147,slide_162
/TCGA-BRCA/titan/TCGA-D8-A1X5-01Z-00-DX1.81B10B43-0D99-44D0-A245-D652041B8FEE.npy,TCGA-D8-A1X5-01Z-00-DX1.81B10B43-0D99-44D0-A245-D652041B8FEE,TCGA-D8-A1X5,TCGA-BRCA,0,patient_147,slide_163
/TCGA-BRCA/titan/TCGA-A2-A0CQ-01Z-00-DX1.4E5FB4E5-A08C-4C87-A3BE-0640A95AE649.npy,TCGA-A2-A0CQ-01Z-00-DX1.4E5FB4E5-A08C-4C87-A3BE-0640A95AE649,TCGA-A2-A0CQ,TCGA-BRCA,0,patient_148,slide_164
/TCGA-BRCA/titan/TCGA-A7-A13G-01Z-00-DX2.72EF429E-75A7-4D1B-AFFC-8767CB213CDA.npy,TCGA-A7-A13G-01Z-00-DX2.72EF429E-75A7-4D1B-AFFC-8767CB213CDA,TCGA-A7-A13G,TCGA-BRCA,0,patient_149,slide_165
/TCGA-BRCA/titan/TCGA-A7-A13G-01Z-00-DX1.C258C545-8C1F-41D4-846F-962A746CBDFB.npy,TCGA-A7-A13G-01Z-00-DX1.C258C545-8C1F-41D4-846F-962A746CBDFB,TCGA-A7-A13G,TCGA-BRCA,0,patient_149,slide_166
/TCGA-BRCA/titan/TCGA-E2-A1LG-01Z-00-DX1.8ff0fdd8-e5d5-4ff8-8707-4a760aaa5d36.npy,TCGA-E2-A1LG-01Z-00-DX1.8ff0fdd8-e5d5-4ff8-8707-4a760aaa5d36,TCGA-E2-A1LG,TCGA-BRCA,1,patient_150,slide_167
/TCGA-BRCA/titan/TCGA-E2-A15P-01Z-00-DX1.4C7F95DC-B319-4A78-8F34-8CB9166EA6A8.npy,TCGA-E2-A15P-01Z-00-DX1.4C7F95DC-B319-4A78-8F34-8CB9166EA6A8,TCGA-E2-A15P,TCGA-BRCA,0,patient_151,slide_168
/TCGA-BRCA/titan/TCGA-AR-A1AS-01Z-00-DX1.72979519-0A90-42AD-9F23-1991F75C8CE7.npy,TCGA-AR-A1AS-01Z-00-DX1.72979519-0A90-42AD-9F23-1991F75C8CE7,TCGA-AR-A1AS,TCGA-BRCA,0,patient_152,slide_169
/TCGA-BRCA/titan/TCGA-E9-A22H-01Z-00-DX1.0ee39fd1-b077-40ea-bd0d-8a3db474fdd5.npy,TCGA-E9-A22H-01Z-00-DX1.0ee39fd1-b077-40ea-bd0d-8a3db474fdd5,TCGA-E9-A22H,TCGA-BRCA,0,patient_153,slide_170
/TCGA-BRCA/titan/TCGA-BH-A0B3-01Z-00-DX1.90CB0ED5-FBB7-4ABF-93A0-DD88D60D3D55.npy,TCGA-BH-A0B3-01Z-00-DX1.90CB0ED5-FBB7-4ABF-93A0-DD88D60D3D55,TCGA-BH-A0B3,TCGA-BRCA,0,patient_154,slide_171
/TCGA-BRCA/titan/TCGA-E2-A154-01Z-00-DX1.01FC9B1A-8ECD-4467-9EDD-0B02E4AEEF72.npy,TCGA-E2-A154-01Z-00-DX1.01FC9B1A-8ECD-4467-9EDD-0B02E4AEEF72,TCGA-E2-A154,TCGA-BRCA,0,patient_155,slide_172
/TCGA-BRCA/titan/TCGA-E2-A152-01Z-00-DX1.B0860DEB-D34B-4C5D-97F5-C1C646437424.npy,TCGA-E2-A152-01Z-00-DX1.B0860DEB-D34B-4C5D-97F5-C1C646437424,TCGA-E2-A152,TCGA-BRCA,0,patient_156,slide_173
/TCGA-BRCA/titan/TCGA-A2-A4RX-01Z-00-DX1.E2C96C9D-5023-4F41-8CC8-24C6E015B252.npy,TCGA-A2-A4RX-01Z-00-DX1.E2C96C9D-5023-4F41-8CC8-24C6E015B252,TCGA-A2-A4RX,TCGA-BRCA,0,patient_157,slide_174
/TCGA-BRCA/titan/TCGA-A7-A6VX-01Z-00-DX2.9EE94B59-6A2C-4507-AA4F-DC6402F2B74F.npy,TCGA-A7-A6VX-01Z-00-DX2.9EE94B59-6A2C-4507-AA4F-DC6402F2B74F,TCGA-A7-A6VX,TCGA-BRCA,0,patient_158,slide_175
/TCGA-BRCA/titan/TCGA-A7-A6VX-01Z-00-DX1.F74DA243-C65A-4997-BCA0-F1C89675978C.npy,TCGA-A7-A6VX-01Z-00-DX1.F74DA243-C65A-4997-BCA0-F1C89675978C,TCGA-A7-A6VX,TCGA-BRCA,0,patient_158,slide_176
/TCGA-BRCA/titan/TCGA-AN-A0FX-01Z-00-DX1.C9656600-F823-4044-972B-7059B39FC539.npy,TCGA-AN-A0FX-01Z-00-DX1.C9656600-F823-4044-972B-7059B39FC539,TCGA-AN-A0FX,TCGA-BRCA,0,patient_159,slide_177
/TCGA-BRCA/titan/TCGA-OL-A5DA-01Z-00-DX1.1B1E9CC4-7B42-43BB-A1D7-A26F1D1F8557.npy,TCGA-OL-A5DA-01Z-00-DX1.1B1E9CC4-7B42-43BB-A1D7-A26F1D1F8557,TCGA-OL-A5DA,TCGA-BRCA,1,patient_160,slide_178
/TCGA-BRCA/titan/TCGA-E2-A10F-01Z-00-DX1.18F9324C-A38F-478E-95DF-B8E172D0DD07.npy,TCGA-E2-A10F-01Z-00-DX1.18F9324C-A38F-478E-95DF-B8E172D0DD07,TCGA-E2-A10F,TCGA-BRCA,1,patient_161,slide_179
/TCGA-BRCA/titan/TCGA-AO-A03T-01Z-00-DX1.8B75E203-6DC8-4AC9-A256-6FCB818DA0DD.npy,TCGA-AO-A03T-01Z-00-DX1.8B75E203-6DC8-4AC9-A256-6FCB818DA0DD,TCGA-AO-A03T,TCGA-BRCA,0,patient_162,slide_180
/TCGA-BRCA/titan/TCGA-E9-A1NG-01Z-00-DX1.30d2a611-21ad-4ba0-a03c-31f36ecb83d5.npy,TCGA-E9-A1NG-01Z-00-DX1.30d2a611-21ad-4ba0-a03c-31f36ecb83d5,TCGA-E9-A1NG,TCGA-BRCA,0,patient_163,slide_181
/TCGA-BRCA/titan/TCGA-OL-A5D6-01Z-00-DX1.6B11331B-4A0D-4E13-B054-A5C7A6FC3AAC.npy,TCGA-OL-A5D6-01Z-00-DX1.6B11331B-4A0D-4E13-B054-A5C7A6FC3AAC,TCGA-OL-A5D6,TCGA-BRCA,0,patient_164,slide_182
/TCGA-BRCA/titan/TCGA-BH-A0E0-01Z-00-DX1.01E88024-83DF-4282-ABAF-F4E35807DA06.npy,TCGA-BH-A0E0-01Z-00-DX1.01E88024-83DF-4282-ABAF-F4E35807DA06,TCGA-BH-A0E0,TCGA-BRCA,0,patient_165,slide_183
/TCGA-BRCA/titan/TCGA-AC-A3OD-01Z-00-DX1.E19B311B-BAB1-4CE8-9421-B49D5BE4537E.npy,TCGA-AC-A3OD-01Z-00-DX1.E19B311B-BAB1-4CE8-9421-B49D5BE4537E,TCGA-AC-A3OD,TCGA-BRCA,1,patient_166,slide_184
/TCGA-BRCA/titan/TCGA-A8-A09N-01Z-00-DX1.A0E4EF10-5BFF-46A0-94C7-578EA3A88599.npy,TCGA-A8-A09N-01Z-00-DX1.A0E4EF10-5BFF-46A0-94C7-578EA3A88599,TCGA-A8-A09N,TCGA-BRCA,0,patient_167,slide_185
/TCGA-BRCA/titan/TCGA-D8-A1XG-01Z-00-DX1.0A58EF43-B97E-4111-8DC3-2F8D9BDBE7D6.npy,TCGA-D8-A1XG-01Z-00-DX1.0A58EF43-B97E-4111-8DC3-2F8D9BDBE7D6,TCGA-D8-A1XG,TCGA-BRCA,0,patient_168,slide_186
/TCGA-BRCA/titan/TCGA-A8-A085-01Z-00-DX1.0DA29016-AEA4-4E5F-B679-83095A79F5B3.npy,TCGA-A8-A085-01Z-00-DX1.0DA29016-AEA4-4E5F-B679-83095A79F5B3,TCGA-A8-A085,TCGA-BRCA,0,patient_169,slide_187
/TCGA-BRCA/titan/TCGA-A2-A0CZ-01Z-00-DX1.A433A414-4F1B-4F99-8FD9-E64803F5E042.npy,TCGA-A2-A0CZ-01Z-00-DX1.A433A414-4F1B-4F99-8FD9-E64803F5E042,TCGA-A2-A0CZ,TCGA-BRCA,0,patient_170,slide_188
/TCGA-BRCA/titan/TCGA-EW-A1IY-01Z-00-DX1.3FD00274-C2CD-491A-915B-23FD535A4723.npy,TCGA-EW-A1IY-01Z-00-DX1.3FD00274-C2CD-491A-915B-23FD535A4723,TCGA-EW-A1IY,TCGA-BRCA,0,patient_171,slide_189
/TCGA-BRCA/titan/TCGA-E9-A1RD-01Z-00-DX1.34083668-cbd2-4610-b857-d50ee9f3e5bd.npy,TCGA-E9-A1RD-01Z-00-DX1.34083668-cbd2-4610-b857-d50ee9f3e5bd,TCGA-E9-A1RD,TCGA-BRCA,0,patient_172,slide_190
/TCGA-BRCA/titan/TCGA-D8-A145-01Z-00-DX1.34D4EC27-7FD7-4BE2-95A4-CA521CB5590E.npy,TCGA-D8-A145-01Z-00-DX1.34D4EC27-7FD7-4BE2-95A4-CA521CB5590E,TCGA-D8-A145,TCGA-BRCA,0,patient_173,slide_191
/TCGA-BRCA/titan/TCGA-D8-A145-01Z-00-DX2.B834BF47-1CD6-45EA-BB88-D8ECE1FDDC6A.npy,TCGA-D8-A145-01Z-00-DX2.B834BF47-1CD6-45EA-BB88-D8ECE1FDDC6A,TCGA-D8-A145,TCGA-BRCA,0,patient_173,slide_192
/TCGA-BRCA/titan/TCGA-A2-A0CU-01Z-00-DX1.5B77D21C-A497-478B-9752-3730322AD9ED.npy,TCGA-A2-A0CU-01Z-00-DX1.5B77D21C-A497-478B-9752-3730322AD9ED,TCGA-A2-A0CU,TCGA-BRCA,0,patient_174,slide_193
/TCGA-BRCA/titan/TCGA-AN-A0FN-01Z-00-DX1.CAA3C2D0-7E74-48E5-ACB7-487434C7AAD2.npy,TCGA-AN-A0FN-01Z-00-DX1.CAA3C2D0-7E74-48E5-ACB7-487434C7AAD2,TCGA-AN-A0FN,TCGA-BRCA,1,patient_175,slide_194
/TCGA-BRCA/titan/TCGA-A7-A13H-01Z-00-DX2.6C937651-4D3E-475D-99F6-4A9FD25CD48B.npy,TCGA-A7-A13H-01Z-00-DX2.6C937651-4D3E-475D-99F6-4A9FD25CD48B,TCGA-A7-A13H,TCGA-BRCA,1,patient_176,slide_195
/TCGA-BRCA/titan/TCGA-A7-A13H-01Z-00-DX1.FCB33A3C-6209-474C-83C1-02551F242937.npy,TCGA-A7-A13H-01Z-00-DX1.FCB33A3C-6209-474C-83C1-02551F242937,TCGA-A7-A13H,TCGA-BRCA,1,patient_176,slide_196
/TCGA-BRCA/titan/TCGA-AC-A2FK-01Z-00-DX1.033F3C27-9860-4EF3-9330-37DE5EC45724.npy,TCGA-AC-A2FK-01Z-00-DX1.033F3C27-9860-4EF3-9330-37DE5EC45724,TCGA-AC-A2FK,TCGA-BRCA,1,patient_177,slide_197
/TCGA-BRCA/titan/TCGA-AR-A251-01Z-00-DX1.E91E357A-3AD4-4F79-A698-05F0B21A37EC.npy,TCGA-AR-A251-01Z-00-DX1.E91E357A-3AD4-4F79-A698-05F0B21A37EC,TCGA-AR-A251,TCGA-BRCA,0,patient_178,slide_198
/TCGA-BRCA/titan/TCGA-D8-A3Z6-01Z-00-DX3.66566DB7-661D-4002-90C1-B15BF3425903.npy,TCGA-D8-A3Z6-01Z-00-DX3.66566DB7-661D-4002-90C1-B15BF3425903,TCGA-D8-A3Z6,TCGA-BRCA,1,patient_179,slide_199
/TCGA-BRCA/titan/TCGA-D8-A3Z6-01Z-00-DX2.19C6AA07-5D58-46CD-91D0-90DD5CC84022.npy,TCGA-D8-A3Z6-01Z-00-DX2.19C6AA07-5D58-46CD-91D0-90DD5CC84022,TCGA-D8-A3Z6,TCGA-BRCA,1,patient_179,slide_200
/TCGA-BRCA/titan/TCGA-D8-A3Z6-01Z-00-DX1.4076A770-5901-4325-85C3-AF7B192272F5.npy,TCGA-D8-A3Z6-01Z-00-DX1.4076A770-5901-4325-85C3-AF7B192272F5,TCGA-D8-A3Z6,TCGA-BRCA,1,patient_179,slide_201
/TCGA-BRCA/titan/TCGA-AR-A1AQ-01Z-00-DX1.09D5D7FC-0FA8-4176-94B2-995F44D8ED4C.npy,TCGA-AR-A1AQ-01Z-00-DX1.09D5D7FC-0FA8-4176-94B2-995F44D8ED4C,TCGA-AR-A1AQ,TCGA-BRCA,0,patient_180,slide_202
/TCGA-BRCA/titan/TCGA-B6-A0RN-01Z-00-DX1.0D02A3FB-D694-4A5B-80C1-CF1469E29BFD.npy,TCGA-B6-A0RN-01Z-00-DX1.0D02A3FB-D694-4A5B-80C1-CF1469E29BFD,TCGA-B6-A0RN,TCGA-BRCA,0,patient_181,slide_203
/TCGA-BRCA/titan/TCGA-AR-A1AM-01Z-00-DX1.B3F006D9-9386-41E5-B0B1-B0832EE104A0.npy,TCGA-AR-A1AM-01Z-00-DX1.B3F006D9-9386-41E5-B0B1-B0832EE104A0,TCGA-AR-A1AM,TCGA-BRCA,1,patient_182,slide_204
/TCGA-BRCA/titan/TCGA-BH-A0BC-01Z-00-DX1.7A91831D-9625-49FC-B783-C633F80F898C.npy,TCGA-BH-A0BC-01Z-00-DX1.7A91831D-9625-49FC-B783-C633F80F898C,TCGA-BH-A0BC,TCGA-BRCA,0,patient_183,slide_205
/TCGA-BRCA/titan/TCGA-C8-A137-01Z-00-DX1.87F3775D-A401-4D5E-843F-8FB1D4BE97F8.npy,TCGA-C8-A137-01Z-00-DX1.87F3775D-A401-4D5E-843F-8FB1D4BE97F8,TCGA-C8-A137,TCGA-BRCA,0,patient_184,slide_206
/TCGA-BRCA/titan/TCGA-BH-A0GY-01Z-00-DX1.E1AEAA36-94FA-41ED-851F-7BB11DD3C06D.npy,TCGA-BH-A0GY-01Z-00-DX1.E1AEAA36-94FA-41ED-851F-7BB11DD3C06D,TCGA-BH-A0GY,TCGA-BRCA,0,patient_185,slide_207
/TCGA-BRCA/titan/TCGA-AR-A5QN-01Z-00-DX1.BF92AA24-3D44-4FFA-BCC0-CDB934EC3BBC.npy,TCGA-AR-A5QN-01Z-00-DX1.BF92AA24-3D44-4FFA-BCC0-CDB934EC3BBC,TCGA-AR-A5QN,TCGA-BRCA,1,patient_186,slide_208
/TCGA-BRCA/titan/TCGA-AN-A0AL-01Z-00-DX1.D9E446A3-175F-4242-AFC1-78FFE3FC9AC4.npy,TCGA-AN-A0AL-01Z-00-DX1.D9E446A3-175F-4242-AFC1-78FFE3FC9AC4,TCGA-AN-A0AL,TCGA-BRCA,0,patient_187,slide_209
/TCGA-BRCA/titan/TCGA-A2-A0SV-01Z-00-DX1.F5645E47-3540-4753-AF5D-F5709BD8DFC1.npy,TCGA-A2-A0SV-01Z-00-DX1.F5645E47-3540-4753-AF5D-F5709BD8DFC1,TCGA-A2-A0SV,TCGA-BRCA,0,patient_188,slide_210
/TCGA-BRCA/titan/TCGA-AO-A0J6-01Z-00-DX1.D0C003CE-E112-4375-953D-78404C9D62DA.npy,TCGA-AO-A0J6-01Z-00-DX1.D0C003CE-E112-4375-953D-78404C9D62DA,TCGA-AO-A0J6,TCGA-BRCA,0,patient_189,slide_211
/TCGA-BRCA/titan/TCGA-A7-A4SD-01Z-00-DX1.677152B3-17B2-42DB-AEEC-C9509ACCE831.npy,TCGA-A7-A4SD-01Z-00-DX1.677152B3-17B2-42DB-AEEC-C9509ACCE831,TCGA-A7-A4SD,TCGA-BRCA,0,patient_190,slide_212
/TCGA-BRCA/titan/TCGA-AR-A1AX-01Z-00-DX1.2389D54F-545E-499E-B392-DD731834460A.npy,TCGA-AR-A1AX-01Z-00-DX1.2389D54F-545E-499E-B392-DD731834460A,TCGA-AR-A1AX,TCGA-BRCA,0,patient_191,slide_213
/TCGA-BRCA/titan/TCGA-A2-A0T4-01Z-00-DX1.AC61ED08-2E42-4D4A-BB81-746D3FEBB653.npy,TCGA-A2-A0T4-01Z-00-DX1.AC61ED08-2E42-4D4A-BB81-746D3FEBB653,TCGA-A2-A0T4,TCGA-BRCA,1,patient_192,slide_214
/TCGA-BRCA/titan/TCGA-BH-A18V-01Z-00-DX1.7797760A-05CD-436E-97DA-31D6201F943B.npy,TCGA-BH-A18V-01Z-00-DX1.7797760A-05CD-436E-97DA-31D6201F943B,TCGA-BH-A18V,TCGA-BRCA,0,patient_193,slide_215
/TCGA-BRCA/titan/TCGA-D8-A27T-01Z-00-DX2.7CCFE3AA-955B-4D77-9EDB-7B36D5A01168.npy,TCGA-D8-A27T-01Z-00-DX2.7CCFE3AA-955B-4D77-9EDB-7B36D5A01168,TCGA-D8-A27T,TCGA-BRCA,1,patient_194,slide_216
/TCGA-BRCA/titan/TCGA-D8-A27T-01Z-00-DX1.1E3A4D57-9CF2-4EBF-B74D-ADD7BD8CBFA5.npy,TCGA-D8-A27T-01Z-00-DX1.1E3A4D57-9CF2-4EBF-B74D-ADD7BD8CBFA5,TCGA-D8-A27T,TCGA-BRCA,1,patient_194,slide_217
/TCGA-BRCA/titan/TCGA-A7-A0CE-01Z-00-DX1.E67322FB-ED25-4B85-B3B0-2B8BD277BB4A.npy,TCGA-A7-A0CE-01Z-00-DX1.E67322FB-ED25-4B85-B3B0-2B8BD277BB4A,TCGA-A7-A0CE,TCGA-BRCA,0,patient_195,slide_218
/TCGA-BRCA/titan/TCGA-A7-A0CE-01Z-00-DX2.5AD1DB65-10E7-4996-AB5E-13D7851EC5FA.npy,TCGA-A7-A0CE-01Z-00-DX2.5AD1DB65-10E7-4996-AB5E-13D7851EC5FA,TCGA-A7-A0CE,TCGA-BRCA,0,patient_195,slide_219
/TCGA-BRCA/titan/TCGA-BH-A0H3-01Z-00-DX1.C6D4DFB9-A4FA-40B2-90EF-75294CBC4523.npy,TCGA-BH-A0H3-01Z-00-DX1.C6D4DFB9-A4FA-40B2-90EF-75294CBC4523,TCGA-BH-A0H3,TCGA-BRCA,0,patient_196,slide_220
/TCGA-BRCA/titan/TCGA-A2-A0EO-01Z-00-DX1.D7A09E23-2CAB-4B3B-814C-BF0BA75B7589.npy,TCGA-A2-A0EO-01Z-00-DX1.D7A09E23-2CAB-4B3B-814C-BF0BA75B7589,TCGA-A2-A0EO,TCGA-BRCA,0,patient_197,slide_221
/TCGA-BRCA/titan/TCGA-EW-A1OV-01Z-00-DX1.93698123-5B34-4163-848B-2D75A5F7B001.npy,TCGA-EW-A1OV-01Z-00-DX1.93698123-5B34-4163-848B-2D75A5F7B001,TCGA-EW-A1OV,TCGA-BRCA,0,patient_198,slide_222
/TCGA-BRCA/titan/TCGA-D8-A1XR-01Z-00-DX2.A103FB8B-4397-4DD4-8587-90A736407484.npy,TCGA-D8-A1XR-01Z-00-DX2.A103FB8B-4397-4DD4-8587-90A736407484,TCGA-D8-A1XR,TCGA-BRCA,0,patient_199,slide_223
/TCGA-BRCA/titan/TCGA-D8-A1XR-01Z-00-DX1.7F443346-C564-47B6-9736-6944230CAF46.npy,TCGA-D8-A1XR-01Z-00-DX1.7F443346-C564-47B6-9736-6944230CAF46,TCGA-D8-A1XR,TCGA-BRCA,0,patient_199,slide_224
/TCGA-BRCA/titan/TCGA-A8-A083-01Z-00-DX1.AD121BA9-B5FA-4A03-869B-8FE2C5014CE0.npy,TCGA-A8-A083-01Z-00-DX1.AD121BA9-B5FA-4A03-869B-8FE2C5014CE0,TCGA-A8-A083,TCGA-BRCA,0,patient_200,slide_225
/TCGA-BRCA/titan/TCGA-E2-A14T-01Z-00-DX1.61B4C988-6D75-447B-A5F4-9DE92CEACC9F.npy,TCGA-E2-A14T-01Z-00-DX1.61B4C988-6D75-447B-A5F4-9DE92CEACC9F,TCGA-E2-A14T,TCGA-BRCA,0,patient_201,slide_226
/TCGA-BRCA/titan/TCGA-AC-A2FF-01Z-00-DX1.012DAC86-E05C-44FA-81C2-FE4C754F409C.npy,TCGA-AC-A2FF-01Z-00-DX1.012DAC86-E05C-44FA-81C2-FE4C754F409C,TCGA-AC-A2FF,TCGA-BRCA,1,patient_202,slide_227
/TCGA-BRCA/titan/TCGA-BH-A0DS-01Z-00-DX1.38E82A1F-21B9-4B97-A304-15B886EA68A0.npy,TCGA-BH-A0DS-01Z-00-DX1.38E82A1F-21B9-4B97-A304-15B886EA68A0,TCGA-BH-A0DS,TCGA-BRCA,0,patient_203,slide_228
/TCGA-BRCA/titan/TCGA-A2-A1G1-01Z-00-DX1.E52A474F-DE13-41CF-94D4-D00BAC46ECF4.npy,TCGA-A2-A1G1-01Z-00-DX1.E52A474F-DE13-41CF-94D4-D00BAC46ECF4,TCGA-A2-A1G1,TCGA-BRCA,0,patient_204,slide_229
/TCGA-BRCA/titan/TCGA-C8-A26V-01Z-00-DX1.6E86DF74-D575-4969-8142-963D9DF5208F.npy,TCGA-C8-A26V-01Z-00-DX1.6E86DF74-D575-4969-8142-963D9DF5208F,TCGA-C8-A26V,TCGA-BRCA,0,patient_205,slide_230
/TCGA-BRCA/titan/TCGA-E2-A1IN-01Z-00-DX1.F63F004F-847D-41B0-BAEF-3189D4965838.npy,TCGA-E2-A1IN-01Z-00-DX1.F63F004F-847D-41B0-BAEF-3189D4965838,TCGA-E2-A1IN,TCGA-BRCA,0,patient_206,slide_231
/TCGA-BRCA/titan/TCGA-E2-A109-01Z-00-DX1.FCF5E9FC-F9FE-4F5F-96DD-5628E2609BEF.npy,TCGA-E2-A109-01Z-00-DX1.FCF5E9FC-F9FE-4F5F-96DD-5628E2609BEF,TCGA-E2-A109,TCGA-BRCA,0,patient_207,slide_232
/TCGA-BRCA/titan/TCGA-B6-A0X4-01Z-00-DX1.4B7914DE-3436-4D69-9BC6-F6419D3CC518.npy,TCGA-B6-A0X4-01Z-00-DX1.4B7914DE-3436-4D69-9BC6-F6419D3CC518,TCGA-B6-A0X4,TCGA-BRCA,0,patient_208,slide_233
/TCGA-BRCA/titan/TCGA-LL-A5YM-01Z-00-DX1.2B8904A9-6A45-4FFD-AF15-EB81773E5B79.npy,TCGA-LL-A5YM-01Z-00-DX1.2B8904A9-6A45-4FFD-AF15-EB81773E5B79,TCGA-LL-A5YM,TCGA-BRCA,0,patient_209,slide_234
/TCGA-BRCA/titan/TCGA-BH-A0BG-01Z-00-DX1.0838FB7F-8C85-4687-9F70-D136A1063383.npy,TCGA-BH-A0BG-01Z-00-DX1.0838FB7F-8C85-4687-9F70-D136A1063383,TCGA-BH-A0BG,TCGA-BRCA,0,patient_210,slide_235
/TCGA-BRCA/titan/TCGA-BH-A0HP-01Z-00-DX1.F1FF6E88-B2D1-40AA-8373-1714D82E666F.npy,TCGA-BH-A0HP-01Z-00-DX1.F1FF6E88-B2D1-40AA-8373-1714D82E666F,TCGA-BH-A0HP,TCGA-BRCA,1,patient_211,slide_236
/TCGA-BRCA/titan/TCGA-A2-A0YM-01Z-00-DX1.A48B4C96-2CC5-464C-98B7-F0F92AE56533.npy,TCGA-A2-A0YM-01Z-00-DX1.A48B4C96-2CC5-464C-98B7-F0F92AE56533,TCGA-A2-A0YM,TCGA-BRCA,0,patient_212,slide_237
/TCGA-BRCA/titan/TCGA-E2-A2P6-01Z-00-DX1.9D8060AA-881F-49FF-AEF5-B40A3625A44A.npy,TCGA-E2-A2P6-01Z-00-DX1.9D8060AA-881F-49FF-AEF5-B40A3625A44A,TCGA-E2-A2P6,TCGA-BRCA,1,patient_213,slide_238
/TCGA-BRCA/titan/TCGA-E2-A1LI-01Z-00-DX1.503dd2fa-23ef-4b11-8aab-301e069eaa88.npy,TCGA-E2-A1LI-01Z-00-DX1.503dd2fa-23ef-4b11-8aab-301e069eaa88,TCGA-E2-A1LI,TCGA-BRCA,0,patient_214,slide_239
/TCGA-BRCA/titan/TCGA-D8-A1JN-01Z-00-DX1.3B02989C-CEA0-4EDD-A6DC-21C3A957C640.npy,TCGA-D8-A1JN-01Z-00-DX1.3B02989C-CEA0-4EDD-A6DC-21C3A957C640,TCGA-D8-A1JN,TCGA-BRCA,1,patient_215,slide_240
/TCGA-BRCA/titan/TCGA-AO-A0JI-01Z-00-DX1.4DCDA545-B7E3-49DF-AB10-963E84BEB105.npy,TCGA-AO-A0JI-01Z-00-DX1.4DCDA545-B7E3-49DF-AB10-963E84BEB105,TCGA-AO-A0JI,TCGA-BRCA,0,patient_216,slide_241
/TCGA-BRCA/titan/TCGA-BH-A0B4-01Z-00-DX1.A2CB0BF4-32F9-48FD-9B96-A744013BADDB.npy,TCGA-BH-A0B4-01Z-00-DX1.A2CB0BF4-32F9-48FD-9B96-A744013BADDB,TCGA-BH-A0B4,TCGA-BRCA,0,patient_217,slide_242
/TCGA-BRCA/titan/TCGA-AN-A0FL-01Z-00-DX1.20A041C6-A306-4599-A7D1-65032A252AA9.npy,TCGA-AN-A0FL-01Z-00-DX1.20A041C6-A306-4599-A7D1-65032A252AA9,TCGA-AN-A0FL,TCGA-BRCA,0,patient_218,slide_243
/TCGA-BRCA/titan/TCGA-BH-A0H0-01Z-00-DX1.B3B394DD-1F4E-42CA-BB51-C002E423B3D0.npy,TCGA-BH-A0H0-01Z-00-DX1.B3B394DD-1F4E-42CA-BB51-C002E423B3D0,TCGA-BH-A0H0,TCGA-BRCA,0,patient_219,slide_244
/TCGA-BRCA/titan/TCGA-B6-A0WV-01Z-00-DX1.A8B9E114-A8CF-4389-B47C-2E1B842F7FF9.npy,TCGA-B6-A0WV-01Z-00-DX1.A8B9E114-A8CF-4389-B47C-2E1B842F7FF9,TCGA-B6-A0WV,TCGA-BRCA,0,patient_220,slide_245
/TCGA-BRCA/titan/TCGA-E9-A248-01Z-00-DX1.C991932F-39D4-4F2C-91C3-CE12B5BAEDB1.npy,TCGA-E9-A248-01Z-00-DX1.C991932F-39D4-4F2C-91C3-CE12B5BAEDB1,TCGA-E9-A248,TCGA-BRCA,0,patient_221,slide_246
/TCGA-BRCA/titan/TCGA-E2-A9RU-01Z-00-DX1.A06BE284-B9DC-4B45-A202-A9D027AEEDD9.npy,TCGA-E2-A9RU-01Z-00-DX1.A06BE284-B9DC-4B45-A202-A9D027AEEDD9,TCGA-E2-A9RU,TCGA-BRCA,0,patient_222,slide_247
/TCGA-BRCA/titan/TCGA-A7-A3RF-01Z-00-DX1.E60647BC-229D-4409-A564-EE0945F912EE.npy,TCGA-A7-A3RF-01Z-00-DX1.E60647BC-229D-4409-A564-EE0945F912EE,TCGA-A7-A3RF,TCGA-BRCA,0,patient_223,slide_248
/TCGA-BRCA/titan/TCGA-A2-A0EX-01Z-00-DX1.F4C293E9-9BB2-48A1-8080-5F3082E219C5.npy,TCGA-A2-A0EX-01Z-00-DX1.F4C293E9-9BB2-48A1-8080-5F3082E219C5,TCGA-A2-A0EX,TCGA-BRCA,1,patient_224,slide_249
/TCGA-BRCA/titan/TCGA-C8-A278-01Z-00-DX1.188B3FE0-7B20-401A-A6B7-8F1798018162.npy,TCGA-C8-A278-01Z-00-DX1.188B3FE0-7B20-401A-A6B7-8F1798018162,TCGA-C8-A278,TCGA-BRCA,0,patient_225,slide_250
/TCGA-BRCA/titan/TCGA-BH-A0BT-01Z-00-DX1.9087B9E7-C0CD-4179-AF57-AD9255785169.npy,TCGA-BH-A0BT-01Z-00-DX1.9087B9E7-C0CD-4179-AF57-AD9255785169,TCGA-BH-A0BT,TCGA-BRCA,0,patient_226,slide_251
/TCGA-BRCA/titan/TCGA-AC-A2QJ-01Z-00-DX1.48C303BB-5A23-4037-BD28-77629A8CD9DA.npy,TCGA-AC-A2QJ-01Z-00-DX1.48C303BB-5A23-4037-BD28-77629A8CD9DA,TCGA-AC-A2QJ,TCGA-BRCA,0,patient_227,slide_252
/TCGA-BRCA/titan/TCGA-C8-A12U-01Z-00-DX1.8E90FC9F-630E-4611-A5D2-D6F11DBE81EF.npy,TCGA-C8-A12U-01Z-00-DX1.8E90FC9F-630E-4611-A5D2-D6F11DBE81EF,TCGA-C8-A12U,TCGA-BRCA,0,patient_228,slide_253
/TCGA-BRCA/titan/TCGA-AN-A0XT-01Z-00-DX1.882AF4CE-62A1-4808-9B4B-780066E5E602.npy,TCGA-AN-A0XT-01Z-00-DX1.882AF4CE-62A1-4808-9B4B-780066E5E602,TCGA-AN-A0XT,TCGA-BRCA,0,patient_229,slide_254
/TCGA-BRCA/titan/TCGA-A7-A13E-01Z-00-DX1.891954FF-316A-4562-AA14-429631944F22.npy,TCGA-A7-A13E-01Z-00-DX1.891954FF-316A-4562-AA14-429631944F22,TCGA-A7-A13E,TCGA-BRCA,0,patient_230,slide_255
/TCGA-BRCA/titan/TCGA-A7-A13E-01Z-00-DX2.1E1262AE-A32D-4814-94A5-D951CA8BA35D.npy,TCGA-A7-A13E-01Z-00-DX2.1E1262AE-A32D-4814-94A5-D951CA8BA35D,TCGA-A7-A13E,TCGA-BRCA,0,patient_230,slide_256
/TCGA-BRCA/titan/TCGA-A2-A0YK-01Z-00-DX1.FB23FC30-B3B2-452A-A6B0-94129B333207.npy,TCGA-A2-A0YK-01Z-00-DX1.FB23FC30-B3B2-452A-A6B0-94129B333207,TCGA-A2-A0YK,TCGA-BRCA,1,patient_231,slide_257
/TCGA-BRCA/titan/TCGA-A8-A092-01Z-00-DX1.2A55EA0C-47CD-426B-9697-F2B761730585.npy,TCGA-A8-A092-01Z-00-DX1.2A55EA0C-47CD-426B-9697-F2B761730585,TCGA-A8-A092,TCGA-BRCA,0,patient_232,slide_258
/TCGA-BRCA/titan/TCGA-OK-A5Q2-01Z-00-DX4.83B45D6C-E350-4436-812F-4155D9F7D331.npy,TCGA-OK-A5Q2-01Z-00-DX4.83B45D6C-E350-4436-812F-4155D9F7D331,TCGA-OK-A5Q2,TCGA-BRCA,1,patient_233,slide_259
/TCGA-BRCA/titan/TCGA-OK-A5Q2-01Z-00-DX3.5F9215C3-E407-46F8-968E-503D7D14605C.npy,TCGA-OK-A5Q2-01Z-00-DX3.5F9215C3-E407-46F8-968E-503D7D14605C,TCGA-OK-A5Q2,TCGA-BRCA,1,patient_233,slide_260
/TCGA-BRCA/titan/TCGA-OK-A5Q2-01Z-00-DX1.0D169898-37C6-44CA-AC87-27887123AA6F.npy,TCGA-OK-A5Q2-01Z-00-DX1.0D169898-37C6-44CA-AC87-27887123AA6F,TCGA-OK-A5Q2,TCGA-BRCA,1,patient_233,slide_261
/TCGA-BRCA/titan/TCGA-OK-A5Q2-01Z-00-DX2.C828A160-87DF-4625-A8C5-2057F61D54F4.npy,TCGA-OK-A5Q2-01Z-00-DX2.C828A160-87DF-4625-A8C5-2057F61D54F4,TCGA-OK-A5Q2,TCGA-BRCA,1,patient_233,slide_262
/TCGA-BRCA/titan/TCGA-A2-A0SU-01Z-00-DX1.22420EE2-4FEB-42F3-9547-4739F0F73D50.npy,TCGA-A2-A0SU-01Z-00-DX1.22420EE2-4FEB-42F3-9547-4739F0F73D50,TCGA-A2-A0SU,TCGA-BRCA,0,patient_234,slide_263
/TCGA-BRCA/titan/TCGA-AR-A1AK-01Z-00-DX1.0AFFA0B5-D1A6-43E9-892A-7CB16A79E5F9.npy,TCGA-AR-A1AK-01Z-00-DX1.0AFFA0B5-D1A6-43E9-892A-7CB16A79E5F9,TCGA-AR-A1AK,TCGA-BRCA,1,patient_235,slide_264
/TCGA-BRCA/titan/TCGA-A2-A0CT-01Z-00-DX1.A8564130-49CF-4F5B-B5AB-F4D1A10479FF.npy,TCGA-A2-A0CT-01Z-00-DX1.A8564130-49CF-4F5B-B5AB-F4D1A10479FF,TCGA-A2-A0CT,TCGA-BRCA,0,patient_236,slide_265
/TCGA-BRCA/titan/TCGA-A8-A081-01Z-00-DX1.06D727F7-4B41-419B-A251-3D804235ACE5.npy,TCGA-A8-A081-01Z-00-DX1.06D727F7-4B41-419B-A251-3D804235ACE5,TCGA-A8-A081,TCGA-BRCA,0,patient_237,slide_266
/TCGA-BRCA/titan/TCGA-A7-A4SB-01Z-00-DX1.E8925605-5189-441E-A719-92CFC1118B0B.npy,TCGA-A7-A4SB-01Z-00-DX1.E8925605-5189-441E-A719-92CFC1118B0B,TCGA-A7-A4SB,TCGA-BRCA,1,patient_238,slide_267
/TCGA-BRCA/titan/TCGA-A2-A4S0-01Z-00-DX1.5878187D-325F-4274-BE41-86BB2BA5F841.npy,TCGA-A2-A4S0-01Z-00-DX1.5878187D-325F-4274-BE41-86BB2BA5F841,TCGA-A2-A4S0,TCGA-BRCA,0,patient_239,slide_268
/TCGA-BRCA/titan/TCGA-BH-A18L-01Z-00-DX1.01D6E3EF-6857-4CC6-BEA1-0BBC1A0B728F.npy,TCGA-BH-A18L-01Z-00-DX1.01D6E3EF-6857-4CC6-BEA1-0BBC1A0B728F,TCGA-BH-A18L,TCGA-BRCA,0,patient_240,slide_269
/TCGA-BRCA/titan/TCGA-AC-A6IW-01Z-00-DX1.C4514189-E64F-4603-8970-230FA2BB77FC.npy,TCGA-AC-A6IW-01Z-00-DX1.C4514189-E64F-4603-8970-230FA2BB77FC,TCGA-AC-A6IW,TCGA-BRCA,0,patient_241,slide_270
/TCGA-BRCA/titan/TCGA-AR-A1AP-01Z-00-DX1.F163EED5-0385-41AA-BA35-54E4910CD99E.npy,TCGA-AR-A1AP-01Z-00-DX1.F163EED5-0385-41AA-BA35-54E4910CD99E,TCGA-AR-A1AP,TCGA-BRCA,0,patient_242,slide_271
/TCGA-BRCA/titan/TCGA-B6-A0WS-01Z-00-DX1.020ED7BF-9497-4F13-AA07-FE0E839F9A06.npy,TCGA-B6-A0WS-01Z-00-DX1.020ED7BF-9497-4F13-AA07-FE0E839F9A06,TCGA-B6-A0WS,TCGA-BRCA,0,patient_243,slide_272
/TCGA-BRCA/titan/TCGA-BH-A0AY-01Z-00-DX1.A1153465-D9B3-4D83-BE85-F2524B071EE5.npy,TCGA-BH-A0AY-01Z-00-DX1.A1153465-D9B3-4D83-BE85-F2524B071EE5,TCGA-BH-A0AY,TCGA-BRCA,0,patient_244,slide_273
/TCGA-BRCA/titan/TCGA-AO-A1KR-01Z-00-DX1.BFB2E69B-E23C-4542-9CBF-EDD040B985AC.npy,TCGA-AO-A1KR-01Z-00-DX1.BFB2E69B-E23C-4542-9CBF-EDD040B985AC,TCGA-AO-A1KR,TCGA-BRCA,0,patient_245,slide_274
/TCGA-BRCA/titan/TCGA-C8-A12V-01Z-00-DX1.84B29360-B87B-4648-A697-B6610336C2BB.npy,TCGA-C8-A12V-01Z-00-DX1.84B29360-B87B-4648-A697-B6610336C2BB,TCGA-C8-A12V,TCGA-BRCA,0,patient_246,slide_275
/TCGA-BRCA/titan/TCGA-AO-A0JC-01Z-00-DX1.C8DD421B-9799-4FE7-9224-5EAC6ED1028E.npy,TCGA-AO-A0JC-01Z-00-DX1.C8DD421B-9799-4FE7-9224-5EAC6ED1028E,TCGA-AO-A0JC,TCGA-BRCA,0,patient_247,slide_276
/TCGA-BRCA/titan/TCGA-AC-A6NO-01Z-00-DX1.61B7F48C-6D6E-4C1B-B236-DD130ECBDA9D.npy,TCGA-AC-A6NO-01Z-00-DX1.61B7F48C-6D6E-4C1B-B236-DD130ECBDA9D,TCGA-AC-A6NO,TCGA-BRCA,0,patient_248,slide_277
/TCGA-BRCA/titan/TCGA-S3-AA10-01Z-00-DX1.C0468882-0DD8-4FC5-8C2F-E18BE8000F69.npy,TCGA-S3-AA10-01Z-00-DX1.C0468882-0DD8-4FC5-8C2F-E18BE8000F69,TCGA-S3-AA10,TCGA-BRCA,0,patient_249,slide_278
/TCGA-BRCA/titan/TCGA-E2-A56Z-01Z-00-DX1.EC28E279-B869-4485-A19F-C732D4CCD374.npy,TCGA-E2-A56Z-01Z-00-DX1.EC28E279-B869-4485-A19F-C732D4CCD374,TCGA-E2-A56Z,TCGA-BRCA,0,patient_250,slide_279
/TCGA-BRCA/titan/TCGA-D8-A27P-01Z-00-DX1.EF426996-D0DC-4418-BEC4-F7CE3C82C869.npy,TCGA-D8-A27P-01Z-00-DX1.EF426996-D0DC-4418-BEC4-F7CE3C82C869,TCGA-D8-A27P,TCGA-BRCA,0,patient_251,slide_280
/TCGA-BRCA/titan/TCGA-AR-A0TW-01Z-00-DX1.0C1EAE07-6BA6-4908-89E1-0133F3640174.npy,TCGA-AR-A0TW-01Z-00-DX1.0C1EAE07-6BA6-4908-89E1-0133F3640174,TCGA-AR-A0TW,TCGA-BRCA,0,patient_252,slide_281
/TCGA-BRCA/titan/TCGA-C8-A1HG-01Z-00-DX1.F2AB6D0F-4D6B-491F-915B-92E838E79D67.npy,TCGA-C8-A1HG-01Z-00-DX1.F2AB6D0F-4D6B-491F-915B-92E838E79D67,TCGA-C8-A1HG,TCGA-BRCA,0,patient_253,slide_282
/TCGA-BRCA/titan/TCGA-D8-A27M-01Z-00-DX1.3020D223-2400-4A2D-8BFE-08A5B78FE13B.npy,TCGA-D8-A27M-01Z-00-DX1.3020D223-2400-4A2D-8BFE-08A5B78FE13B,TCGA-D8-A27M,TCGA-BRCA,0,patient_254,slide_283
/TCGA-BRCA/titan/TCGA-BH-A0E7-01Z-00-DX1.7FEE54C4-3795-403C-85B9-FF932BE56788.npy,TCGA-BH-A0E7-01Z-00-DX1.7FEE54C4-3795-403C-85B9-FF932BE56788,TCGA-BH-A0E7,TCGA-BRCA,0,patient_255,slide_284
/TCGA-BRCA/titan/TCGA-A8-A0AB-01Z-00-DX1.103ED338-A0F9-403B-A10C-49840BD60EB8.npy,TCGA-A8-A0AB-01Z-00-DX1.103ED338-A0F9-403B-A10C-49840BD60EB8,TCGA-A8-A0AB,TCGA-BRCA,1,patient_256,slide_285
/TCGA-BRCA/titan/TCGA-E2-A14X-01Z-00-DX1.24ADDA43-F127-4A6B-9AAD-2FAD982A853D.npy,TCGA-E2-A14X-01Z-00-DX1.24ADDA43-F127-4A6B-9AAD-2FAD982A853D,TCGA-E2-A14X,TCGA-BRCA,0,patient_257,slide_286
/TCGA-BRCA/titan/TCGA-E2-A14Y-01Z-00-DX1.804A22A3-FD8D-4C8A-A766-48D28434DE22.npy,TCGA-E2-A14Y-01Z-00-DX1.804A22A3-FD8D-4C8A-A766-48D28434DE22,TCGA-E2-A14Y,TCGA-BRCA,0,patient_258,slide_287
/TCGA-BRCA/titan/TCGA-A2-A0ET-01Z-00-DX1.41E86BB9-EA52-4615-94E7-0F09DDB094F4.npy,TCGA-A2-A0ET-01Z-00-DX1.41E86BB9-EA52-4615-94E7-0F09DDB094F4,TCGA-A2-A0ET,TCGA-BRCA,0,patient_259,slide_288
/TCGA-BRCA/titan/TCGA-A7-A2KD-01Z-00-DX1.BFF2DFC8-1D95-4DC2-98FC-5BD7D7C6CDF5.npy,TCGA-A7-A2KD-01Z-00-DX1.BFF2DFC8-1D95-4DC2-98FC-5BD7D7C6CDF5,TCGA-A7-A2KD,TCGA-BRCA,0,patient_260,slide_289
/TCGA-BRCA/titan/TCGA-A8-A076-01Z-00-DX1.BAAC4F9C-0C04-42FB-95F4-D765305089B8.npy,TCGA-A8-A076-01Z-00-DX1.BAAC4F9C-0C04-42FB-95F4-D765305089B8,TCGA-A8-A076,TCGA-BRCA,0,patient_261,slide_290
/TCGA-BRCA/titan/TCGA-D8-A27L-01Z-00-DX1.6572593C-B015-4F9A-8C9B-B634CAA0D3B4.npy,TCGA-D8-A27L-01Z-00-DX1.6572593C-B015-4F9A-8C9B-B634CAA0D3B4,TCGA-D8-A27L,TCGA-BRCA,0,patient_262,slide_291
/TCGA-BRCA/titan/TCGA-C8-A1HJ-01Z-00-DX1.745159F1-85E7-4CC0-B088-E1CA91916FB8.npy,TCGA-C8-A1HJ-01Z-00-DX1.745159F1-85E7-4CC0-B088-E1CA91916FB8,TCGA-C8-A1HJ,TCGA-BRCA,0,patient_263,slide_292
/TCGA-BRCA/titan/TCGA-BH-A0BJ-01Z-00-DX1.77BE9A20-3D23-4650-843A-0483BF9DD07B.npy,TCGA-BH-A0BJ-01Z-00-DX1.77BE9A20-3D23-4650-843A-0483BF9DD07B,TCGA-BH-A0BJ,TCGA-BRCA,0,patient_264,slide_293
/TCGA-BRCA/titan/TCGA-D8-A1X9-01Z-00-DX1.28CE7849-EEC5-4ABB-A319-A977A1FD3CD1.npy,TCGA-D8-A1X9-01Z-00-DX1.28CE7849-EEC5-4ABB-A319-A977A1FD3CD1,TCGA-D8-A1X9,TCGA-BRCA,0,patient_265,slide_294
/TCGA-BRCA/titan/TCGA-AR-A252-01Z-00-DX1.2E7EE069-A0B8-489B-A2F0-3175FB58F468.npy,TCGA-AR-A252-01Z-00-DX1.2E7EE069-A0B8-489B-A2F0-3175FB58F468,TCGA-AR-A252,TCGA-BRCA,0,patient_266,slide_295
/TCGA-BRCA/titan/TCGA-AC-A5XU-01Z-00-DX1.1AEEFAAF-0906-4086-8022-13B689FAB9F5.npy,TCGA-AC-A5XU-01Z-00-DX1.1AEEFAAF-0906-4086-8022-13B689FAB9F5,TCGA-AC-A5XU,TCGA-BRCA,0,patient_267,slide_296
/TCGA-BRCA/titan/TCGA-E9-A22D-01Z-00-DX1.b2867437-0add-4b7d-8002-fb09ed961942.npy,TCGA-E9-A22D-01Z-00-DX1.b2867437-0add-4b7d-8002-fb09ed961942,TCGA-E9-A22D,TCGA-BRCA,0,patient_268,slide_297
/TCGA-BRCA/titan/TCGA-D8-A1XY-01Z-00-DX1.AC051FB4-1D51-449B-BF2D-9DDB4382414C.npy,TCGA-D8-A1XY-01Z-00-DX1.AC051FB4-1D51-449B-BF2D-9DDB4382414C,TCGA-D8-A1XY,TCGA-BRCA,0,patient_269,slide_298
/TCGA-BRCA/titan/TCGA-D8-A1XY-01Z-00-DX2.33D96E5C-5291-4864-B282-8BACA2043586.npy,TCGA-D8-A1XY-01Z-00-DX2.33D96E5C-5291-4864-B282-8BACA2043586,TCGA-D8-A1XY,TCGA-BRCA,0,patient_269,slide_299
/TCGA-BRCA/titan/TCGA-OL-A5RV-01Z-00-DX1.920AC243-1DAC-4854-BEB6-1CBCC950F26B.npy,TCGA-OL-A5RV-01Z-00-DX1.920AC243-1DAC-4854-BEB6-1CBCC950F26B,TCGA-OL-A5RV,TCGA-BRCA,0,patient_270,slide_300
/TCGA-BRCA/titan/TCGA-BH-A0E1-01Z-00-DX1.257EB36A-1008-4890-927B-204EF05DBE90.npy,TCGA-BH-A0E1-01Z-00-DX1.257EB36A-1008-4890-927B-204EF05DBE90,TCGA-BH-A0E1,TCGA-BRCA,0,patient_271,slide_301
/TCGA-BRCA/titan/TCGA-C8-A1HF-01Z-00-DX1.81EF9A57-54E1-4750-9816-5571FD18A297.npy,TCGA-C8-A1HF-01Z-00-DX1.81EF9A57-54E1-4750-9816-5571FD18A297,TCGA-C8-A1HF,TCGA-BRCA,0,patient_272,slide_302
/TCGA-BRCA/titan/TCGA-EW-A1OX-01Z-00-DX1.9B19CBEE-E592-4A4D-839F-CECDCA20F4B1.npy,TCGA-EW-A1OX-01Z-00-DX1.9B19CBEE-E592-4A4D-839F-CECDCA20F4B1,TCGA-EW-A1OX,TCGA-BRCA,0,patient_273,slide_303
/TCGA-BRCA/titan/TCGA-AO-A12A-01Z-00-DX1.4E9609A7-9AAD-40A8-8344-8369DF998006.npy,TCGA-AO-A12A-01Z-00-DX1.4E9609A7-9AAD-40A8-8344-8369DF998006,TCGA-AO-A12A,TCGA-BRCA,0,patient_274,slide_304
/TCGA-BRCA/titan/TCGA-A2-A0YI-01Z-00-DX1.1CF2EC2D-C722-467F-8832-409B823E8D8F.npy,TCGA-A2-A0YI-01Z-00-DX1.1CF2EC2D-C722-467F-8832-409B823E8D8F,TCGA-A2-A0YI,TCGA-BRCA,0,patient_275,slide_305
/TCGA-BRCA/titan/TCGA-EW-A1IZ-01Z-00-DX1.81D5544E-0A7D-4A92-A3B0-4F22CFB8BBB2.npy,TCGA-EW-A1IZ-01Z-00-DX1.81D5544E-0A7D-4A92-A3B0-4F22CFB8BBB2,TCGA-EW-A1IZ,TCGA-BRCA,0,patient_276,slide_306
/TCGA-BRCA/titan/TCGA-AC-A3HN-01Z-00-DX1.1AA71B9B-1B61-41A9-91CF-B7649DEC189E.npy,TCGA-AC-A3HN-01Z-00-DX1.1AA71B9B-1B61-41A9-91CF-B7649DEC189E,TCGA-AC-A3HN,TCGA-BRCA,1,patient_277,slide_307
/TCGA-BRCA/titan/TCGA-A8-A09Q-01Z-00-DX1.C7240AFB-5971-4577-812C-A255C249001A.npy,TCGA-A8-A09Q-01Z-00-DX1.C7240AFB-5971-4577-812C-A255C249001A,TCGA-A8-A09Q,TCGA-BRCA,0,patient_278,slide_308
/TCGA-BRCA/titan/TCGA-BH-A0BS-01Z-00-DX1.FEE32127-4D0B-4560-A39C-4EAA5B189B70.npy,TCGA-BH-A0BS-01Z-00-DX1.FEE32127-4D0B-4560-A39C-4EAA5B189B70,TCGA-BH-A0BS,TCGA-BRCA,0,patient_279,slide_309
/TCGA-BRCA/titan/TCGA-3C-AALJ-01Z-00-DX1.777C0957-255A-42F0-9EEB-A3606BCF0C96.npy,TCGA-3C-AALJ-01Z-00-DX1.777C0957-255A-42F0-9EEB-A3606BCF0C96,TCGA-3C-AALJ,TCGA-BRCA,0,patient_280,slide_310
/TCGA-BRCA/titan/TCGA-3C-AALJ-01Z-00-DX2.62DFE56B-B84C-40F9-9625-FCB55767B70D.npy,TCGA-3C-AALJ-01Z-00-DX2.62DFE56B-B84C-40F9-9625-FCB55767B70D,TCGA-3C-AALJ,TCGA-BRCA,0,patient_280,slide_311
/TCGA-BRCA/titan/TCGA-AR-A24P-01Z-00-DX1.08BE8830-C55E-4E2B-9378-371A670C75FD.npy,TCGA-AR-A24P-01Z-00-DX1.08BE8830-C55E-4E2B-9378-371A670C75FD,TCGA-AR-A24P,TCGA-BRCA,0,patient_281,slide_312
/TCGA-BRCA/titan/TCGA-C8-A3M7-01Z-00-DX1.846C75F1-2E7E-44F7-B21F-C246141558FA.npy,TCGA-C8-A3M7-01Z-00-DX1.846C75F1-2E7E-44F7-B21F-C246141558FA,TCGA-C8-A3M7,TCGA-BRCA,1,patient_282,slide_313
/TCGA-BRCA/titan/TCGA-A2-A0CS-01Z-00-DX1.3986B545-63E8-4727-BCC1-701DE947D1FB.npy,TCGA-A2-A0CS-01Z-00-DX1.3986B545-63E8-4727-BCC1-701DE947D1FB,TCGA-A2-A0CS,TCGA-BRCA,0,patient_283,slide_314
/TCGA-BRCA/titan/TCGA-AO-A0JE-01Z-00-DX1.82D33053-E305-47D8-9B02-B55511EBB06D.npy,TCGA-AO-A0JE-01Z-00-DX1.82D33053-E305-47D8-9B02-B55511EBB06D,TCGA-AO-A0JE,TCGA-BRCA,0,patient_284,slide_315
/TCGA-BRCA/titan/TCGA-OL-A5RW-01Z-00-DX1.E16DE8EE-31AF-4EAF-A85F-DB3E3E2C3BFF.npy,TCGA-OL-A5RW-01Z-00-DX1.E16DE8EE-31AF-4EAF-A85F-DB3E3E2C3BFF,TCGA-OL-A5RW,TCGA-BRCA,0,patient_285,slide_316
/TCGA-BRCA/titan/TCGA-AC-A3W5-01Z-00-DX1.522F702C-776E-45F1-84D3-1648DF04137C.npy,TCGA-AC-A3W5-01Z-00-DX1.522F702C-776E-45F1-84D3-1648DF04137C,TCGA-AC-A3W5,TCGA-BRCA,1,patient_286,slide_317
/TCGA-BRCA/titan/TCGA-E9-A1R7-01Z-00-DX1.af9ff432-440e-44ac-bc33-298f5db9a706.npy,TCGA-E9-A1R7-01Z-00-DX1.af9ff432-440e-44ac-bc33-298f5db9a706,TCGA-E9-A1R7,TCGA-BRCA,0,patient_287,slide_318
/TCGA-BRCA/titan/TCGA-E9-A24A-01Z-00-DX1.F0342837-5750-4172-B60D-5F902E2A02FD.npy,TCGA-E9-A24A-01Z-00-DX1.F0342837-5750-4172-B60D-5F902E2A02FD,TCGA-E9-A24A,TCGA-BRCA,0,patient_288,slide_319
/TCGA-BRCA/titan/TCGA-E2-A576-01Z-00-DX1.2E045763-7EB0-48F5-8C47-E4B84287D739.npy,TCGA-E2-A576-01Z-00-DX1.2E045763-7EB0-48F5-8C47-E4B84287D739,TCGA-E2-A576,TCGA-BRCA,1,patient_289,slide_320
/TCGA-BRCA/titan/TCGA-BH-A1FL-01Z-00-DX1.D3E9F46E-9A28-4AAE-8C87-D6F1851227A3.npy,TCGA-BH-A1FL-01Z-00-DX1.D3E9F46E-9A28-4AAE-8C87-D6F1851227A3,TCGA-BH-A1FL,TCGA-BRCA,0,patient_290,slide_321
/TCGA-BRCA/titan/TCGA-E2-A572-01Z-00-DX1.7DDF1C25-58E2-4AF9-B831-598222A4E85D.npy,TCGA-E2-A572-01Z-00-DX1.7DDF1C25-58E2-4AF9-B831-598222A4E85D,TCGA-E2-A572,TCGA-BRCA,0,patient_291,slide_322
/TCGA-BRCA/titan/TCGA-D8-A1X8-01Z-00-DX1.DDA3866E-C7CC-4650-BE2B-5C9A98A2D531.npy,TCGA-D8-A1X8-01Z-00-DX1.DDA3866E-C7CC-4650-BE2B-5C9A98A2D531,TCGA-D8-A1X8,TCGA-BRCA,1,patient_292,slide_323
/TCGA-BRCA/titan/TCGA-A2-A04X-01Z-00-DX1.E01A4522-67B3-4FEF-BD6B-99DFED9E7C85.npy,TCGA-A2-A04X-01Z-00-DX1.E01A4522-67B3-4FEF-BD6B-99DFED9E7C85,TCGA-A2-A04X,TCGA-BRCA,0,patient_293,slide_324
/TCGA-BRCA/titan/TCGA-AQ-A0Y5-01Z-00-DX1.f68f5b49-30fa-4fb6-bec6-5da9f6809d02.npy,TCGA-AQ-A0Y5-01Z-00-DX1.f68f5b49-30fa-4fb6-bec6-5da9f6809d02,TCGA-AQ-A0Y5,TCGA-BRCA,0,patient_294,slide_325
/TCGA-BRCA/titan/TCGA-BH-A28Q-01Z-00-DX1.C6D1CA93-6B2A-4722-9270-5D56592D833D.npy,TCGA-BH-A28Q-01Z-00-DX1.C6D1CA93-6B2A-4722-9270-5D56592D833D,TCGA-BH-A28Q,TCGA-BRCA,1,patient_295,slide_326
/TCGA-BRCA/titan/TCGA-BH-A0H6-01Z-00-DX1.0CF7253A-B42C-4778-B1C6-17EC78A039ED.npy,TCGA-BH-A0H6-01Z-00-DX1.0CF7253A-B42C-4778-B1C6-17EC78A039ED,TCGA-BH-A0H6,TCGA-BRCA,0,patient_296,slide_327
/TCGA-BRCA/titan/TCGA-A8-A09A-01Z-00-DX1.78773A6C-BA8A-46BE-AC2A-9C6FDAB45622.npy,TCGA-A8-A09A-01Z-00-DX1.78773A6C-BA8A-46BE-AC2A-9C6FDAB45622,TCGA-A8-A09A,TCGA-BRCA,0,patient_297,slide_328
/TCGA-BRCA/titan/TCGA-MS-A51U-01Z-00-DX1.490DE85A-ECE5-4E2A-9657-841BE6FFCCA0.npy,TCGA-MS-A51U-01Z-00-DX1.490DE85A-ECE5-4E2A-9657-841BE6FFCCA0,TCGA-MS-A51U,TCGA-BRCA,1,patient_298,slide_329
/TCGA-BRCA/titan/TCGA-D8-A1JD-01Z-00-DX1.6D215B14-DD90-4635-8645-AF06EBD9BA3F.npy,TCGA-D8-A1JD-01Z-00-DX1.6D215B14-DD90-4635-8645-AF06EBD9BA3F,TCGA-D8-A1JD,TCGA-BRCA,0,patient_299,slide_330
/TCGA-BRCA/titan/TCGA-D8-A1JD-01Z-00-DX2.C6A7667E-25C9-48BD-A4E7-F4BB740FE589.npy,TCGA-D8-A1JD-01Z-00-DX2.C6A7667E-25C9-48BD-A4E7-F4BB740FE589,TCGA-D8-A1JD,TCGA-BRCA,0,patient_299,slide_331
/TCGA-BRCA/titan/TCGA-E2-A15E-06Z-00-DX1.D394A007-91A2-4445-9B4A-1629EE684A51.npy,TCGA-E2-A15E-06Z-00-DX1.D394A007-91A2-4445-9B4A-1629EE684A51,TCGA-E2-A15E,TCGA-BRCA,0,patient_300,slide_332
/TCGA-BRCA/titan/TCGA-C8-A26Y-01Z-00-DX1.166EE604-4EF3-401D-99E9-3A9711316CC4.npy,TCGA-C8-A26Y-01Z-00-DX1.166EE604-4EF3-401D-99E9-3A9711316CC4,TCGA-C8-A26Y,TCGA-BRCA,0,patient_301,slide_333
/TCGA-BRCA/titan/TCGA-AO-A0JL-01Z-00-DX1.473CC200-221A-4777-B19E-ADC41D10FC94.npy,TCGA-AO-A0JL-01Z-00-DX1.473CC200-221A-4777-B19E-ADC41D10FC94,TCGA-AO-A0JL,TCGA-BRCA,0,patient_302,slide_334
/TCGA-BRCA/titan/TCGA-OL-A6VO-01Z-00-DX1.291D54D6-EBAF-4622-BD42-97AA5997F014.npy,TCGA-OL-A6VO-01Z-00-DX1.291D54D6-EBAF-4622-BD42-97AA5997F014,TCGA-OL-A6VO,TCGA-BRCA,0,patient_303,slide_335
/TCGA-BRCA/titan/TCGA-A8-A06X-01Z-00-DX1.21F19EDD-ABCB-4398-B210-D795BB7A34E3.npy,TCGA-A8-A06X-01Z-00-DX1.21F19EDD-ABCB-4398-B210-D795BB7A34E3,TCGA-A8-A06X,TCGA-BRCA,0,patient_304,slide_336
/TCGA-BRCA/titan/TCGA-BH-A1EU-01Z-00-DX1.5A0956EF-0100-47FD-9026-1994CF22D0F1.npy,TCGA-BH-A1EU-01Z-00-DX1.5A0956EF-0100-47FD-9026-1994CF22D0F1,TCGA-BH-A1EU,TCGA-BRCA,0,patient_305,slide_337
/TCGA-BRCA/titan/TCGA-A2-A0T0-01Z-00-DX1.51F904DA-A4B5-4451-8AEF-58E7EF7651DB.npy,TCGA-A2-A0T0-01Z-00-DX1.51F904DA-A4B5-4451-8AEF-58E7EF7651DB,TCGA-A2-A0T0,TCGA-BRCA,0,patient_306,slide_338
/TCGA-BRCA/titan/TCGA-AO-A0J2-01Z-00-DX1.7C9FEC7B-6040-4C58-9563-D10C0D7AC72E.npy,TCGA-AO-A0J2-01Z-00-DX1.7C9FEC7B-6040-4C58-9563-D10C0D7AC72E,TCGA-AO-A0J2,TCGA-BRCA,0,patient_307,slide_339
/TCGA-BRCA/titan/TCGA-LD-A7W5-01Z-00-DX1.C9920081-C2FE-461E-AEF8-625D4A95BE2F.npy,TCGA-LD-A7W5-01Z-00-DX1.C9920081-C2FE-461E-AEF8-625D4A95BE2F,TCGA-LD-A7W5,TCGA-BRCA,0,patient_308,slide_340
/TCGA-BRCA/titan/TCGA-E2-A1IL-01Z-00-DX1.46B6AA99-C7CE-4573-B15D-2C56A708B082.npy,TCGA-E2-A1IL-01Z-00-DX1.46B6AA99-C7CE-4573-B15D-2C56A708B082,TCGA-E2-A1IL,TCGA-BRCA,1,patient_309,slide_341
/TCGA-BRCA/titan/TCGA-AR-A0TX-01Z-00-DX1.5BEA4E65-8CEC-49B2-9F29-DBE53E8ED46E.npy,TCGA-AR-A0TX-01Z-00-DX1.5BEA4E65-8CEC-49B2-9F29-DBE53E8ED46E,TCGA-AR-A0TX,TCGA-BRCA,0,patient_310,slide_342
/TCGA-BRCA/titan/TCGA-E2-A153-01Z-00-DX1.CA994467-E541-4131-A9FC-DCD9944F29C4.npy,TCGA-E2-A153-01Z-00-DX1.CA994467-E541-4131-A9FC-DCD9944F29C4,TCGA-E2-A153,TCGA-BRCA,0,patient_311,slide_343
/TCGA-BRCA/titan/TCGA-AN-A0FJ-01Z-00-DX1.97B60767-916E-4938-9D0B-E6C0FE1CB3FC.npy,TCGA-AN-A0FJ-01Z-00-DX1.97B60767-916E-4938-9D0B-E6C0FE1CB3FC,TCGA-AN-A0FJ,TCGA-BRCA,0,patient_312,slide_344
/TCGA-BRCA/titan/TCGA-E9-A5FL-01Z-00-DX1.FB810D6A-303E-45DF-BEF1-D9CE83B4417E.npy,TCGA-E9-A5FL-01Z-00-DX1.FB810D6A-303E-45DF-BEF1-D9CE83B4417E,TCGA-E9-A5FL,TCGA-BRCA,0,patient_313,slide_345
/TCGA-BRCA/titan/TCGA-A2-A0EY-01Z-00-DX1.2F2428B3-0767-48E0-AC22-443C244CBD16.npy,TCGA-A2-A0EY-01Z-00-DX1.2F2428B3-0767-48E0-AC22-443C244CBD16,TCGA-A2-A0EY,TCGA-BRCA,0,patient_314,slide_346
/TCGA-BRCA/titan/TCGA-B6-A0RO-01Z-00-DX1.3ADBFF05-92CE-41B5-BD49-CB3CE5B74CC9.npy,TCGA-B6-A0RO-01Z-00-DX1.3ADBFF05-92CE-41B5-BD49-CB3CE5B74CC9,TCGA-B6-A0RO,TCGA-BRCA,0,patient_315,slide_347
/TCGA-BRCA/titan/TCGA-A7-A13F-01Z-00-DX1.AB4ADDD3-8E1C-4AB9-813E-D137A2CFB950.npy,TCGA-A7-A13F-01Z-00-DX1.AB4ADDD3-8E1C-4AB9-813E-D137A2CFB950,TCGA-A7-A13F,TCGA-BRCA,0,patient_316,slide_348
/TCGA-BRCA/titan/TCGA-A7-A13F-01Z-00-DX2.8CC23BAD-B3CC-4BBC-832A-A3879D6EF62D.npy,TCGA-A7-A13F-01Z-00-DX2.8CC23BAD-B3CC-4BBC-832A-A3879D6EF62D,TCGA-A7-A13F,TCGA-BRCA,0,patient_316,slide_349
/TCGA-BRCA/titan/TCGA-D8-A1JE-01Z-00-DX1.714805A1-E337-46DA-88D9-6CE4B4E3C2D0.npy,TCGA-D8-A1JE-01Z-00-DX1.714805A1-E337-46DA-88D9-6CE4B4E3C2D0,TCGA-D8-A1JE,TCGA-BRCA,0,patient_317,slide_350
/TCGA-BRCA/titan/TCGA-D8-A1JE-01Z-00-DX2.CCF3DFEF-E851-425A-BCD0-0F7B377A00BC.npy,TCGA-D8-A1JE-01Z-00-DX2.CCF3DFEF-E851-425A-BCD0-0F7B377A00BC,TCGA-D8-A1JE,TCGA-BRCA,0,patient_317,slide_351
/TCGA-BRCA/titan/TCGA-D8-A13Y-01Z-00-DX1.02321E77-A11E-41A5-95FE-BB897EA5CE58.npy,TCGA-D8-A13Y-01Z-00-DX1.02321E77-A11E-41A5-95FE-BB897EA5CE58,TCGA-D8-A13Y,TCGA-BRCA,0,patient_318,slide_352
/TCGA-BRCA/titan/TCGA-D8-A13Y-01Z-00-DX2.0043D2BB-B04D-4A44-AAB1-1CAAD97AC246.npy,TCGA-D8-A13Y-01Z-00-DX2.0043D2BB-B04D-4A44-AAB1-1CAAD97AC246,TCGA-D8-A13Y,TCGA-BRCA,0,patient_318,slide_353
/TCGA-BRCA/titan/TCGA-E2-A10A-01Z-00-DX1.98B19EF1-0DAE-4DC6-8B0E-963CFABC6724.npy,TCGA-E2-A10A-01Z-00-DX1.98B19EF1-0DAE-4DC6-8B0E-963CFABC6724,TCGA-E2-A10A,TCGA-BRCA,0,patient_319,slide_354
/TCGA-BRCA/titan/TCGA-AQ-A04J-01Z-00-DX1.6A4E16D4-2696-4E5F-BCA8-708556FC3A8C.npy,TCGA-AQ-A04J-01Z-00-DX1.6A4E16D4-2696-4E5F-BCA8-708556FC3A8C,TCGA-AQ-A04J,TCGA-BRCA,0,patient_320,slide_355
/TCGA-BRCA/titan/TCGA-A8-A093-01Z-00-DX1.1C8056D1-11CD-482D-9A23-3A9D1B4E63F0.npy,TCGA-A8-A093-01Z-00-DX1.1C8056D1-11CD-482D-9A23-3A9D1B4E63F0,TCGA-A8-A093,TCGA-BRCA,0,patient_321,slide_356
/TCGA-BRCA/titan/TCGA-BH-A0DT-01Z-00-DX1.73AFCEBB-06B1-4870-ADA2-881511B1BE2D.npy,TCGA-BH-A0DT-01Z-00-DX1.73AFCEBB-06B1-4870-ADA2-881511B1BE2D,TCGA-BH-A0DT,TCGA-BRCA,0,patient_322,slide_357
/TCGA-BRCA/titan/TCGA-AQ-A54N-01Z-00-DX1.E53271E9-AFD2-4071-9B1E-CD05F63B8136.npy,TCGA-AQ-A54N-01Z-00-DX1.E53271E9-AFD2-4071-9B1E-CD05F63B8136,TCGA-AQ-A54N,TCGA-BRCA,0,patient_323,slide_358
/TCGA-BRCA/titan/TCGA-AO-A03M-01Z-00-DX1.9998A9A0-D0A6-48FC-80FB-AE597CB9E8AA.npy,TCGA-AO-A03M-01Z-00-DX1.9998A9A0-D0A6-48FC-80FB-AE597CB9E8AA,TCGA-AO-A03M,TCGA-BRCA,0,patient_324,slide_359
/TCGA-BRCA/titan/TCGA-BH-A0HF-01Z-00-DX1.1EB2F7CE-54F4-4E41-A3CF-78209770B7CE.npy,TCGA-BH-A0HF-01Z-00-DX1.1EB2F7CE-54F4-4E41-A3CF-78209770B7CE,TCGA-BH-A0HF,TCGA-BRCA,0,patient_325,slide_360
/TCGA-BRCA/titan/TCGA-Z7-A8R6-01Z-00-DX1.CE4ED818-D762-4324-9DEA-2ACB38B9B0B9.npy,TCGA-Z7-A8R6-01Z-00-DX1.CE4ED818-D762-4324-9DEA-2ACB38B9B0B9,TCGA-Z7-A8R6,TCGA-BRCA,1,patient_326,slide_361
/TCGA-BRCA/titan/TCGA-AO-A12D-01Z-00-DX1.BA006BAD-5C6E-4099-BC99-3888E69F506E.npy,TCGA-AO-A12D-01Z-00-DX1.BA006BAD-5C6E-4099-BC99-3888E69F506E,TCGA-AO-A12D,TCGA-BRCA,0,patient_327,slide_362
/TCGA-BRCA/titan/TCGA-E9-A295-01Z-00-DX1.ED6CC024-56E7-45A9-B41F-F84550A899F7.npy,TCGA-E9-A295-01Z-00-DX1.ED6CC024-56E7-45A9-B41F-F84550A899F7,TCGA-E9-A295,TCGA-BRCA,1,patient_328,slide_363
/TCGA-BRCA/titan/TCGA-A8-A090-01Z-00-DX1.01574070-D65E-486F-B69D-0F8E3816D057.npy,TCGA-A8-A090-01Z-00-DX1.01574070-D65E-486F-B69D-0F8E3816D057,TCGA-A8-A090,TCGA-BRCA,0,patient_329,slide_364
/TCGA-BRCA/titan/TCGA-A2-A1G4-01Z-00-DX1.0274DF5B-5920-419A-B778-2F04D9C602F2.npy,TCGA-A2-A1G4-01Z-00-DX1.0274DF5B-5920-419A-B778-2F04D9C602F2,TCGA-A2-A1G4,TCGA-BRCA,0,patient_330,slide_365
/TCGA-BRCA/titan/TCGA-D8-A1JI-01Z-00-DX1.9BDB647F-EEAB-4235-BE44-A3815A48CCE0.npy,TCGA-D8-A1JI-01Z-00-DX1.9BDB647F-EEAB-4235-BE44-A3815A48CCE0,TCGA-D8-A1JI,TCGA-BRCA,0,patient_331,slide_366
/TCGA-BRCA/titan/TCGA-D8-A1JI-01Z-00-DX2.E688E270-26C9-43EC-BC26-86BF8B74A31D.npy,TCGA-D8-A1JI-01Z-00-DX2.E688E270-26C9-43EC-BC26-86BF8B74A31D,TCGA-D8-A1JI,TCGA-BRCA,0,patient_331,slide_367
/TCGA-BRCA/titan/TCGA-D8-A1Y1-01Z-00-DX2.B58DC955-F864-4E78-8B1A-8156E2F7D554.npy,TCGA-D8-A1Y1-01Z-00-DX2.B58DC955-F864-4E78-8B1A-8156E2F7D554,TCGA-D8-A1Y1,TCGA-BRCA,0,patient_332,slide_368
/TCGA-BRCA/titan/TCGA-D8-A1Y1-01Z-00-DX1.477390C8-2141-4ADD-813E-25220D2A71FC.npy,TCGA-D8-A1Y1-01Z-00-DX1.477390C8-2141-4ADD-813E-25220D2A71FC,TCGA-D8-A1Y1,TCGA-BRCA,0,patient_332,slide_369
/TCGA-BRCA/titan/TCGA-E2-A15S-01Z-00-DX1.77CFA95F-F1AE-41BD-BAF8-BCA6F0DFA3A3.npy,TCGA-E2-A15S-01Z-00-DX1.77CFA95F-F1AE-41BD-BAF8-BCA6F0DFA3A3,TCGA-E2-A15S,TCGA-BRCA,0,patient_333,slide_370
/TCGA-BRCA/titan/TCGA-BH-A0W4-01Z-00-DX1.23E017DC-15CB-4838-AC91-CFB11B932AB0.npy,TCGA-BH-A0W4-01Z-00-DX1.23E017DC-15CB-4838-AC91-CFB11B932AB0,TCGA-BH-A0W4,TCGA-BRCA,0,patient_334,slide_371
/TCGA-BRCA/titan/TCGA-OL-A5RU-01Z-00-DX1.A48CAF2D-9310-4611-B27D-400F3A324607.npy,TCGA-OL-A5RU-01Z-00-DX1.A48CAF2D-9310-4611-B27D-400F3A324607,TCGA-OL-A5RU,TCGA-BRCA,0,patient_335,slide_372
/TCGA-BRCA/titan/TCGA-AC-A2FG-01Z-00-DX1.0F13DE40-9F7A-42C6-AB3D-02E8521B690A.npy,TCGA-AC-A2FG-01Z-00-DX1.0F13DE40-9F7A-42C6-AB3D-02E8521B690A,TCGA-AC-A2FG,TCGA-BRCA,1,patient_336,slide_373
/TCGA-BRCA/titan/TCGA-E2-A159-01Z-00-DX1.C8DC3356-CAE9-4E7A-AEFF-ABB4BE38192B.npy,TCGA-E2-A159-01Z-00-DX1.C8DC3356-CAE9-4E7A-AEFF-ABB4BE38192B,TCGA-E2-A159,TCGA-BRCA,0,patient_337,slide_374
/TCGA-BRCA/titan/TCGA-D8-A27V-01Z-00-DX2.81E4FFDF-7123-4AC3-BE24-A82564A6C34C.npy,TCGA-D8-A27V-01Z-00-DX2.81E4FFDF-7123-4AC3-BE24-A82564A6C34C,TCGA-D8-A27V,TCGA-BRCA,1,patient_338,slide_375
/TCGA-BRCA/titan/TCGA-D8-A27V-01Z-00-DX1.F937C53B-0B55-4271-843E-2C28F72CF28E.npy,TCGA-D8-A27V-01Z-00-DX1.F937C53B-0B55-4271-843E-2C28F72CF28E,TCGA-D8-A27V,TCGA-BRCA,1,patient_338,slide_376
/TCGA-BRCA/titan/TCGA-AR-A2LH-01Z-00-DX1.40D4FD67-FB13-46D9-A202-56A5791EA11C.npy,TCGA-AR-A2LH-01Z-00-DX1.40D4FD67-FB13-46D9-A202-56A5791EA11C,TCGA-AR-A2LH,TCGA-BRCA,1,patient_339,slide_377
/TCGA-BRCA/titan/TCGA-AC-A3EH-01Z-00-DX1.30160436-4DE9-4F99-87E2-214E3CA47289.npy,TCGA-AC-A3EH-01Z-00-DX1.30160436-4DE9-4F99-87E2-214E3CA47289,TCGA-AC-A3EH,TCGA-BRCA,1,patient_340,slide_378
/TCGA-BRCA/titan/TCGA-B6-A0RG-01Z-00-DX1.C83D21A0-EC61-459C-9776-EA3D91469E72.npy,TCGA-B6-A0RG-01Z-00-DX1.C83D21A0-EC61-459C-9776-EA3D91469E72,TCGA-B6-A0RG,TCGA-BRCA,0,patient_341,slide_379
/TCGA-BRCA/titan/TCGA-A2-A1FX-01Z-00-DX1.35B93F3A-9959-4D72-A702-08B27563D24F.npy,TCGA-A2-A1FX-01Z-00-DX1.35B93F3A-9959-4D72-A702-08B27563D24F,TCGA-A2-A1FX,TCGA-BRCA,0,patient_342,slide_380
/TCGA-BRCA/titan/TCGA-C8-A131-01Z-00-DX1.5CB27A29-9951-40B9-B4DB-26A4D2EA89B8.npy,TCGA-C8-A131-01Z-00-DX1.5CB27A29-9951-40B9-B4DB-26A4D2EA89B8,TCGA-C8-A131,TCGA-BRCA,0,patient_343,slide_381
/TCGA-BRCA/titan/TCGA-BH-A18N-01Z-00-DX1.FE0E24A1-8AE9-4021-B9C7-B408EE0DE329.npy,TCGA-BH-A18N-01Z-00-DX1.FE0E24A1-8AE9-4021-B9C7-B408EE0DE329,TCGA-BH-A18N,TCGA-BRCA,0,patient_344,slide_382
/TCGA-BRCA/titan/TCGA-D8-A1Y3-01Z-00-DX2.B9BD14AF-52A6-4241-B3B3-03F8F5DFC8DA.npy,TCGA-D8-A1Y3-01Z-00-DX2.B9BD14AF-52A6-4241-B3B3-03F8F5DFC8DA,TCGA-D8-A1Y3,TCGA-BRCA,0,patient_345,slide_383
/TCGA-BRCA/titan/TCGA-D8-A1Y3-01Z-00-DX1.8AA5F695-A06C-4DEA-AD71-16254A48B218.npy,TCGA-D8-A1Y3-01Z-00-DX1.8AA5F695-A06C-4DEA-AD71-16254A48B218,TCGA-D8-A1Y3,TCGA-BRCA,0,patient_345,slide_384
/TCGA-BRCA/titan/TCGA-C8-A12P-01Z-00-DX1.670B5DE8-07B0-4E4C-93FA-FA3DFFCCE50D.npy,TCGA-C8-A12P-01Z-00-DX1.670B5DE8-07B0-4E4C-93FA-FA3DFFCCE50D,TCGA-C8-A12P,TCGA-BRCA,0,patient_346,slide_385
/TCGA-BRCA/titan/TCGA-E2-A1IU-01Z-00-DX1.E2F24814-24BA-4158-8841-F27A8E100589.npy,TCGA-E2-A1IU-01Z-00-DX1.E2F24814-24BA-4158-8841-F27A8E100589,TCGA-E2-A1IU,TCGA-BRCA,0,patient_347,slide_386
/TCGA-BRCA/titan/TCGA-B6-A0RL-01Z-00-DX1.B5B6709B-5F38-4561-A0E7-C78F97B33F22.npy,TCGA-B6-A0RL-01Z-00-DX1.B5B6709B-5F38-4561-A0E7-C78F97B33F22,TCGA-B6-A0RL,TCGA-BRCA,0,patient_348,slide_387
/TCGA-BRCA/titan/TCGA-B6-A0I5-01Z-00-DX1.47A30509-4BA0-4BA5-AD9B-F2C2DB701159.npy,TCGA-B6-A0I5-01Z-00-DX1.47A30509-4BA0-4BA5-AD9B-F2C2DB701159,TCGA-B6-A0I5,TCGA-BRCA,0,patient_349,slide_388
/TCGA-BRCA/titan/TCGA-BH-A0AZ-01Z-00-DX1.E20051E8-DEEF-48E5-B519-40777DDBC96B.npy,TCGA-BH-A0AZ-01Z-00-DX1.E20051E8-DEEF-48E5-B519-40777DDBC96B,TCGA-BH-A0AZ,TCGA-BRCA,0,patient_350,slide_389
/TCGA-BRCA/titan/TCGA-BH-A0AU-01Z-00-DX1.E852F218-B15C-4CF8-8FD0-F284043834C4.npy,TCGA-BH-A0AU-01Z-00-DX1.E852F218-B15C-4CF8-8FD0-F284043834C4,TCGA-BH-A0AU,TCGA-BRCA,0,patient_351,slide_390
/TCGA-BRCA/titan/TCGA-C8-A12Z-01Z-00-DX1.22616420-7C80-42DE-9C44-0F00327681C6.npy,TCGA-C8-A12Z-01Z-00-DX1.22616420-7C80-42DE-9C44-0F00327681C6,TCGA-C8-A12Z,TCGA-BRCA,0,patient_352,slide_391
/TCGA-BRCA/titan/TCGA-A8-A08L-01Z-00-DX1.0FC652B1-336D-4198-93FE-58D2214866D3.npy,TCGA-A8-A08L-01Z-00-DX1.0FC652B1-336D-4198-93FE-58D2214866D3,TCGA-A8-A08L,TCGA-BRCA,0,patient_353,slide_392
/TCGA-BRCA/titan/TCGA-D8-A1JA-01Z-00-DX1.BD43F94A-D5A8-490E-AED4-5F3AB24080FA.npy,TCGA-D8-A1JA-01Z-00-DX1.BD43F94A-D5A8-490E-AED4-5F3AB24080FA,TCGA-D8-A1JA,TCGA-BRCA,0,patient_354,slide_393
/TCGA-BRCA/titan/TCGA-D8-A1XZ-01Z-00-DX2.73D59546-C003-4DED-80D5-866E7055EC79.npy,TCGA-D8-A1XZ-01Z-00-DX2.73D59546-C003-4DED-80D5-866E7055EC79,TCGA-D8-A1XZ,TCGA-BRCA,0,patient_355,slide_394
/TCGA-BRCA/titan/TCGA-D8-A1XZ-01Z-00-DX1.8E51A61D-B01C-4A52-8F5D-44D2ABCA46FC.npy,TCGA-D8-A1XZ-01Z-00-DX1.8E51A61D-B01C-4A52-8F5D-44D2ABCA46FC,TCGA-D8-A1XZ,TCGA-BRCA,0,patient_355,slide_395
/TCGA-BRCA/titan/TCGA-A8-A097-01Z-00-DX1.4D06990E-E759-40F0-9106-59408CF350E5.npy,TCGA-A8-A097-01Z-00-DX1.4D06990E-E759-40F0-9106-59408CF350E5,TCGA-A8-A097,TCGA-BRCA,0,patient_356,slide_396
/TCGA-BRCA/titan/TCGA-A2-A3XS-01Z-00-DX1.867925C0-91D8-40A0-9FEA-25A635AC31E7.npy,TCGA-A2-A3XS-01Z-00-DX1.867925C0-91D8-40A0-9FEA-25A635AC31E7,TCGA-A2-A3XS,TCGA-BRCA,0,patient_357,slide_397
/TCGA-BRCA/titan/TCGA-A2-A0EV-01Z-00-DX1.EA8C5594-BA4F-47A8-949B-D536E00E62C9.npy,TCGA-A2-A0EV-01Z-00-DX1.EA8C5594-BA4F-47A8-949B-D536E00E62C9,TCGA-A2-A0EV,TCGA-BRCA,0,patient_358,slide_398
/TCGA-BRCA/titan/TCGA-E2-A1LS-01Z-00-DX1.9a43a58a-df40-4375-8456-ef0071bc9eb9.npy,TCGA-E2-A1LS-01Z-00-DX1.9a43a58a-df40-4375-8456-ef0071bc9eb9,TCGA-E2-A1LS,TCGA-BRCA,0,patient_359,slide_399
/TCGA-BRCA/titan/TCGA-AR-A24Q-01Z-00-DX1.69DC7E35-DC0D-4F20-88DA-04C25F28628C.npy,TCGA-AR-A24Q-01Z-00-DX1.69DC7E35-DC0D-4F20-88DA-04C25F28628C,TCGA-AR-A24Q,TCGA-BRCA,0,patient_360,slide_400
/TCGA-BRCA/titan/TCGA-A1-A0SI-01Z-00-DX1.AB717348-F964-4F29-BBE2-972B7C640432.npy,TCGA-A1-A0SI-01Z-00-DX1.AB717348-F964-4F29-BBE2-972B7C640432,TCGA-A1-A0SI,TCGA-BRCA,0,patient_361,slide_401
/TCGA-BRCA/titan/TCGA-E2-A1IJ-01Z-00-DX1.00093877-7B01-42D3-857C-987BC1F604A3.npy,TCGA-E2-A1IJ-01Z-00-DX1.00093877-7B01-42D3-857C-987BC1F604A3,TCGA-E2-A1IJ,TCGA-BRCA,1,patient_362,slide_402
/TCGA-BRCA/titan/TCGA-A8-A06O-01Z-00-DX1.FA4495B2-5B13-4448-ADCB-EF5316E0955B.npy,TCGA-A8-A06O-01Z-00-DX1.FA4495B2-5B13-4448-ADCB-EF5316E0955B,TCGA-A8-A06O,TCGA-BRCA,0,patient_363,slide_403
/TCGA-BRCA/titan/TCGA-A8-A09M-01Z-00-DX1.E2CEA8B5-C86D-4873-BE67-359FBEECCA09.npy,TCGA-A8-A09M-01Z-00-DX1.E2CEA8B5-C86D-4873-BE67-359FBEECCA09,TCGA-A8-A09M,TCGA-BRCA,0,patient_364,slide_404
/TCGA-BRCA/titan/TCGA-BH-A0DZ-01Z-00-DX1.138BAEC2-589E-4960-B94E-DF48DDAA5490.npy,TCGA-BH-A0DZ-01Z-00-DX1.138BAEC2-589E-4960-B94E-DF48DDAA5490,TCGA-BH-A0DZ,TCGA-BRCA,0,patient_365,slide_405
/TCGA-BRCA/titan/TCGA-AO-A0JB-01Z-00-DX1.250FE098-345B-4981-9236-0519E1C9058E.npy,TCGA-AO-A0JB-01Z-00-DX1.250FE098-345B-4981-9236-0519E1C9058E,TCGA-AO-A0JB,TCGA-BRCA,0,patient_366,slide_406
/TCGA-BRCA/titan/TCGA-BH-A1EY-01Z-00-DX1.25C3DE1F-C702-4959-8DFA-69EF78AD9307.npy,TCGA-BH-A1EY-01Z-00-DX1.25C3DE1F-C702-4959-8DFA-69EF78AD9307,TCGA-BH-A1EY,TCGA-BRCA,0,patient_367,slide_407
/TCGA-BRCA/titan/TCGA-BH-A0HB-01Z-00-DX1.F90F7139-B804-4548-9FAF-9B475BF225EB.npy,TCGA-BH-A0HB-01Z-00-DX1.F90F7139-B804-4548-9FAF-9B475BF225EB,TCGA-BH-A0HB,TCGA-BRCA,0,patient_368,slide_408
/TCGA-BRCA/titan/TCGA-AC-A2FB-01Z-00-DX1.A4D93E32-BBD7-45E4-8ACF-3724B059ECBC.npy,TCGA-AC-A2FB-01Z-00-DX1.A4D93E32-BBD7-45E4-8ACF-3724B059ECBC,TCGA-AC-A2FB,TCGA-BRCA,1,patient_369,slide_409
/TCGA-BRCA/titan/TCGA-AR-A24W-01Z-00-DX1.0663B4A3-6475-4981-91F0-20D2C79CBF89.npy,TCGA-AR-A24W-01Z-00-DX1.0663B4A3-6475-4981-91F0-20D2C79CBF89,TCGA-AR-A24W,TCGA-BRCA,0,patient_370,slide_410
/TCGA-BRCA/titan/TCGA-WT-AB41-01Z-00-DX1.75BDFDF2-CD87-46D1-B32C-725741CB02BE.npy,TCGA-WT-AB41-01Z-00-DX1.75BDFDF2-CD87-46D1-B32C-725741CB02BE,TCGA-WT-AB41,TCGA-BRCA,0,patient_371,slide_411
/TCGA-BRCA/titan/TCGA-AQ-A04H-01Z-00-DX1.5AC1E459-EF27-401D-98FD-0AC16559AF17.npy,TCGA-AQ-A04H-01Z-00-DX1.5AC1E459-EF27-401D-98FD-0AC16559AF17,TCGA-AQ-A04H,TCGA-BRCA,0,patient_372,slide_412
/TCGA-BRCA/titan/TCGA-A8-A0A1-01Z-00-DX1.CA64E221-E2A8-42B5-B611-25B9FE5FB0B0.npy,TCGA-A8-A0A1-01Z-00-DX1.CA64E221-E2A8-42B5-B611-25B9FE5FB0B0,TCGA-A8-A0A1,TCGA-BRCA,1,patient_373,slide_413
/TCGA-BRCA/titan/TCGA-D8-A141-01Z-00-DX2.DBD0D81E-28FC-4466-BDE3-94753BD6CBEB.npy,TCGA-D8-A141-01Z-00-DX2.DBD0D81E-28FC-4466-BDE3-94753BD6CBEB,TCGA-D8-A141,TCGA-BRCA,0,patient_374,slide_414
/TCGA-BRCA/titan/TCGA-D8-A141-01Z-00-DX1.10F6EEB2-C920-43FF-B5A7-B5A651CBDBE3.npy,TCGA-D8-A141-01Z-00-DX1.10F6EEB2-C920-43FF-B5A7-B5A651CBDBE3,TCGA-D8-A141,TCGA-BRCA,0,patient_374,slide_415
/TCGA-BRCA/titan/TCGA-PE-A5DC-01Z-00-DX1.8E6953AD-C14A-43F5-B062-E31AB13C7BDF.npy,TCGA-PE-A5DC-01Z-00-DX1.8E6953AD-C14A-43F5-B062-E31AB13C7BDF,TCGA-PE-A5DC,TCGA-BRCA,1,patient_375,slide_416
/TCGA-BRCA/titan/TCGA-D8-A1XO-01Z-00-DX1.A9EF6AFF-62B0-4E2D-ABC7-DC06FF473890.npy,TCGA-D8-A1XO-01Z-00-DX1.A9EF6AFF-62B0-4E2D-ABC7-DC06FF473890,TCGA-D8-A1XO,TCGA-BRCA,1,patient_376,slide_417
/TCGA-BRCA/titan/TCGA-AN-A0AK-01Z-00-DX1.4B410152-8588-4000-870A-B31B21161015.npy,TCGA-AN-A0AK-01Z-00-DX1.4B410152-8588-4000-870A-B31B21161015,TCGA-AN-A0AK,TCGA-BRCA,0,patient_377,slide_418
/TCGA-BRCA/titan/TCGA-E2-A1LB-01Z-00-DX1.B4AFDB08-BA09-4F6E-806E-4054B790AB8E.npy,TCGA-E2-A1LB-01Z-00-DX1.B4AFDB08-BA09-4F6E-806E-4054B790AB8E,TCGA-E2-A1LB,TCGA-BRCA,0,patient_378,slide_419
/TCGA-BRCA/titan/TCGA-GM-A3XL-01Z-00-DX1.CCE8AA1D-9194-4E49-9546-DBF25A35847C.npy,TCGA-GM-A3XL-01Z-00-DX1.CCE8AA1D-9194-4E49-9546-DBF25A35847C,TCGA-GM-A3XL,TCGA-BRCA,0,patient_379,slide_420
/TCGA-BRCA/titan/TCGA-E9-A243-01Z-00-DX1.9A3B34E5-25EF-4243-8680-FABF2F1CCDA9.npy,TCGA-E9-A243-01Z-00-DX1.9A3B34E5-25EF-4243-8680-FABF2F1CCDA9,TCGA-E9-A243,TCGA-BRCA,0,patient_380,slide_421
/TCGA-BRCA/titan/TCGA-AO-A126-01Z-00-DX1.D9D6AA15-32F0-44BD-AF30-36191784FFA2.npy,TCGA-AO-A126-01Z-00-DX1.D9D6AA15-32F0-44BD-AF30-36191784FFA2,TCGA-AO-A126,TCGA-BRCA,0,patient_381,slide_422
/TCGA-BRCA/titan/TCGA-S3-AA12-01Z-00-DX1.2A991B9F-E7E6-410B-B0BF-635E3CC40C7E.npy,TCGA-S3-AA12-01Z-00-DX1.2A991B9F-E7E6-410B-B0BF-635E3CC40C7E,TCGA-S3-AA12,TCGA-BRCA,0,patient_382,slide_423
/TCGA-BRCA/titan/TCGA-S3-AA12-01Z-00-DX2.4F0A4F18-41C7-4497-A7B8-5DCE610E08AD.npy,TCGA-S3-AA12-01Z-00-DX2.4F0A4F18-41C7-4497-A7B8-5DCE610E08AD,TCGA-S3-AA12,TCGA-BRCA,0,patient_382,slide_424
/TCGA-BRCA/titan/TCGA-LL-A7SZ-01Z-00-DX1.4DAF6421-6A1D-41C8-BFD6-859FE10CB8CC.npy,TCGA-LL-A7SZ-01Z-00-DX1.4DAF6421-6A1D-41C8-BFD6-859FE10CB8CC,TCGA-LL-A7SZ,TCGA-BRCA,0,patient_383,slide_425
/TCGA-BRCA/titan/TCGA-GM-A2DA-01Z-00-DX1.6E409F88-F654-48C8-A753-BB054037BE16.npy,TCGA-GM-A2DA-01Z-00-DX1.6E409F88-F654-48C8-A753-BB054037BE16,TCGA-GM-A2DA,TCGA-BRCA,0,patient_384,slide_426
/TCGA-BRCA/titan/TCGA-A2-A0CR-01Z-00-DX1.F7D36CA5-A4C6-443A-AEED-5B23CD924FA3.npy,TCGA-A2-A0CR-01Z-00-DX1.F7D36CA5-A4C6-443A-AEED-5B23CD924FA3,TCGA-A2-A0CR,TCGA-BRCA,1,patient_385,slide_427
/TCGA-BRCA/titan/TCGA-E2-A1B4-01Z-00-DX1.E585C4FB-0D3E-4160-8192-53A329648F5C.npy,TCGA-E2-A1B4-01Z-00-DX1.E585C4FB-0D3E-4160-8192-53A329648F5C,TCGA-E2-A1B4,TCGA-BRCA,0,patient_386,slide_428
/TCGA-BRCA/titan/TCGA-D8-A1JP-01Z-00-DX1.B02959C4-6AAD-4ACA-9838-61D224D838E4.npy,TCGA-D8-A1JP-01Z-00-DX1.B02959C4-6AAD-4ACA-9838-61D224D838E4,TCGA-D8-A1JP,TCGA-BRCA,0,patient_387,slide_429
/TCGA-BRCA/titan/TCGA-A8-A07L-01Z-00-DX1.D9E1051F-724E-4E88-940A-C97005DC5BEB.npy,TCGA-A8-A07L-01Z-00-DX1.D9E1051F-724E-4E88-940A-C97005DC5BEB,TCGA-A8-A07L,TCGA-BRCA,0,patient_388,slide_430
/TCGA-BRCA/titan/TCGA-AC-A62Y-01Z-00-DX1.5075F4DA-488C-40AD-BD73-6DE8953E1864.npy,TCGA-AC-A62Y-01Z-00-DX1.5075F4DA-488C-40AD-BD73-6DE8953E1864,TCGA-AC-A62Y,TCGA-BRCA,1,patient_389,slide_431
/TCGA-BRCA/titan/TCGA-BH-A0W7-01Z-00-DX1.93F11232-A1FB-4682-B744-3531D4DF11AF.npy,TCGA-BH-A0W7-01Z-00-DX1.93F11232-A1FB-4682-B744-3531D4DF11AF,TCGA-BH-A0W7,TCGA-BRCA,0,patient_390,slide_432
/TCGA-BRCA/titan/TCGA-JL-A3YW-01Z-00-DX1.827C5C53-9C30-4307-802A-5A7896828A7F.npy,TCGA-JL-A3YW-01Z-00-DX1.827C5C53-9C30-4307-802A-5A7896828A7F,TCGA-JL-A3YW,TCGA-BRCA,1,patient_391,slide_433
/TCGA-BRCA/titan/TCGA-BH-A0HA-01Z-00-DX1.5A2F5C86-E1E7-445D-A4E3-29980FA37708.npy,TCGA-BH-A0HA-01Z-00-DX1.5A2F5C86-E1E7-445D-A4E3-29980FA37708,TCGA-BH-A0HA,TCGA-BRCA,0,patient_392,slide_434
/TCGA-BRCA/titan/TCGA-A2-A4RY-01Z-00-DX1.143E32FC-E10F-4590-9C72-32094B24EF8C.npy,TCGA-A2-A4RY-01Z-00-DX1.143E32FC-E10F-4590-9C72-32094B24EF8C,TCGA-A2-A4RY,TCGA-BRCA,1,patient_393,slide_435
/TCGA-BRCA/titan/TCGA-AR-A255-01Z-00-DX1.E67C081D-50C9-451C-814B-F097B2671300.npy,TCGA-AR-A255-01Z-00-DX1.E67C081D-50C9-451C-814B-F097B2671300,TCGA-AR-A255,TCGA-BRCA,0,patient_394,slide_436
/TCGA-BRCA/titan/TCGA-E2-A1LA-01Z-00-DX1.AE49E943-B830-4ED9-B09E-E499441BC2EC.npy,TCGA-E2-A1LA-01Z-00-DX1.AE49E943-B830-4ED9-B09E-E499441BC2EC,TCGA-E2-A1LA,TCGA-BRCA,0,patient_395,slide_437
/TCGA-BRCA/titan/TCGA-A7-A0CD-01Z-00-DX1.F045B9C8-049C-41BF-8432-EF89F236D34D.npy,TCGA-A7-A0CD-01Z-00-DX1.F045B9C8-049C-41BF-8432-EF89F236D34D,TCGA-A7-A0CD,TCGA-BRCA,0,patient_396,slide_438
/TCGA-BRCA/titan/TCGA-A7-A0CD-01Z-00-DX2.609CED8D-5947-4753-A75B-73A8343B47EC.npy,TCGA-A7-A0CD-01Z-00-DX2.609CED8D-5947-4753-A75B-73A8343B47EC,TCGA-A7-A0CD,TCGA-BRCA,0,patient_396,slide_439
/TCGA-BRCA/titan/TCGA-A8-A082-01Z-00-DX1.5F82E38D-0DFD-4C2C-BC05-8F0EFEFC507C.npy,TCGA-A8-A082-01Z-00-DX1.5F82E38D-0DFD-4C2C-BC05-8F0EFEFC507C,TCGA-A8-A082,TCGA-BRCA,0,patient_397,slide_440
/TCGA-BRCA/titan/TCGA-BH-A1EN-01Z-00-DX1.F535657F-E2FA-4283-87AE-7DAB663B196B.npy,TCGA-BH-A1EN-01Z-00-DX1.F535657F-E2FA-4283-87AE-7DAB663B196B,TCGA-BH-A1EN,TCGA-BRCA,0,patient_398,slide_441
/TCGA-BRCA/titan/TCGA-BH-A0E6-01Z-00-DX1.44DFEFB4-FA05-4246-8D6B-55BA8C3275DB.npy,TCGA-BH-A0E6-01Z-00-DX1.44DFEFB4-FA05-4246-8D6B-55BA8C3275DB,TCGA-BH-A0E6,TCGA-BRCA,0,patient_399,slide_442
/TCGA-BRCA/titan/TCGA-A8-A06Z-01Z-00-DX1.2BC8B71D-E01B-4CC1-B5E7-09BB54A5E1F8.npy,TCGA-A8-A06Z-01Z-00-DX1.2BC8B71D-E01B-4CC1-B5E7-09BB54A5E1F8,TCGA-A8-A06Z,TCGA-BRCA,0,patient_400,slide_443
/TCGA-BRCA/titan/TCGA-AN-A0FZ-01Z-00-DX1.9555AF11-3A0D-4FE3-AE91-09DA77B175CA.npy,TCGA-AN-A0FZ-01Z-00-DX1.9555AF11-3A0D-4FE3-AE91-09DA77B175CA,TCGA-AN-A0FZ,TCGA-BRCA,0,patient_401,slide_444
/TCGA-BRCA/titan/TCGA-A7-A3IY-01Z-00-DX1.B4E75265-3B2A-456C-996A-F95B5A645BF8.npy,TCGA-A7-A3IY-01Z-00-DX1.B4E75265-3B2A-456C-996A-F95B5A645BF8,TCGA-A7-A3IY,TCGA-BRCA,0,patient_402,slide_445
/TCGA-BRCA/titan/TCGA-D8-A1JJ-01Z-00-DX1.a986b48f-b295-4d7a-b778-ce829cdf9c38.npy,TCGA-D8-A1JJ-01Z-00-DX1.a986b48f-b295-4d7a-b778-ce829cdf9c38,TCGA-D8-A1JJ,TCGA-BRCA,0,patient_403,slide_446
/TCGA-BRCA/titan/TCGA-D8-A1JJ-01Z-00-DX2.7D20F308-7DC6-4367-9459-3AC4C654E7F7.npy,TCGA-D8-A1JJ-01Z-00-DX2.7D20F308-7DC6-4367-9459-3AC4C654E7F7,TCGA-D8-A1JJ,TCGA-BRCA,0,patient_403,slide_447
/TCGA-BRCA/titan/TCGA-A2-A0ST-01Z-00-DX1.AE05A5DB-4861-40DE-B0F5-7955FC903A96.npy,TCGA-A2-A0ST-01Z-00-DX1.AE05A5DB-4861-40DE-B0F5-7955FC903A96,TCGA-A2-A0ST,TCGA-BRCA,0,patient_404,slide_448
/TCGA-BRCA/titan/TCGA-E2-A14Q-01Z-00-DX1.C19BA7FD-D986-4E3B-9A79-F3531A78F05D.npy,TCGA-E2-A14Q-01Z-00-DX1.C19BA7FD-D986-4E3B-9A79-F3531A78F05D,TCGA-E2-A14Q,TCGA-BRCA,0,patient_405,slide_449
/TCGA-BRCA/titan/TCGA-E2-A15J-01Z-00-DX1.BF7901D1-30B1-4A76-B0A5-E9B8B36EF4C9.npy,TCGA-E2-A15J-01Z-00-DX1.BF7901D1-30B1-4A76-B0A5-E9B8B36EF4C9,TCGA-E2-A15J,TCGA-BRCA,0,patient_406,slide_450
/TCGA-BRCA/titan/TCGA-AC-A3TM-01Z-00-DX1.4421EE37-A2CC-4638-AC44-9C26CB09FDC1.npy,TCGA-AC-A3TM-01Z-00-DX1.4421EE37-A2CC-4638-AC44-9C26CB09FDC1,TCGA-AC-A3TM,TCGA-BRCA,1,patient_407,slide_451
/TCGA-BRCA/titan/TCGA-E2-A1BD-01Z-00-DX1.A2AFF7AD-ED47-43E4-87FE-62882BAEB8DA.npy,TCGA-E2-A1BD-01Z-00-DX1.A2AFF7AD-ED47-43E4-87FE-62882BAEB8DA,TCGA-E2-A1BD,TCGA-BRCA,0,patient_408,slide_452
/TCGA-BRCA/titan/TCGA-AC-A8OS-01Z-00-DX1.3FD44846-8BD2-4A7A-9A87-8D3D29C25F60.npy,TCGA-AC-A8OS-01Z-00-DX1.3FD44846-8BD2-4A7A-9A87-8D3D29C25F60,TCGA-AC-A8OS,TCGA-BRCA,1,patient_409,slide_453
/TCGA-BRCA/titan/TCGA-AR-A24S-01Z-00-DX1.317C3B19-0D0F-4315-AC2D-C741F09DD775.npy,TCGA-AR-A24S-01Z-00-DX1.317C3B19-0D0F-4315-AC2D-C741F09DD775,TCGA-AR-A24S,TCGA-BRCA,0,patient_410,slide_454
/TCGA-BRCA/titan/TCGA-A2-A25B-01Z-00-DX1.58D7BEDE-5558-4A9E-A95E-DDF24C9267EF.npy,TCGA-A2-A25B-01Z-00-DX1.58D7BEDE-5558-4A9E-A95E-DDF24C9267EF,TCGA-A2-A25B,TCGA-BRCA,0,patient_411,slide_455
/TCGA-BRCA/titan/TCGA-E9-A2JT-01Z-00-DX1.49C2B936-3B1A-4014-8B43-26D483DEF53A.npy,TCGA-E9-A2JT-01Z-00-DX1.49C2B936-3B1A-4014-8B43-26D483DEF53A,TCGA-E9-A2JT,TCGA-BRCA,1,patient_412,slide_456
/TCGA-BRCA/titan/TCGA-EW-A1J1-01Z-00-DX1.FFC2D5DB-E6D0-4143-A1E7-0A2027846C8C.npy,TCGA-EW-A1J1-01Z-00-DX1.FFC2D5DB-E6D0-4143-A1E7-0A2027846C8C,TCGA-EW-A1J1,TCGA-BRCA,0,patient_413,slide_457
/TCGA-BRCA/titan/TCGA-A8-A06P-01Z-00-DX1.37660D0F-1595-43C5-9D30-58D6CB93B52C.npy,TCGA-A8-A06P-01Z-00-DX1.37660D0F-1595-43C5-9D30-58D6CB93B52C,TCGA-A8-A06P,TCGA-BRCA,0,patient_414,slide_458
/TCGA-BRCA/titan/TCGA-EW-A1PF-01Z-00-DX1.9420D058-65CE-4DF8-815F-EB407003096E.npy,TCGA-EW-A1PF-01Z-00-DX1.9420D058-65CE-4DF8-815F-EB407003096E,TCGA-EW-A1PF,TCGA-BRCA,0,patient_415,slide_459
/TCGA-BRCA/titan/TCGA-A2-A1FV-01Z-00-DX1.F70ACD9A-7819-4296-BD28-4D24BBA8AFF4.npy,TCGA-A2-A1FV-01Z-00-DX1.F70ACD9A-7819-4296-BD28-4D24BBA8AFF4,TCGA-A2-A1FV,TCGA-BRCA,1,patient_416,slide_460
/TCGA-BRCA/titan/TCGA-OL-A5S0-01Z-00-DX1.49A7AC9D-C186-406C-BA67-2D73DE82E13B.npy,TCGA-OL-A5S0-01Z-00-DX1.49A7AC9D-C186-406C-BA67-2D73DE82E13B,TCGA-OL-A5S0,TCGA-BRCA,0,patient_417,slide_461
/TCGA-BRCA/titan/TCGA-BH-A18F-01Z-00-DX1.81A81589-2D77-4CD6-BD34-76E292AA031D.npy,TCGA-BH-A18F-01Z-00-DX1.81A81589-2D77-4CD6-BD34-76E292AA031D,TCGA-BH-A18F,TCGA-BRCA,0,patient_418,slide_462
/TCGA-BRCA/titan/TCGA-A2-A25F-01Z-00-DX1.87499CD4-E41C-46B1-AAF3-5CE881F2B8BC.npy,TCGA-A2-A25F-01Z-00-DX1.87499CD4-E41C-46B1-AAF3-5CE881F2B8BC,TCGA-A2-A25F,TCGA-BRCA,0,patient_419,slide_463
/TCGA-BRCA/titan/TCGA-E9-A54Y-01Z-00-DX1.5FD70369-6514-4E5E-8BEF-65DAC5671E1A.npy,TCGA-E9-A54Y-01Z-00-DX1.5FD70369-6514-4E5E-8BEF-65DAC5671E1A,TCGA-E9-A54Y,TCGA-BRCA,1,patient_420,slide_464
/TCGA-BRCA/titan/TCGA-BH-A0EE-01Z-00-DX1.872EA586-25C8-4835-A138-152DFA1EBF30.npy,TCGA-BH-A0EE-01Z-00-DX1.872EA586-25C8-4835-A138-152DFA1EBF30,TCGA-BH-A0EE,TCGA-BRCA,0,patient_421,slide_465
/TCGA-BRCA/titan/TCGA-AC-A3TN-01Z-00-DX1.F00E81C7-0CA2-49E8-A30F-DE423538E93C.npy,TCGA-AC-A3TN-01Z-00-DX1.F00E81C7-0CA2-49E8-A30F-DE423538E93C,TCGA-AC-A3TN,TCGA-BRCA,1,patient_422,slide_466
/TCGA-BRCA/titan/TCGA-A8-A08X-01Z-00-DX1.01FB49CC-6B8E-4317-8C42-6B6D81187A40.npy,TCGA-A8-A08X-01Z-00-DX1.01FB49CC-6B8E-4317-8C42-6B6D81187A40,TCGA-A8-A08X,TCGA-BRCA,0,patient_423,slide_467
/TCGA-BRCA/titan/TCGA-OL-A66N-01Z-00-DX1.ABDA3014-7B3A-4D48-A415-CB9608491ECB.npy,TCGA-OL-A66N-01Z-00-DX1.ABDA3014-7B3A-4D48-A415-CB9608491ECB,TCGA-OL-A66N,TCGA-BRCA,1,patient_424,slide_468
/TCGA-BRCA/titan/TCGA-AN-A046-01Z-00-DX1.C529B94F-AFE3-4701-BC98-5D6EDF7B82C0.npy,TCGA-AN-A046-01Z-00-DX1.C529B94F-AFE3-4701-BC98-5D6EDF7B82C0,TCGA-AN-A046,TCGA-BRCA,0,patient_425,slide_469
/TCGA-BRCA/titan/TCGA-AR-A1AH-01Z-00-DX1.5D5D7774-77BB-4EA0-9E8E-A8D28F70A575.npy,TCGA-AR-A1AH-01Z-00-DX1.5D5D7774-77BB-4EA0-9E8E-A8D28F70A575,TCGA-AR-A1AH,TCGA-BRCA,0,patient_426,slide_470
/TCGA-BRCA/titan/TCGA-D8-A4Z1-01Z-00-DX1.D39D38B5-FC9F-4298-8720-016407DC6591.npy,TCGA-D8-A4Z1-01Z-00-DX1.D39D38B5-FC9F-4298-8720-016407DC6591,TCGA-D8-A4Z1,TCGA-BRCA,1,patient_427,slide_471
/TCGA-BRCA/titan/TCGA-E2-A1L6-01Z-00-DX1.AFE87067-2BFD-42C2-9334-9DDE8AB61B49.npy,TCGA-E2-A1L6-01Z-00-DX1.AFE87067-2BFD-42C2-9334-9DDE8AB61B49,TCGA-E2-A1L6,TCGA-BRCA,0,patient_428,slide_472
/TCGA-BRCA/titan/TCGA-GM-A4E0-01Z-00-DX1.55A5D765-AA35-4052-9185-6872B580F0F6.npy,TCGA-GM-A4E0-01Z-00-DX1.55A5D765-AA35-4052-9185-6872B580F0F6,TCGA-GM-A4E0,TCGA-BRCA,1,patient_429,slide_473
/TCGA-BRCA/titan/TCGA-C8-A135-01Z-00-DX1.B69A605E-B577-4F43-9471-2C95312B05D9.npy,TCGA-C8-A135-01Z-00-DX1.B69A605E-B577-4F43-9471-2C95312B05D9,TCGA-C8-A135,TCGA-BRCA,0,patient_430,slide_474
/TCGA-BRCA/titan/TCGA-BH-A18T-01Z-00-DX1.90123A74-F631-4538-AB2E-4076486ADF88.npy,TCGA-BH-A18T-01Z-00-DX1.90123A74-F631-4538-AB2E-4076486ADF88,TCGA-BH-A18T,TCGA-BRCA,0,patient_431,slide_475
/TCGA-BRCA/titan/TCGA-AR-A1AL-01Z-00-DX1.0970370F-6D4B-449A-AF33-76355DD99F91.npy,TCGA-AR-A1AL-01Z-00-DX1.0970370F-6D4B-449A-AF33-76355DD99F91,TCGA-AR-A1AL,TCGA-BRCA,1,patient_432,slide_476
/TCGA-BRCA/titan/TCGA-BH-A1EV-01Z-00-DX1.106CF220-1D7D-40DD-88B2-A7F00B758F8F.npy,TCGA-BH-A1EV-01Z-00-DX1.106CF220-1D7D-40DD-88B2-A7F00B758F8F,TCGA-BH-A1EV,TCGA-BRCA,0,patient_433,slide_477
/TCGA-BRCA/titan/TCGA-D8-A1JG-01Z-00-DX1.BA6D5CC7-3A9B-4D17-A86A-B159D345A216.npy,TCGA-D8-A1JG-01Z-00-DX1.BA6D5CC7-3A9B-4D17-A86A-B159D345A216,TCGA-D8-A1JG,TCGA-BRCA,0,patient_434,slide_478
/TCGA-BRCA/titan/TCGA-C8-A12O-01Z-00-DX1.A77E552B-7B69-45B7-B341-A03571F2A06C.npy,TCGA-C8-A12O-01Z-00-DX1.A77E552B-7B69-45B7-B341-A03571F2A06C,TCGA-C8-A12O,TCGA-BRCA,0,patient_435,slide_479
/TCGA-BRCA/titan/TCGA-BH-A201-01Z-00-DX1.6D6E3224-50A0-45A2-B231-EEF27CA7EFD2.npy,TCGA-BH-A201-01Z-00-DX1.6D6E3224-50A0-45A2-B231-EEF27CA7EFD2,TCGA-BH-A201,TCGA-BRCA,0,patient_436,slide_480
/TCGA-BRCA/titan/TCGA-A7-A26E-01Z-00-DX1.BA4A7E28-0563-4C23-82D0-AB34A2E79AE3.npy,TCGA-A7-A26E-01Z-00-DX1.BA4A7E28-0563-4C23-82D0-AB34A2E79AE3,TCGA-A7-A26E,TCGA-BRCA,1,patient_437,slide_481
/TCGA-BRCA/titan/TCGA-OL-A66O-01Z-00-DX1.5F1E4C60-5CE8-41B4-A94D-4AA80D9253F9.npy,TCGA-OL-A66O-01Z-00-DX1.5F1E4C60-5CE8-41B4-A94D-4AA80D9253F9,TCGA-OL-A66O,TCGA-BRCA,0,patient_438,slide_482
/TCGA-BRCA/titan/TCGA-EW-A6SB-01Z-00-DX1.D56E1922-01A9-4AEE-AB95-D69447DD13EE.npy,TCGA-EW-A6SB-01Z-00-DX1.D56E1922-01A9-4AEE-AB95-D69447DD13EE,TCGA-EW-A6SB,TCGA-BRCA,0,patient_439,slide_483
/TCGA-BRCA/titan/TCGA-E2-A1L8-01Z-00-DX1.842BF73D-2D64-4ABA-880D-DBE8F4C2AA19.npy,TCGA-E2-A1L8-01Z-00-DX1.842BF73D-2D64-4ABA-880D-DBE8F4C2AA19,TCGA-E2-A1L8,TCGA-BRCA,1,patient_440,slide_484
/TCGA-BRCA/titan/TCGA-D8-A27R-01Z-00-DX1.F6E2FD1C-0666-4788-8D95-A76D15907270.npy,TCGA-D8-A27R-01Z-00-DX1.F6E2FD1C-0666-4788-8D95-A76D15907270,TCGA-D8-A27R,TCGA-BRCA,0,patient_441,slide_485
/TCGA-BRCA/titan/TCGA-D8-A27R-01Z-00-DX2.31F47D8F-DFD7-42AE-BBBA-7DBBA12FA97D.npy,TCGA-D8-A27R-01Z-00-DX2.31F47D8F-DFD7-42AE-BBBA-7DBBA12FA97D,TCGA-D8-A27R,TCGA-BRCA,0,patient_441,slide_486
/TCGA-BRCA/titan/TCGA-A8-A0A7-01Z-00-DX1.A0FD4EEF-B536-47C1-BDA1-7AC71BA3E978.npy,TCGA-A8-A0A7-01Z-00-DX1.A0FD4EEF-B536-47C1-BDA1-7AC71BA3E978,TCGA-A8-A0A7,TCGA-BRCA,1,patient_442,slide_487
/TCGA-BRCA/titan/TCGA-E9-A1RF-01Z-00-DX1.ee37dfd4-1431-4e80-bd7e-3e1f878273e0.npy,TCGA-E9-A1RF-01Z-00-DX1.ee37dfd4-1431-4e80-bd7e-3e1f878273e0,TCGA-E9-A1RF,TCGA-BRCA,0,patient_443,slide_488
/TCGA-BRCA/titan/TCGA-BH-A0DQ-01Z-00-DX1.5A98747C-52D9-45AD-BC84-934A96F069EB.npy,TCGA-BH-A0DQ-01Z-00-DX1.5A98747C-52D9-45AD-BC84-934A96F069EB,TCGA-BH-A0DQ,TCGA-BRCA,0,patient_444,slide_489
/TCGA-BRCA/titan/TCGA-OL-A6VQ-01Z-00-DX1.E3B81163-0239-47C3-B53F-064405B58685.npy,TCGA-OL-A6VQ-01Z-00-DX1.E3B81163-0239-47C3-B53F-064405B58685,TCGA-OL-A6VQ,TCGA-BRCA,1,patient_445,slide_490
/TCGA-BRCA/titan/TCGA-AR-A24T-01Z-00-DX1.3B325D54-38EC-4E16-BDE1-628894CC15AA.npy,TCGA-AR-A24T-01Z-00-DX1.3B325D54-38EC-4E16-BDE1-628894CC15AA,TCGA-AR-A24T,TCGA-BRCA,1,patient_446,slide_491
/TCGA-BRCA/titan/TCGA-EW-A1P3-01Z-00-DX1.EF69B964-57D6-4F8E-A183-A3022AF6E835.npy,TCGA-EW-A1P3-01Z-00-DX1.EF69B964-57D6-4F8E-A183-A3022AF6E835,TCGA-EW-A1P3,TCGA-BRCA,0,patient_447,slide_492
/TCGA-BRCA/titan/TCGA-BH-A0EB-01Z-00-DX1.70D7BBA0-214D-4D1A-933C-7CFCDA5416A3.npy,TCGA-BH-A0EB-01Z-00-DX1.70D7BBA0-214D-4D1A-933C-7CFCDA5416A3,TCGA-BH-A0EB,TCGA-BRCA,0,patient_448,slide_493
/TCGA-BRCA/titan/TCGA-LL-A8F5-01Z-00-DX1.7579425E-1425-4160-A9DD-3D50F4C5428D.npy,TCGA-LL-A8F5-01Z-00-DX1.7579425E-1425-4160-A9DD-3D50F4C5428D,TCGA-LL-A8F5,TCGA-BRCA,0,patient_449,slide_494
/TCGA-BRCA/titan/TCGA-B6-A1KC-01Z-00-DX1.4DD3E48B-F434-499F-9FF1-0FFD2883A375.npy,TCGA-B6-A1KC-01Z-00-DX1.4DD3E48B-F434-499F-9FF1-0FFD2883A375,TCGA-B6-A1KC,TCGA-BRCA,0,patient_450,slide_495
/TCGA-BRCA/titan/TCGA-A8-A06U-01Z-00-DX1.56070AB9-A73E-44B8-8051-D93E8F881BBE.npy,TCGA-A8-A06U-01Z-00-DX1.56070AB9-A73E-44B8-8051-D93E8F881BBE,TCGA-A8-A06U,TCGA-BRCA,0,patient_451,slide_496
/TCGA-BRCA/titan/TCGA-EW-A1P7-01Z-00-DX1.97575C9F-C318-45A5-A4B7-1A902B93FA3F.npy,TCGA-EW-A1P7-01Z-00-DX1.97575C9F-C318-45A5-A4B7-1A902B93FA3F,TCGA-EW-A1P7,TCGA-BRCA,0,patient_452,slide_497
/TCGA-BRCA/titan/TCGA-A2-A25E-01Z-00-DX1.46D1950B-0BAF-4A44-B58F-CD738E74CB27.npy,TCGA-A2-A25E-01Z-00-DX1.46D1950B-0BAF-4A44-B58F-CD738E74CB27,TCGA-A2-A25E,TCGA-BRCA,0,patient_453,slide_498
/TCGA-BRCA/titan/TCGA-XX-A89A-01Z-00-DX1.671E2AD6-4D1A-4579-88C1-5B0B15818126.npy,TCGA-XX-A89A-01Z-00-DX1.671E2AD6-4D1A-4579-88C1-5B0B15818126,TCGA-XX-A89A,TCGA-BRCA,1,patient_454,slide_499
/TCGA-BRCA/titan/TCGA-E2-A1L9-01Z-00-DX1.F2CC1036-8EEE-4664-962E-541B8ACB10DE.npy,TCGA-E2-A1L9-01Z-00-DX1.F2CC1036-8EEE-4664-962E-541B8ACB10DE,TCGA-E2-A1L9,TCGA-BRCA,0,patient_455,slide_500
/TCGA-BRCA/titan/TCGA-AR-A5QM-01Z-00-DX1.A9017CED-FF57-4090-95B9-94DC91854347.npy,TCGA-AR-A5QM-01Z-00-DX1.A9017CED-FF57-4090-95B9-94DC91854347,TCGA-AR-A5QM,TCGA-BRCA,1,patient_456,slide_501
/TCGA-BRCA/titan/TCGA-E2-A1AZ-01Z-00-DX1.FE769F5F-385B-4DCF-819A-735C98D84FA8.npy,TCGA-E2-A1AZ-01Z-00-DX1.FE769F5F-385B-4DCF-819A-735C98D84FA8,TCGA-E2-A1AZ,TCGA-BRCA,0,patient_457,slide_502
/TCGA-BRCA/titan/TCGA-AO-A03O-01Z-00-DX1.054BBC89-69F4-4311-814D-E343472CD2C0.npy,TCGA-AO-A03O-01Z-00-DX1.054BBC89-69F4-4311-814D-E343472CD2C0,TCGA-AO-A03O,TCGA-BRCA,0,patient_458,slide_503
/TCGA-BRCA/titan/TCGA-GM-A2DF-01Z-00-DX1.CD0BE6D7-2DB3-4193-84CC-F9BE7BF18CC2.npy,TCGA-GM-A2DF-01Z-00-DX1.CD0BE6D7-2DB3-4193-84CC-F9BE7BF18CC2,TCGA-GM-A2DF,TCGA-BRCA,0,patient_459,slide_504
/TCGA-BRCA/titan/TCGA-BH-A203-01Z-00-DX1.FAE40A13-0C4A-415F-9396-01041FF6B855.npy,TCGA-BH-A203-01Z-00-DX1.FAE40A13-0C4A-415F-9396-01041FF6B855,TCGA-BH-A203,TCGA-BRCA,0,patient_460,slide_505
/TCGA-BRCA/titan/TCGA-C8-A12K-01Z-00-DX1.D71C7974-65F7-4EF0-8FFB-9F27CEC85242.npy,TCGA-C8-A12K-01Z-00-DX1.D71C7974-65F7-4EF0-8FFB-9F27CEC85242,TCGA-C8-A12K,TCGA-BRCA,0,patient_461,slide_506
/TCGA-BRCA/titan/TCGA-C8-A27B-01Z-00-DX1.5A8A14E8-6430-4147-9C71-805024E098CB.npy,TCGA-C8-A27B-01Z-00-DX1.5A8A14E8-6430-4147-9C71-805024E098CB,TCGA-C8-A27B,TCGA-BRCA,0,patient_462,slide_507
/TCGA-BRCA/titan/TCGA-LQ-A4E4-01Z-00-DX1.CF422C39-614F-4F14-813B-95BB7B171977.npy,TCGA-LQ-A4E4-01Z-00-DX1.CF422C39-614F-4F14-813B-95BB7B171977,TCGA-LQ-A4E4,TCGA-BRCA,1,patient_463,slide_508
/TCGA-BRCA/titan/TCGA-A7-A0DC-01Z-00-DX2.795FD529-D7C2-407D-9E8A-5DCE1EF49029.npy,TCGA-A7-A0DC-01Z-00-DX2.795FD529-D7C2-407D-9E8A-5DCE1EF49029,TCGA-A7-A0DC,TCGA-BRCA,0,patient_464,slide_509
/TCGA-BRCA/titan/TCGA-A7-A0DC-01Z-00-DX1.C770781E-83E4-47DD-B658-25BBBBB32066.npy,TCGA-A7-A0DC-01Z-00-DX1.C770781E-83E4-47DD-B658-25BBBBB32066,TCGA-A7-A0DC,TCGA-BRCA,0,patient_464,slide_510
/TCGA-BRCA/titan/TCGA-LL-A73Y-01Z-00-DX1.50C20931-3AA9-40B4-8A73-56B1976423A8.npy,TCGA-LL-A73Y-01Z-00-DX1.50C20931-3AA9-40B4-8A73-56B1976423A8,TCGA-LL-A73Y,TCGA-BRCA,0,patient_465,slide_511
/TCGA-BRCA/titan/TCGA-Z7-A8R5-01Z-00-DX1.3BDB407F-514C-4131-B058-FA1E69154276.npy,TCGA-Z7-A8R5-01Z-00-DX1.3BDB407F-514C-4131-B058-FA1E69154276,TCGA-Z7-A8R5,TCGA-BRCA,1,patient_466,slide_512
/TCGA-BRCA/titan/TCGA-E2-A1B6-01Z-00-DX1.8CD458BE-C4F9-4AF3-A927-18C042E9B4B7.npy,TCGA-E2-A1B6-01Z-00-DX1.8CD458BE-C4F9-4AF3-A927-18C042E9B4B7,TCGA-E2-A1B6,TCGA-BRCA,0,patient_467,slide_513
/TCGA-BRCA/titan/TCGA-BH-A0B1-01Z-00-DX1.CC60D284-04FB-4B73-90AA-FCE9185DADB6.npy,TCGA-BH-A0B1-01Z-00-DX1.CC60D284-04FB-4B73-90AA-FCE9185DADB6,TCGA-BH-A0B1,TCGA-BRCA,0,patient_468,slide_514
/TCGA-BRCA/titan/TCGA-A2-A0SX-01Z-00-DX1.219A994C-8974-4458-98FA-FB1F14868E04.npy,TCGA-A2-A0SX-01Z-00-DX1.219A994C-8974-4458-98FA-FB1F14868E04,TCGA-A2-A0SX,TCGA-BRCA,0,patient_469,slide_515
/TCGA-BRCA/titan/TCGA-AN-A0AT-01Z-00-DX1.DFD68CD2-C25E-47BE-BC06-8CE3C657B9FD.npy,TCGA-AN-A0AT-01Z-00-DX1.DFD68CD2-C25E-47BE-BC06-8CE3C657B9FD,TCGA-AN-A0AT,TCGA-BRCA,0,patient_470,slide_516
/TCGA-BRCA/titan/TCGA-AN-A0FW-01Z-00-DX1.5EEDFC71-6ABE-4189-8C45-2127403A8F04.npy,TCGA-AN-A0FW-01Z-00-DX1.5EEDFC71-6ABE-4189-8C45-2127403A8F04,TCGA-AN-A0FW,TCGA-BRCA,0,patient_471,slide_517
/TCGA-BRCA/titan/TCGA-E2-A2P5-01Z-00-DX1.375B5E5D-D8D0-425C-9163-6DF26E31BBE1.npy,TCGA-E2-A2P5-01Z-00-DX1.375B5E5D-D8D0-425C-9163-6DF26E31BBE1,TCGA-E2-A2P5,TCGA-BRCA,1,patient_472,slide_518
/TCGA-BRCA/titan/TCGA-BH-A0B5-01Z-00-DX1.742DB0E8-8EB1-47C8-B698-8E2438FB6299.npy,TCGA-BH-A0B5-01Z-00-DX1.742DB0E8-8EB1-47C8-B698-8E2438FB6299,TCGA-BH-A0B5,TCGA-BRCA,1,patient_473,slide_519
/TCGA-BRCA/titan/TCGA-E9-A1NE-01Z-00-DX1.f332124a-cdab-4ab5-82d1-4b8b7f3c9821.npy,TCGA-E9-A1NE-01Z-00-DX1.f332124a-cdab-4ab5-82d1-4b8b7f3c9821,TCGA-E9-A1NE,TCGA-BRCA,0,patient_474,slide_520
/TCGA-BRCA/titan/TCGA-BH-A42V-01Z-00-DX1.B6D78256-05D1-45FA-826A-1B8554D60B7D.npy,TCGA-BH-A42V-01Z-00-DX1.B6D78256-05D1-45FA-826A-1B8554D60B7D,TCGA-BH-A42V,TCGA-BRCA,0,patient_475,slide_521
/TCGA-BRCA/titan/TCGA-E2-A14V-01Z-00-DX1.D6274B5E-644C-478C-817F-B8BB9262D6F4.npy,TCGA-E2-A14V-01Z-00-DX1.D6274B5E-644C-478C-817F-B8BB9262D6F4,TCGA-E2-A14V,TCGA-BRCA,0,patient_476,slide_522
/TCGA-BRCA/titan/TCGA-EW-A1PG-01Z-00-DX1.A31B2048-D04D-467C-A9E4-6A63942A58C6.npy,TCGA-EW-A1PG-01Z-00-DX1.A31B2048-D04D-467C-A9E4-6A63942A58C6,TCGA-EW-A1PG,TCGA-BRCA,1,patient_477,slide_523
/TCGA-BRCA/titan/TCGA-BH-A1F8-01Z-00-DX1.8BB026F7-35CB-483F-B665-4C3A3EF47E1B.npy,TCGA-BH-A1F8-01Z-00-DX1.8BB026F7-35CB-483F-B665-4C3A3EF47E1B,TCGA-BH-A1F8,TCGA-BRCA,0,patient_478,slide_524
/TCGA-BRCA/titan/TCGA-AR-A24R-01Z-00-DX1.47D79205-63E7-43E6-A513-2CD10DFA53C9.npy,TCGA-AR-A24R-01Z-00-DX1.47D79205-63E7-43E6-A513-2CD10DFA53C9,TCGA-AR-A24R,TCGA-BRCA,0,patient_479,slide_525
/TCGA-BRCA/titan/TCGA-BH-A202-01Z-00-DX1.8CECDB74-5E6F-4CE8-B52C-A89E574F38FB.npy,TCGA-BH-A202-01Z-00-DX1.8CECDB74-5E6F-4CE8-B52C-A89E574F38FB,TCGA-BH-A202,TCGA-BRCA,0,patient_480,slide_526
/TCGA-BRCA/titan/TCGA-AN-A0XW-01Z-00-DX1.811E11E7-FA67-46BB-9BC6-1FD0106B789D.npy,TCGA-AN-A0XW-01Z-00-DX1.811E11E7-FA67-46BB-9BC6-1FD0106B789D,TCGA-AN-A0XW,TCGA-BRCA,0,patient_481,slide_527
/TCGA-BRCA/titan/TCGA-LL-A5YP-01Z-00-DX1.ADA978DF-6625-4C4D-AE0C-F589B2BA4897.npy,TCGA-LL-A5YP-01Z-00-DX1.ADA978DF-6625-4C4D-AE0C-F589B2BA4897,TCGA-LL-A5YP,TCGA-BRCA,0,patient_482,slide_528
/TCGA-BRCA/titan/TCGA-C8-A1HO-01Z-00-DX1.0C702CEE-C373-4D00-A706-32206D41AC17.npy,TCGA-C8-A1HO-01Z-00-DX1.0C702CEE-C373-4D00-A706-32206D41AC17,TCGA-C8-A1HO,TCGA-BRCA,0,patient_483,slide_529
/TCGA-BRCA/titan/TCGA-A2-A0EN-01Z-00-DX1.F43A5D17-9267-4963-993A-93AC91BDC031.npy,TCGA-A2-A0EN-01Z-00-DX1.F43A5D17-9267-4963-993A-93AC91BDC031,TCGA-A2-A0EN,TCGA-BRCA,1,patient_484,slide_530
/TCGA-BRCA/titan/TCGA-A7-A6VV-01Z-00-DX1.07AE0E16-A883-4C86-BC74-4E13081175F2.npy,TCGA-A7-A6VV-01Z-00-DX1.07AE0E16-A883-4C86-BC74-4E13081175F2,TCGA-A7-A6VV,TCGA-BRCA,0,patient_485,slide_531
/TCGA-BRCA/titan/TCGA-A7-A6VV-01Z-00-DX2.4C2BF8C1-CC84-4A6E-BC0F-430BC8BE6B26.npy,TCGA-A7-A6VV-01Z-00-DX2.4C2BF8C1-CC84-4A6E-BC0F-430BC8BE6B26,TCGA-A7-A6VV,TCGA-BRCA,0,patient_485,slide_532
/TCGA-BRCA/titan/TCGA-LL-A440-01Z-00-DX1.6E031FD6-236C-49FA-B920-4CB120C59037.npy,TCGA-LL-A440-01Z-00-DX1.6E031FD6-236C-49FA-B920-4CB120C59037,TCGA-LL-A440,TCGA-BRCA,1,patient_486,slide_533
/TCGA-BRCA/titan/TCGA-A1-A0SH-01Z-00-DX1.90E71B08-E1D9-4FC2-85AC-062E56DDF17C.npy,TCGA-A1-A0SH-01Z-00-DX1.90E71B08-E1D9-4FC2-85AC-062E56DDF17C,TCGA-A1-A0SH,TCGA-BRCA,0,patient_487,slide_534
/TCGA-BRCA/titan/TCGA-3C-AALI-01Z-00-DX2.CF4496E0-AB52-4F3E-BDF5-C34833B91B7C.npy,TCGA-3C-AALI-01Z-00-DX2.CF4496E0-AB52-4F3E-BDF5-C34833B91B7C,TCGA-3C-AALI,TCGA-BRCA,0,patient_488,slide_535
/TCGA-BRCA/titan/TCGA-3C-AALI-01Z-00-DX1.F6E9A5DF-D8FB-45CF-B4BD-C6B76294C291.npy,TCGA-3C-AALI-01Z-00-DX1.F6E9A5DF-D8FB-45CF-B4BD-C6B76294C291,TCGA-3C-AALI,TCGA-BRCA,0,patient_488,slide_536
/TCGA-BRCA/titan/TCGA-C8-A130-01Z-00-DX1.F6810204-C35A-4461-A18A-0A117739B988.npy,TCGA-C8-A130-01Z-00-DX1.F6810204-C35A-4461-A18A-0A117739B988,TCGA-C8-A130,TCGA-BRCA,0,patient_489,slide_537
/TCGA-BRCA/titan/TCGA-BH-A0RX-01Z-00-DX1.B4ABAFB9-6696-4F22-9468-DA56E1AD32D3.npy,TCGA-BH-A0RX-01Z-00-DX1.B4ABAFB9-6696-4F22-9468-DA56E1AD32D3,TCGA-BH-A0RX,TCGA-BRCA,0,patient_490,slide_538
/TCGA-BRCA/titan/TCGA-BH-A0BR-01Z-00-DX1.F7912887-8AE9-4391-9B83-9AC7B4FF38EF.npy,TCGA-BH-A0BR-01Z-00-DX1.F7912887-8AE9-4391-9B83-9AC7B4FF38EF,TCGA-BH-A0BR,TCGA-BRCA,0,patient_491,slide_539
/TCGA-BRCA/titan/TCGA-BH-A0B9-01Z-00-DX1.C23ADB4C-52D4-4DFD-B8E3-156E43F0E645.npy,TCGA-BH-A0B9-01Z-00-DX1.C23ADB4C-52D4-4DFD-B8E3-156E43F0E645,TCGA-BH-A0B9,TCGA-BRCA,0,patient_492,slide_540
/TCGA-BRCA/titan/TCGA-AN-A0AJ-01Z-00-DX1.74EE47B0-FE27-44CF-9355-C738DE1BD017.npy,TCGA-AN-A0AJ-01Z-00-DX1.74EE47B0-FE27-44CF-9355-C738DE1BD017,TCGA-AN-A0AJ,TCGA-BRCA,0,patient_493,slide_541
/TCGA-BRCA/titan/TCGA-E9-A3HO-01Z-00-DX1.8C897764-4CD4-40DE-9F8B-7F1BE5FF89C7.npy,TCGA-E9-A3HO-01Z-00-DX1.8C897764-4CD4-40DE-9F8B-7F1BE5FF89C7,TCGA-E9-A3HO,TCGA-BRCA,1,patient_494,slide_542
/TCGA-BRCA/titan/TCGA-E2-A15T-01Z-00-DX1.23913E37-53A8-4E11-9B64-CDD016F6D87A.npy,TCGA-E2-A15T-01Z-00-DX1.23913E37-53A8-4E11-9B64-CDD016F6D87A,TCGA-E2-A15T,TCGA-BRCA,0,patient_495,slide_543
/TCGA-BRCA/titan/TCGA-BH-A0HO-01Z-00-DX1.D3D66547-F5D4-40F5-B737-2FECEEB35ACB.npy,TCGA-BH-A0HO-01Z-00-DX1.D3D66547-F5D4-40F5-B737-2FECEEB35ACB,TCGA-BH-A0HO,TCGA-BRCA,0,patient_496,slide_544
/TCGA-BRCA/titan/TCGA-C8-A138-01Z-00-DX1.845A0680-23A4-4A58-A9C4-2EE17BDBD371.npy,TCGA-C8-A138-01Z-00-DX1.845A0680-23A4-4A58-A9C4-2EE17BDBD371,TCGA-C8-A138,TCGA-BRCA,0,patient_497,slide_545
/TCGA-BRCA/titan/TCGA-E9-A1N8-01Z-00-DX1.1243AB1C-75A3-4A5E-9674-53992E6DD377.npy,TCGA-E9-A1N8-01Z-00-DX1.1243AB1C-75A3-4A5E-9674-53992E6DD377,TCGA-E9-A1N8,TCGA-BRCA,0,patient_498,slide_546
/TCGA-BRCA/titan/TCGA-BH-A18G-01Z-00-DX1.DB2B5819-CE83-4E07-BD03-2CD9CF2E246C.npy,TCGA-BH-A18G-01Z-00-DX1.DB2B5819-CE83-4E07-BD03-2CD9CF2E246C,TCGA-BH-A18G,TCGA-BRCA,0,patient_499,slide_547
/TCGA-BRCA/titan/TCGA-A7-A3J0-01Z-00-DX1.59DB32BC-F59C-43B3-8DDD-4A728EBA8AB8.npy,TCGA-A7-A3J0-01Z-00-DX1.59DB32BC-F59C-43B3-8DDD-4A728EBA8AB8,TCGA-A7-A3J0,TCGA-BRCA,0,patient_500,slide_548
/TCGA-BRCA/titan/TCGA-B6-A1KF-01Z-00-DX1.2E08E830-4216-4CD0-9646-1F489300E11D.npy,TCGA-B6-A1KF-01Z-00-DX1.2E08E830-4216-4CD0-9646-1F489300E11D,TCGA-B6-A1KF,TCGA-BRCA,0,patient_501,slide_549
/TCGA-BRCA/titan/TCGA-AR-A2LM-01Z-00-DX1.CB64A062-2E35-41F9-97C7-07BB60754799.npy,TCGA-AR-A2LM-01Z-00-DX1.CB64A062-2E35-41F9-97C7-07BB60754799,TCGA-AR-A2LM,TCGA-BRCA,1,patient_502,slide_550
/TCGA-BRCA/titan/TCGA-AR-A254-01Z-00-DX1.EA5CD008-1106-41EC-998A-04EF08EEEC9D.npy,TCGA-AR-A254-01Z-00-DX1.EA5CD008-1106-41EC-998A-04EF08EEEC9D,TCGA-AR-A254,TCGA-BRCA,0,patient_503,slide_551
/TCGA-BRCA/titan/TCGA-A8-A09G-01Z-00-DX1.B834728C-DAC5-4463-961D-7E3B220905C1.npy,TCGA-A8-A09G-01Z-00-DX1.B834728C-DAC5-4463-961D-7E3B220905C1,TCGA-A8-A09G,TCGA-BRCA,0,patient_504,slide_552
/TCGA-BRCA/titan/TCGA-BH-A0BO-01Z-00-DX1.1A704471-FEB3-40F9-9838-3E347A18285F.npy,TCGA-BH-A0BO-01Z-00-DX1.1A704471-FEB3-40F9-9838-3E347A18285F,TCGA-BH-A0BO,TCGA-BRCA,0,patient_505,slide_553
/TCGA-BRCA/titan/TCGA-AO-A03L-01Z-00-DX1.DE6561A9-E6B8-4BF0-AAA8-F91C87A66037.npy,TCGA-AO-A03L-01Z-00-DX1.DE6561A9-E6B8-4BF0-AAA8-F91C87A66037,TCGA-AO-A03L,TCGA-BRCA,0,patient_506,slide_554
/TCGA-BRCA/titan/TCGA-A2-A0T6-01Z-00-DX1.207A3883-5B41-40EB-95A1-D64C9610650B.npy,TCGA-A2-A0T6-01Z-00-DX1.207A3883-5B41-40EB-95A1-D64C9610650B,TCGA-A2-A0T6,TCGA-BRCA,1,patient_507,slide_555
/TCGA-BRCA/titan/TCGA-EW-A3U0-01Z-00-DX1.526F60F9-D1EB-4613-B428-18A1FC0BAAE2.npy,TCGA-EW-A3U0-01Z-00-DX1.526F60F9-D1EB-4613-B428-18A1FC0BAAE2,TCGA-EW-A3U0,TCGA-BRCA,0,patient_508,slide_556
/TCGA-BRCA/titan/TCGA-AC-A62V-01Z-00-DX1.2D8994FD-58B8-43C1-B99D-AA964E7DFD60.npy,TCGA-AC-A62V-01Z-00-DX1.2D8994FD-58B8-43C1-B99D-AA964E7DFD60,TCGA-AC-A62V,TCGA-BRCA,0,patient_509,slide_557
/TCGA-BRCA/titan/TCGA-D8-A1XD-01Z-00-DX1.E500D561-1F49-4F08-99AE-E8345F21B406.npy,TCGA-D8-A1XD-01Z-00-DX1.E500D561-1F49-4F08-99AE-E8345F21B406,TCGA-D8-A1XD,TCGA-BRCA,0,patient_510,slide_558
/TCGA-BRCA/titan/TCGA-GM-A2DB-01Z-00-DX1.9EE36AA6-2594-44C7-B05C-91A0AEC7E511.npy,TCGA-GM-A2DB-01Z-00-DX1.9EE36AA6-2594-44C7-B05C-91A0AEC7E511,TCGA-GM-A2DB,TCGA-BRCA,0,patient_511,slide_559
/TCGA-BRCA/titan/TCGA-E2-A1IH-01Z-00-DX1.816F0C54-D87E-4E23-891B-98169F5B439B.npy,TCGA-E2-A1IH-01Z-00-DX1.816F0C54-D87E-4E23-891B-98169F5B439B,TCGA-E2-A1IH,TCGA-BRCA,1,patient_512,slide_560
/TCGA-BRCA/titan/TCGA-E2-A106-01Z-00-DX1.A8D49C06-3C93-48A6-87F8-86D646BEA28C.npy,TCGA-E2-A106-01Z-00-DX1.A8D49C06-3C93-48A6-87F8-86D646BEA28C,TCGA-E2-A106,TCGA-BRCA,0,patient_513,slide_561
/TCGA-BRCA/titan/TCGA-D8-A1XM-01Z-00-DX1.5F6A140E-5D20-45F6-B76F-0F98AB27AD08.npy,TCGA-D8-A1XM-01Z-00-DX1.5F6A140E-5D20-45F6-B76F-0F98AB27AD08,TCGA-D8-A1XM,TCGA-BRCA,0,patient_514,slide_562
/TCGA-BRCA/titan/TCGA-BH-A18Q-01Z-00-DX1.E89E49C7-D62A-4408-A3D9-19E79FCB249E.npy,TCGA-BH-A18Q-01Z-00-DX1.E89E49C7-D62A-4408-A3D9-19E79FCB249E,TCGA-BH-A18Q,TCGA-BRCA,0,patient_515,slide_563
/TCGA-BRCA/titan/TCGA-A8-A07R-01Z-00-DX1.D716752E-86AF-468B-A905-A7894B978F22.npy,TCGA-A8-A07R-01Z-00-DX1.D716752E-86AF-468B-A905-A7894B978F22,TCGA-A8-A07R,TCGA-BRCA,0,patient_516,slide_564
/TCGA-BRCA/titan/TCGA-AO-A0J8-01Z-00-DX1.9BDD4BDE-2A07-4E0C-B146-87365CA9DE3A.npy,TCGA-AO-A0J8-01Z-00-DX1.9BDD4BDE-2A07-4E0C-B146-87365CA9DE3A,TCGA-AO-A0J8,TCGA-BRCA,1,patient_517,slide_565
/TCGA-BRCA/titan/TCGA-E9-A247-01Z-00-DX1.3B2DF1CB-054A-44C4-9AD5-D8FA6D386A93.npy,TCGA-E9-A247-01Z-00-DX1.3B2DF1CB-054A-44C4-9AD5-D8FA6D386A93,TCGA-E9-A247,TCGA-BRCA,0,patient_518,slide_566
/TCGA-BRCA/titan/TCGA-GM-A2DL-01Z-00-DX1.1CE6992E-B1CE-45AB-B2EB-75338B6FEE9D.npy,TCGA-GM-A2DL-01Z-00-DX1.1CE6992E-B1CE-45AB-B2EB-75338B6FEE9D,TCGA-GM-A2DL,TCGA-BRCA,0,patient_519,slide_567
/TCGA-BRCA/titan/TCGA-A2-A0CP-01Z-00-DX1.ECFD263C-BB17-4ADA-8F2C-654C2AA4C45F.npy,TCGA-A2-A0CP-01Z-00-DX1.ECFD263C-BB17-4ADA-8F2C-654C2AA4C45F,TCGA-A2-A0CP,TCGA-BRCA,0,patient_520,slide_568
/TCGA-BRCA/titan/TCGA-A2-A0CV-01Z-00-DX1.B02D017A-61CD-45FE-BB31-705CD127DDAB.npy,TCGA-A2-A0CV-01Z-00-DX1.B02D017A-61CD-45FE-BB31-705CD127DDAB,TCGA-A2-A0CV,TCGA-BRCA,0,patient_521,slide_569
/TCGA-BRCA/titan/TCGA-D8-A1XA-01Z-00-DX1.36A807F0-2D35-4CE3-8A27-CC59181B1A3D.npy,TCGA-D8-A1XA-01Z-00-DX1.36A807F0-2D35-4CE3-8A27-CC59181B1A3D,TCGA-D8-A1XA,TCGA-BRCA,0,patient_522,slide_570
/TCGA-BRCA/titan/TCGA-EW-A3E8-01Z-00-DX1.E185B2E4-3E16-4C66-90D7-FDB9A14BA00D.npy,TCGA-EW-A3E8-01Z-00-DX1.E185B2E4-3E16-4C66-90D7-FDB9A14BA00D,TCGA-EW-A3E8,TCGA-BRCA,1,patient_523,slide_571
/TCGA-BRCA/titan/TCGA-A8-A07J-01Z-00-DX1.FE16248C-D890-4750-A9FC-5F72BE8D8B85.npy,TCGA-A8-A07J-01Z-00-DX1.FE16248C-D890-4750-A9FC-5F72BE8D8B85,TCGA-A8-A07J,TCGA-BRCA,0,patient_524,slide_572
/TCGA-BRCA/titan/TCGA-AO-A0JF-01Z-00-DX1.3277D13C-F257-4D4C-AB5C-BEBA2E1A63D8.npy,TCGA-AO-A0JF-01Z-00-DX1.3277D13C-F257-4D4C-AB5C-BEBA2E1A63D8,TCGA-AO-A0JF,TCGA-BRCA,0,patient_525,slide_573
/TCGA-BRCA/titan/TCGA-A2-A3KC-01Z-00-DX1.2532878B-49E2-48D5-82D5-00730C90EEF8.npy,TCGA-A2-A3KC-01Z-00-DX1.2532878B-49E2-48D5-82D5-00730C90EEF8,TCGA-A2-A3KC,TCGA-BRCA,1,patient_526,slide_574
/TCGA-BRCA/titan/TCGA-LL-A5YL-01Z-00-DX1.164C74AB-87D5-46CC-9D96-33FE1F88DC80.npy,TCGA-LL-A5YL-01Z-00-DX1.164C74AB-87D5-46CC-9D96-33FE1F88DC80,TCGA-LL-A5YL,TCGA-BRCA,1,patient_527,slide_575
/TCGA-BRCA/titan/TCGA-AR-A256-01Z-00-DX1.950D4546-4BF4-4380-9877-51D86A93D755.npy,TCGA-AR-A256-01Z-00-DX1.950D4546-4BF4-4380-9877-51D86A93D755,TCGA-AR-A256,TCGA-BRCA,0,patient_528,slide_576
/TCGA-BRCA/titan/TCGA-BH-A18I-01Z-00-DX1.EE699DE3-EBF4-4AB4-8319-9911F027FA18.npy,TCGA-BH-A18I-01Z-00-DX1.EE699DE3-EBF4-4AB4-8319-9911F027FA18,TCGA-BH-A18I,TCGA-BRCA,0,patient_529,slide_577
/TCGA-BRCA/titan/TCGA-AO-A129-01Z-00-DX1.BF485416-BF57-4F39-866B-4B1E201876FA.npy,TCGA-AO-A129-01Z-00-DX1.BF485416-BF57-4F39-866B-4B1E201876FA,TCGA-AO-A129,TCGA-BRCA,0,patient_530,slide_578
/TCGA-BRCA/titan/TCGA-BH-A0BL-01Z-00-DX1.D5A413B0-2141-4A6F-A671-6C5EA8641D25.npy,TCGA-BH-A0BL-01Z-00-DX1.D5A413B0-2141-4A6F-A671-6C5EA8641D25,TCGA-BH-A0BL,TCGA-BRCA,0,patient_531,slide_579
/TCGA-BRCA/titan/TCGA-D8-A1XW-01Z-00-DX1.10187A1F-086B-4CD9-AC01-ADA2E435CD34.npy,TCGA-D8-A1XW-01Z-00-DX1.10187A1F-086B-4CD9-AC01-ADA2E435CD34,TCGA-D8-A1XW,TCGA-BRCA,0,patient_532,slide_580
/TCGA-BRCA/titan/TCGA-D8-A1XW-01Z-00-DX2.9849E503-BE3E-417C-ABE8-93A39583DDE0.npy,TCGA-D8-A1XW-01Z-00-DX2.9849E503-BE3E-417C-ABE8-93A39583DDE0,TCGA-D8-A1XW,TCGA-BRCA,0,patient_532,slide_581
/TCGA-BRCA/titan/TCGA-A1-A0SJ-01Z-00-DX1.C196FA66-C376-4016-86BC-3D8E745B3A51.npy,TCGA-A1-A0SJ-01Z-00-DX1.C196FA66-C376-4016-86BC-3D8E745B3A51,TCGA-A1-A0SJ,TCGA-BRCA,0,patient_533,slide_582
/TCGA-BRCA/titan/TCGA-A2-A0YL-01Z-00-DX1.69A438C7-B1E0-4990-B1E6-586C551DC79C.npy,TCGA-A2-A0YL-01Z-00-DX1.69A438C7-B1E0-4990-B1E6-586C551DC79C,TCGA-A2-A0YL,TCGA-BRCA,1,patient_534,slide_583
/TCGA-BRCA/titan/TCGA-A8-A08R-01Z-00-DX1.72FBD9A3-5EB9-4855-89EB-697883C2EA9B.npy,TCGA-A8-A08R-01Z-00-DX1.72FBD9A3-5EB9-4855-89EB-697883C2EA9B,TCGA-A8-A08R,TCGA-BRCA,0,patient_535,slide_584
/TCGA-BRCA/titan/TCGA-C8-A26Z-01Z-00-DX1.1A15D951-F3BD-4024-91DD-E7633C09A837.npy,TCGA-C8-A26Z-01Z-00-DX1.1A15D951-F3BD-4024-91DD-E7633C09A837,TCGA-C8-A26Z,TCGA-BRCA,0,patient_536,slide_585
/TCGA-BRCA/titan/TCGA-A2-A0T1-01Z-00-DX1.CD1E9C46-18A3-466B-AA0B-24F3055FA851.npy,TCGA-A2-A0T1-01Z-00-DX1.CD1E9C46-18A3-466B-AA0B-24F3055FA851,TCGA-A2-A0T1,TCGA-BRCA,0,patient_537,slide_586
/TCGA-BRCA/titan/TCGA-BH-A0BV-01Z-00-DX1.3C9CD4F7-A001-430D-AA8D-80CAD61C344E.npy,TCGA-BH-A0BV-01Z-00-DX1.3C9CD4F7-A001-430D-AA8D-80CAD61C344E,TCGA-BH-A0BV,TCGA-BRCA,0,patient_538,slide_587
/TCGA-BRCA/titan/TCGA-BH-A0AW-01Z-00-DX1.9D50A0D2-B103-411C-831E-8520C3D50173.npy,TCGA-BH-A0AW-01Z-00-DX1.9D50A0D2-B103-411C-831E-8520C3D50173,TCGA-BH-A0AW,TCGA-BRCA,0,patient_539,slide_588
/TCGA-BRCA/titan/TCGA-OL-A5RZ-01Z-00-DX1.6394C05E-1C34-4F4B-8859-F5E961E7EFF9.npy,TCGA-OL-A5RZ-01Z-00-DX1.6394C05E-1C34-4F4B-8859-F5E961E7EFF9,TCGA-OL-A5RZ,TCGA-BRCA,0,patient_540,slide_589
/TCGA-BRCA/titan/TCGA-S3-AA17-01Z-00-DX1.9B7DC02E-ECB2-4403-A894-F418AD452E49.npy,TCGA-S3-AA17-01Z-00-DX1.9B7DC02E-ECB2-4403-A894-F418AD452E49,TCGA-S3-AA17,TCGA-BRCA,0,patient_541,slide_590
/TCGA-BRCA/titan/TCGA-BH-A0C0-01Z-00-DX1.2D32D35A-EB7E-4D0E-BE5F-E56F7B930463.npy,TCGA-BH-A0C0-01Z-00-DX1.2D32D35A-EB7E-4D0E-BE5F-E56F7B930463,TCGA-BH-A0C0,TCGA-BRCA,0,patient_542,slide_591
/TCGA-BRCA/titan/TCGA-GM-A2DO-01Z-00-DX1.60817A51-93B7-483D-ABC9-8ED6341C6660.npy,TCGA-GM-A2DO-01Z-00-DX1.60817A51-93B7-483D-ABC9-8ED6341C6660,TCGA-GM-A2DO,TCGA-BRCA,1,patient_543,slide_592
/TCGA-BRCA/titan/TCGA-A7-A4SE-01Z-00-DX1.16BC8401-E40E-4A1A-9BD9-12735C9AE3F6.npy,TCGA-A7-A4SE-01Z-00-DX1.16BC8401-E40E-4A1A-9BD9-12735C9AE3F6,TCGA-A7-A4SE,TCGA-BRCA,0,patient_544,slide_593
/TCGA-BRCA/titan/TCGA-B6-A0IH-01Z-00-DX1.3463B12E-D1B0-4FB2-B257-BFD63BA2B6BF.npy,TCGA-B6-A0IH-01Z-00-DX1.3463B12E-D1B0-4FB2-B257-BFD63BA2B6BF,TCGA-B6-A0IH,TCGA-BRCA,1,patient_545,slide_594
/TCGA-BRCA/titan/TCGA-BH-A0HI-01Z-00-DX1.89DB9F79-0DCC-4C65-831E-96AE026C2C4E.npy,TCGA-BH-A0HI-01Z-00-DX1.89DB9F79-0DCC-4C65-831E-96AE026C2C4E,TCGA-BH-A0HI,TCGA-BRCA,0,patient_546,slide_595
/TCGA-BRCA/titan/TCGA-AR-A1AV-01Z-00-DX1.93698893-7C5C-44C1-A488-ED358D523693.npy,TCGA-AR-A1AV-01Z-00-DX1.93698893-7C5C-44C1-A488-ED358D523693,TCGA-AR-A1AV,TCGA-BRCA,0,patient_547,slide_596
/TCGA-BRCA/titan/TCGA-EW-A1PC-01Z-00-DX1.45369705-AD49-419F-A0F0-EC51473BBAB9.npy,TCGA-EW-A1PC-01Z-00-DX1.45369705-AD49-419F-A0F0-EC51473BBAB9,TCGA-EW-A1PC,TCGA-BRCA,0,patient_548,slide_597
/TCGA-BRCA/titan/TCGA-BH-A1ES-01Z-00-DX1.C54C809F-748F-4BB0-B018-A8A83A4134C0.npy,TCGA-BH-A1ES-01Z-00-DX1.C54C809F-748F-4BB0-B018-A8A83A4134C0,TCGA-BH-A1ES,TCGA-BRCA,0,patient_549,slide_598
/TCGA-BRCA/titan/TCGA-C8-A274-01Z-00-DX1.B667DAB1-C944-4285-A312-5E4DDAE0EE78.npy,TCGA-C8-A274-01Z-00-DX1.B667DAB1-C944-4285-A312-5E4DDAE0EE78,TCGA-C8-A274,TCGA-BRCA,0,patient_550,slide_599
/TCGA-BRCA/titan/TCGA-E2-A15R-01Z-00-DX1.B58D2D9D-05EE-4D66-8DC0-9E5C6AD2E3D3.npy,TCGA-E2-A15R-01Z-00-DX1.B58D2D9D-05EE-4D66-8DC0-9E5C6AD2E3D3,TCGA-E2-A15R,TCGA-BRCA,0,patient_551,slide_600
/TCGA-BRCA/titan/TCGA-E2-A15L-01Z-00-DX1.626032DC-D396-48E7-B888-DFEBCF7102FF.npy,TCGA-E2-A15L-01Z-00-DX1.626032DC-D396-48E7-B888-DFEBCF7102FF,TCGA-E2-A15L,TCGA-BRCA,1,patient_552,slide_601
/TCGA-BRCA/titan/TCGA-E2-A10E-01Z-00-DX1.C45030A9-CC1A-4BA7-8F62-872619C5AD5E.npy,TCGA-E2-A10E-01Z-00-DX1.C45030A9-CC1A-4BA7-8F62-872619C5AD5E,TCGA-E2-A10E,TCGA-BRCA,0,patient_553,slide_602
/TCGA-BRCA/titan/TCGA-E2-A15C-01Z-00-DX1.26E13415-1D37-43C7-9EBB-4411BE7FCE10.npy,TCGA-E2-A15C-01Z-00-DX1.26E13415-1D37-43C7-9EBB-4411BE7FCE10,TCGA-E2-A15C,TCGA-BRCA,0,patient_554,slide_603
/TCGA-BRCA/titan/TCGA-D8-A73U-01Z-00-DX1.6ECEF7C0-00CC-4AC2-87BD-DBFB6E0DC042.npy,TCGA-D8-A73U-01Z-00-DX1.6ECEF7C0-00CC-4AC2-87BD-DBFB6E0DC042,TCGA-D8-A73U,TCGA-BRCA,1,patient_555,slide_604
/TCGA-BRCA/titan/TCGA-D8-A73U-01Z-00-DX2.91F571C8-303C-463D-952C-263FAA5097DF.npy,TCGA-D8-A73U-01Z-00-DX2.91F571C8-303C-463D-952C-263FAA5097DF,TCGA-D8-A73U,TCGA-BRCA,1,patient_555,slide_605
/TCGA-BRCA/titan/TCGA-A2-A0T2-01Z-00-DX1.29A5C4C8-6AE8-44EE-98C2-ACBCBFBE9D60.npy,TCGA-A2-A0T2-01Z-00-DX1.29A5C4C8-6AE8-44EE-98C2-ACBCBFBE9D60,TCGA-A2-A0T2,TCGA-BRCA,0,patient_556,slide_606
/TCGA-BRCA/titan/TCGA-B6-A1KI-01Z-00-DX1.EFAA08A8-02EC-4A9B-AC6B-79BF2DC5A2AA.npy,TCGA-B6-A1KI-01Z-00-DX1.EFAA08A8-02EC-4A9B-AC6B-79BF2DC5A2AA,TCGA-B6-A1KI,TCGA-BRCA,0,patient_557,slide_607
/TCGA-BRCA/titan/TCGA-AR-A5QP-01Z-00-DX1.256FDB13-1F81-42DA-AF6E-8A94835550C1.npy,TCGA-AR-A5QP-01Z-00-DX1.256FDB13-1F81-42DA-AF6E-8A94835550C1,TCGA-AR-A5QP,TCGA-BRCA,1,patient_558,slide_608
/TCGA-BRCA/titan/TCGA-A8-A08O-01Z-00-DX1.BC87C01D-F081-41CA-939A-875C61588E88.npy,TCGA-A8-A08O-01Z-00-DX1.BC87C01D-F081-41CA-939A-875C61588E88,TCGA-A8-A08O,TCGA-BRCA,0,patient_559,slide_609
/TCGA-BRCA/titan/TCGA-AO-A0J9-01Z-00-DX1.E37C342B-9B6A-4BEE-B064-A82C3579CC66.npy,TCGA-AO-A0J9-01Z-00-DX1.E37C342B-9B6A-4BEE-B064-A82C3579CC66,TCGA-AO-A0J9,TCGA-BRCA,1,patient_560,slide_610
/TCGA-BRCA/titan/TCGA-GM-A3XG-01Z-00-DX1.68FFB600-8573-451F-8100-D11DB091F457.npy,TCGA-GM-A3XG-01Z-00-DX1.68FFB600-8573-451F-8100-D11DB091F457,TCGA-GM-A3XG,TCGA-BRCA,1,patient_561,slide_611
/TCGA-BRCA/titan/TCGA-A2-A04T-01Z-00-DX1.71444266-BD56-4183-9603-C7AC20C9DA1E.npy,TCGA-A2-A04T-01Z-00-DX1.71444266-BD56-4183-9603-C7AC20C9DA1E,TCGA-A2-A04T,TCGA-BRCA,0,patient_562,slide_612
/TCGA-BRCA/titan/TCGA-A7-A4SA-01Z-00-DX1.B48FFD3E-9B45-4CEA-ACEE-5B08058CCF5F.npy,TCGA-A7-A4SA-01Z-00-DX1.B48FFD3E-9B45-4CEA-ACEE-5B08058CCF5F,TCGA-A7-A4SA,TCGA-BRCA,1,patient_563,slide_613
/TCGA-BRCA/titan/TCGA-OL-A66L-01Z-00-DX1.E01BA275-57A5-49DF-9376-1AD0BDFFF7E2.npy,TCGA-OL-A66L-01Z-00-DX1.E01BA275-57A5-49DF-9376-1AD0BDFFF7E2,TCGA-OL-A66L,TCGA-BRCA,0,patient_564,slide_614
/TCGA-BRCA/titan/TCGA-BH-A0DP-01Z-00-DX1.5550557D-4E5B-4B57-8C1E-9290A7AA32A9.npy,TCGA-BH-A0DP-01Z-00-DX1.5550557D-4E5B-4B57-8C1E-9290A7AA32A9,TCGA-BH-A0DP,TCGA-BRCA,1,patient_565,slide_615
/TCGA-BRCA/titan/TCGA-AR-A1AW-01Z-00-DX1.E527CA46-D83F-4055-8C7E-AEFEF13C1E29.npy,TCGA-AR-A1AW-01Z-00-DX1.E527CA46-D83F-4055-8C7E-AEFEF13C1E29,TCGA-AR-A1AW,TCGA-BRCA,0,patient_566,slide_616
/TCGA-BRCA/titan/TCGA-D8-A13Z-01Z-00-DX1.517140BB-D34C-42F8-952C-340EF16D382F.npy,TCGA-D8-A13Z-01Z-00-DX1.517140BB-D34C-42F8-952C-340EF16D382F,TCGA-D8-A13Z,TCGA-BRCA,0,patient_567,slide_617
/TCGA-BRCA/titan/TCGA-A8-A07W-01Z-00-DX1.5970CF33-D675-4AF4-800F-7182AA1A44A6.npy,TCGA-A8-A07W-01Z-00-DX1.5970CF33-D675-4AF4-800F-7182AA1A44A6,TCGA-A8-A07W,TCGA-BRCA,0,patient_568,slide_618
/TCGA-BRCA/titan/TCGA-AC-A3YI-01Z-00-DX1.321C0A32-ABF9-48ED-8071-C6B1774E9F7B.npy,TCGA-AC-A3YI-01Z-00-DX1.321C0A32-ABF9-48ED-8071-C6B1774E9F7B,TCGA-AC-A3YI,TCGA-BRCA,1,patient_569,slide_619
/TCGA-BRCA/titan/TCGA-AC-A2FM-01Z-00-DX1.5D2309D5-C47B-4B04-B7B8-2F0685842889.npy,TCGA-AC-A2FM-01Z-00-DX1.5D2309D5-C47B-4B04-B7B8-2F0685842889,TCGA-AC-A2FM,TCGA-BRCA,1,patient_570,slide_620
/TCGA-BRCA/titan/TCGA-AN-A041-01Z-00-DX1.96D3628B-FB6E-4A41-A5E8-8896B0657F1C.npy,TCGA-AN-A041-01Z-00-DX1.96D3628B-FB6E-4A41-A5E8-8896B0657F1C,TCGA-AN-A041,TCGA-BRCA,0,patient_571,slide_621
/TCGA-BRCA/titan/TCGA-AO-A12F-01Z-00-DX1.847C8E4F-3F37-4B1D-8E6E-ACD14391AD89.npy,TCGA-AO-A12F-01Z-00-DX1.847C8E4F-3F37-4B1D-8E6E-ACD14391AD89,TCGA-AO-A12F,TCGA-BRCA,0,patient_572,slide_622
/TCGA-BRCA/titan/TCGA-E9-A22G-01Z-00-DX1.2b47e321-7910-40ec-ad1c-c4e08ed26334.npy,TCGA-E9-A22G-01Z-00-DX1.2b47e321-7910-40ec-ad1c-c4e08ed26334,TCGA-E9-A22G,TCGA-BRCA,0,patient_573,slide_623
/TCGA-BRCA/titan/TCGA-A8-A08G-01Z-00-DX1.C3BB7FEC-91B7-4B45-8DFC-36CABCC0FD57.npy,TCGA-A8-A08G-01Z-00-DX1.C3BB7FEC-91B7-4B45-8DFC-36CABCC0FD57,TCGA-A8-A08G,TCGA-BRCA,0,patient_574,slide_624
/TCGA-BRCA/titan/TCGA-EW-A6SD-01Z-00-DX1.32D8240E-2076-492B-BB95-300A9FCA96E7.npy,TCGA-EW-A6SD-01Z-00-DX1.32D8240E-2076-492B-BB95-300A9FCA96E7,TCGA-EW-A6SD,TCGA-BRCA,0,patient_575,slide_625
/TCGA-BRCA/titan/TCGA-A8-A07E-01Z-00-DX1.AC684481-979A-46F9-91D7-C56CE85992F2.npy,TCGA-A8-A07E-01Z-00-DX1.AC684481-979A-46F9-91D7-C56CE85992F2,TCGA-A8-A07E,TCGA-BRCA,0,patient_576,slide_626
/TCGA-BRCA/titan/TCGA-EW-A1P6-01Z-00-DX1.A8024C26-6336-4858-88FD-5679795899BA.npy,TCGA-EW-A1P6-01Z-00-DX1.A8024C26-6336-4858-88FD-5679795899BA,TCGA-EW-A1P6,TCGA-BRCA,0,patient_577,slide_627
/TCGA-BRCA/titan/TCGA-B6-A2IU-01Z-00-DX1.3C7DF701-4ED9-4989-AA63-A6B7B105F6EE.npy,TCGA-B6-A2IU-01Z-00-DX1.3C7DF701-4ED9-4989-AA63-A6B7B105F6EE,TCGA-B6-A2IU,TCGA-BRCA,1,patient_578,slide_628
/TCGA-BRCA/titan/TCGA-BH-A0DK-01Z-00-DX1.0CFED53C-BAD9-4E35-B12F-57E64F3FEF1C.npy,TCGA-BH-A0DK-01Z-00-DX1.0CFED53C-BAD9-4E35-B12F-57E64F3FEF1C,TCGA-BH-A0DK,TCGA-BRCA,0,patient_579,slide_629
/TCGA-BRCA/titan/TCGA-A8-A096-01Z-00-DX1.FCECFB0D-4E02-4C69-A0FE-7D6C7F9FEB07.npy,TCGA-A8-A096-01Z-00-DX1.FCECFB0D-4E02-4C69-A0FE-7D6C7F9FEB07,TCGA-A8-A096,TCGA-BRCA,0,patient_580,slide_630
/TCGA-BRCA/titan/TCGA-BH-A0BW-01Z-00-DX1.39B0C363-46A2-4FFB-B1C5-C054A86F4A25.npy,TCGA-BH-A0BW-01Z-00-DX1.39B0C363-46A2-4FFB-B1C5-C054A86F4A25,TCGA-BH-A0BW,TCGA-BRCA,0,patient_581,slide_631
/TCGA-BRCA/titan/TCGA-GM-A2DK-01Z-00-DX1.4F81A585-9549-454C-8E15-2E4545795460.npy,TCGA-GM-A2DK-01Z-00-DX1.4F81A585-9549-454C-8E15-2E4545795460,TCGA-GM-A2DK,TCGA-BRCA,0,patient_582,slide_632
/TCGA-BRCA/titan/TCGA-D8-A27N-01Z-00-DX2.EB803DEC-438B-43A9-B906-FD7C3B9A0138.npy,TCGA-D8-A27N-01Z-00-DX2.EB803DEC-438B-43A9-B906-FD7C3B9A0138,TCGA-D8-A27N,TCGA-BRCA,0,patient_583,slide_633
/TCGA-BRCA/titan/TCGA-D8-A27N-01Z-00-DX1.85613A4F-1FFB-4091-B925-8E8A7C7A6D95.npy,TCGA-D8-A27N-01Z-00-DX1.85613A4F-1FFB-4091-B925-8E8A7C7A6D95,TCGA-D8-A27N,TCGA-BRCA,0,patient_583,slide_634
/TCGA-BRCA/titan/TCGA-A8-A08P-01Z-00-DX1.431A1290-9CF4-4CE7-A9F0-13F9ADA46ADA.npy,TCGA-A8-A08P-01Z-00-DX1.431A1290-9CF4-4CE7-A9F0-13F9ADA46ADA,TCGA-A8-A08P,TCGA-BRCA,0,patient_584,slide_635
/TCGA-BRCA/titan/TCGA-A2-A259-01Z-00-DX1.7289CD72-CB74-41D4-B4AC-4EA5FDFEC666.npy,TCGA-A2-A259-01Z-00-DX1.7289CD72-CB74-41D4-B4AC-4EA5FDFEC666,TCGA-A2-A259,TCGA-BRCA,0,patient_585,slide_636
/TCGA-BRCA/titan/TCGA-A8-A094-01Z-00-DX1.6750B72A-FEC7-49FA-8520-FCF101CA59AC.npy,TCGA-A8-A094-01Z-00-DX1.6750B72A-FEC7-49FA-8520-FCF101CA59AC,TCGA-A8-A094,TCGA-BRCA,0,patient_586,slide_637
/TCGA-BRCA/titan/TCGA-E9-A228-01Z-00-DX1.adbeed20-3b14-44fe-a98a-3bf7cecea30a.npy,TCGA-E9-A228-01Z-00-DX1.adbeed20-3b14-44fe-a98a-3bf7cecea30a,TCGA-E9-A228,TCGA-BRCA,0,patient_587,slide_638
/TCGA-BRCA/titan/TCGA-E9-A5FK-01Z-00-DX1.3F002C99-B4CA-4068-A816-EAC370A2E8C4.npy,TCGA-E9-A5FK-01Z-00-DX1.3F002C99-B4CA-4068-A816-EAC370A2E8C4,TCGA-E9-A5FK,TCGA-BRCA,1,patient_588,slide_639
/TCGA-BRCA/titan/TCGA-EW-A1PA-01Z-00-DX1.03B033F8-62C0-49E1-BDEA-C5217AB3460A.npy,TCGA-EW-A1PA-01Z-00-DX1.03B033F8-62C0-49E1-BDEA-C5217AB3460A,TCGA-EW-A1PA,TCGA-BRCA,0,patient_589,slide_640
/TCGA-BRCA/titan/TCGA-E2-A1IK-01Z-00-DX1.25C554BB-AA90-4FF4-9D68-EEC899B8A27D.npy,TCGA-E2-A1IK-01Z-00-DX1.25C554BB-AA90-4FF4-9D68-EEC899B8A27D,TCGA-E2-A1IK,TCGA-BRCA,0,patient_590,slide_641
/TCGA-BRCA/titan/TCGA-E2-A1LL-01Z-00-DX1.D1AA1613-902C-4579-9612-48A76042B0AE.npy,TCGA-E2-A1LL-01Z-00-DX1.D1AA1613-902C-4579-9612-48A76042B0AE,TCGA-E2-A1LL,TCGA-BRCA,0,patient_591,slide_642
/TCGA-BRCA/titan/TCGA-AR-A0TV-01Z-00-DX1.29AE9996-E73A-41F8-BCC9-23DEDCA5A7AC.npy,TCGA-AR-A0TV-01Z-00-DX1.29AE9996-E73A-41F8-BCC9-23DEDCA5A7AC,TCGA-AR-A0TV,TCGA-BRCA,0,patient_592,slide_643
/TCGA-BRCA/titan/TCGA-GM-A3NW-01Z-00-DX1.3B0324F0-4007-4390-AF26-3789A50684E5.npy,TCGA-GM-A3NW-01Z-00-DX1.3B0324F0-4007-4390-AF26-3789A50684E5,TCGA-GM-A3NW,TCGA-BRCA,1,patient_593,slide_644
/TCGA-BRCA/titan/TCGA-BH-A0EI-01Z-00-DX1.929E126A-C9F8-4240-BF00-B6C4A57B7FF6.npy,TCGA-BH-A0EI-01Z-00-DX1.929E126A-C9F8-4240-BF00-B6C4A57B7FF6,TCGA-BH-A0EI,TCGA-BRCA,0,patient_594,slide_645
/TCGA-BRCA/titan/TCGA-A8-A06N-01Z-00-DX1.E25E65F8-DFE0-47CF-9FAB-B82EE8E321F7.npy,TCGA-A8-A06N-01Z-00-DX1.E25E65F8-DFE0-47CF-9FAB-B82EE8E321F7,TCGA-A8-A06N,TCGA-BRCA,0,patient_595,slide_646
/TCGA-BRCA/titan/TCGA-C8-A3M8-01Z-00-DX1.97AC85E0-6281-4F2E-8034-24AD5F52D5A6.npy,TCGA-C8-A3M8-01Z-00-DX1.97AC85E0-6281-4F2E-8034-24AD5F52D5A6,TCGA-C8-A3M8,TCGA-BRCA,1,patient_596,slide_647
/TCGA-BRCA/titan/TCGA-EW-A1J3-01Z-00-DX1.F736F6F4-0859-439A-A417-98B520C8D65A.npy,TCGA-EW-A1J3-01Z-00-DX1.F736F6F4-0859-439A-A417-98B520C8D65A,TCGA-EW-A1J3,TCGA-BRCA,1,patient_597,slide_648
/TCGA-BRCA/titan/TCGA-EW-A423-01Z-00-DX1.31502D62-9C83-4A9C-9682-05A185486EAA.npy,TCGA-EW-A423-01Z-00-DX1.31502D62-9C83-4A9C-9682-05A185486EAA,TCGA-EW-A423,TCGA-BRCA,1,patient_598,slide_649
/TCGA-BRCA/titan/TCGA-EW-A423-01Z-00-DX2.5EF1CF39-600A-4ED3-A5A2-AF4435A5F8B5.npy,TCGA-EW-A423-01Z-00-DX2.5EF1CF39-600A-4ED3-A5A2-AF4435A5F8B5,TCGA-EW-A423,TCGA-BRCA,1,patient_598,slide_650
/TCGA-BRCA/titan/TCGA-E9-A2JS-01Z-00-DX1.445BA2F8-3A4A-49D2-8D41-4ACFD32F2074.npy,TCGA-E9-A2JS-01Z-00-DX1.445BA2F8-3A4A-49D2-8D41-4ACFD32F2074,TCGA-E9-A2JS,TCGA-BRCA,1,patient_599,slide_651
/TCGA-BRCA/titan/TCGA-OL-A5RX-01Z-00-DX1.15A0D4F4-2744-4D44-8883-27FF83D9C824.npy,TCGA-OL-A5RX-01Z-00-DX1.15A0D4F4-2744-4D44-8883-27FF83D9C824,TCGA-OL-A5RX,TCGA-BRCA,0,patient_600,slide_652
/TCGA-BRCA/titan/TCGA-AR-A0TT-01Z-00-DX1.127C2A4F-62AC-4E83-99DB-13519BD2949D.npy,TCGA-AR-A0TT-01Z-00-DX1.127C2A4F-62AC-4E83-99DB-13519BD2949D,TCGA-AR-A0TT,TCGA-BRCA,0,patient_601,slide_653
/TCGA-BRCA/titan/TCGA-AO-A1KQ-01Z-00-DX1.CAB7D9A5-7030-4A33-BE51-9B04D67A7676.npy,TCGA-AO-A1KQ-01Z-00-DX1.CAB7D9A5-7030-4A33-BE51-9B04D67A7676,TCGA-AO-A1KQ,TCGA-BRCA,0,patient_602,slide_654
/TCGA-BRCA/titan/TCGA-E9-A6HE-01Z-00-DX1.97514DBA-9BC0-4554-9A43-99C48C6B953A.npy,TCGA-E9-A6HE-01Z-00-DX1.97514DBA-9BC0-4554-9A43-99C48C6B953A,TCGA-E9-A6HE,TCGA-BRCA,1,patient_603,slide_655
/TCGA-BRCA/titan/TCGA-B6-A0RI-01Z-00-DX1.E39951A4-AC6A-4B07-851B-F35CB86D79AA.npy,TCGA-B6-A0RI-01Z-00-DX1.E39951A4-AC6A-4B07-851B-F35CB86D79AA,TCGA-B6-A0RI,TCGA-BRCA,0,patient_604,slide_656
/TCGA-BRCA/titan/TCGA-OL-A66H-01Z-00-DX1.E54AF3FA-E59E-404C-BB83-A6FC6FC9B312.npy,TCGA-OL-A66H-01Z-00-DX1.E54AF3FA-E59E-404C-BB83-A6FC6FC9B312,TCGA-OL-A66H,TCGA-BRCA,0,patient_605,slide_657
/TCGA-BRCA/titan/TCGA-A8-A084-01Z-00-DX1.2B52D1B8-5AD4-4BD6-ADF7-9D65B8EE2621.npy,TCGA-A8-A084-01Z-00-DX1.2B52D1B8-5AD4-4BD6-ADF7-9D65B8EE2621,TCGA-A8-A084,TCGA-BRCA,0,patient_606,slide_658
/TCGA-BRCA/titan/TCGA-C8-A12Y-01Z-00-DX1.A15CB3E2-E145-4C75-8FEA-1DD503CD7C20.npy,TCGA-C8-A12Y-01Z-00-DX1.A15CB3E2-E145-4C75-8FEA-1DD503CD7C20,TCGA-C8-A12Y,TCGA-BRCA,0,patient_607,slide_659
/TCGA-BRCA/titan/TCGA-A8-A075-01Z-00-DX1.8E06AF51-951F-48E8-934E-42A455F65E5F.npy,TCGA-A8-A075-01Z-00-DX1.8E06AF51-951F-48E8-934E-42A455F65E5F,TCGA-A8-A075,TCGA-BRCA,0,patient_608,slide_660
/TCGA-BRCA/titan/TCGA-BH-A0E9-01Z-00-DX1.5FC4A5E1-3984-4869-9FFB-C0C7F9EAF5FE.npy,TCGA-BH-A0E9-01Z-00-DX1.5FC4A5E1-3984-4869-9FFB-C0C7F9EAF5FE,TCGA-BH-A0E9,TCGA-BRCA,1,patient_609,slide_661
/TCGA-BRCA/titan/TCGA-A8-A07P-01Z-00-DX1.2C7C75EF-EEE2-4A42-994C-A1A40850C87A.npy,TCGA-A8-A07P-01Z-00-DX1.2C7C75EF-EEE2-4A42-994C-A1A40850C87A,TCGA-A8-A07P,TCGA-BRCA,0,patient_610,slide_662
/TCGA-BRCA/titan/TCGA-A2-A0ER-01Z-00-DX1.18123C1B-A0CC-4957-9373-5FFAB985C2E8.npy,TCGA-A2-A0ER-01Z-00-DX1.18123C1B-A0CC-4957-9373-5FFAB985C2E8,TCGA-A2-A0ER,TCGA-BRCA,0,patient_611,slide_663
/TCGA-BRCA/titan/TCGA-AR-A2LJ-01Z-00-DX1.9D6257FA-2767-4640-9252-9BE18BD9D158.npy,TCGA-AR-A2LJ-01Z-00-DX1.9D6257FA-2767-4640-9252-9BE18BD9D158,TCGA-AR-A2LJ,TCGA-BRCA,1,patient_612,slide_664
/TCGA-BRCA/titan/TCGA-D8-A1JH-01Z-00-DX1.4A4F2502-612C-421D-9F64-444BF2C85620.npy,TCGA-D8-A1JH-01Z-00-DX1.4A4F2502-612C-421D-9F64-444BF2C85620,TCGA-D8-A1JH,TCGA-BRCA,0,patient_613,slide_665
/TCGA-BRCA/titan/TCGA-A2-A0EW-01Z-00-DX1.F24495CB-63D8-483F-9834-F761E3F16BF0.npy,TCGA-A2-A0EW-01Z-00-DX1.F24495CB-63D8-483F-9834-F761E3F16BF0,TCGA-A2-A0EW,TCGA-BRCA,1,patient_614,slide_666
/TCGA-BRCA/titan/TCGA-B6-A0I9-01Z-00-DX1.78E1D43A-507E-482E-B988-AF13B12B4497.npy,TCGA-B6-A0I9-01Z-00-DX1.78E1D43A-507E-482E-B988-AF13B12B4497,TCGA-B6-A0I9,TCGA-BRCA,0,patient_615,slide_667
/TCGA-BRCA/titan/TCGA-AC-A23H-01Z-00-DX1.8E0AE339-1047-4CA5-BFC5-37A3B10FD8B5.npy,TCGA-AC-A23H-01Z-00-DX1.8E0AE339-1047-4CA5-BFC5-37A3B10FD8B5,TCGA-AC-A23H,TCGA-BRCA,0,patient_616,slide_668
/TCGA-BRCA/titan/TCGA-AR-A2LE-01Z-00-DX1.E8E1FC5C-9A4A-463F-81D7-E9A8AF43EAD9.npy,TCGA-AR-A2LE-01Z-00-DX1.E8E1FC5C-9A4A-463F-81D7-E9A8AF43EAD9,TCGA-AR-A2LE,TCGA-BRCA,1,patient_617,slide_669
/TCGA-BRCA/titan/TCGA-A2-A0EQ-01Z-00-DX1.5FCD8890-4594-4BE2-93B1-B8F698BFD2A0.npy,TCGA-A2-A0EQ-01Z-00-DX1.5FCD8890-4594-4BE2-93B1-B8F698BFD2A0,TCGA-A2-A0EQ,TCGA-BRCA,0,patient_618,slide_670
/TCGA-BRCA/titan/TCGA-E2-A1B5-01Z-00-DX1.AB19FF3D-5C42-4D49-ABEA-D2315709B6EA.npy,TCGA-E2-A1B5-01Z-00-DX1.AB19FF3D-5C42-4D49-ABEA-D2315709B6EA,TCGA-E2-A1B5,TCGA-BRCA,1,patient_619,slide_671
/TCGA-BRCA/titan/TCGA-AR-A0U3-01Z-00-DX1.9BB87F9D-459F-4A18-B591-29822EA5AE18.npy,TCGA-AR-A0U3-01Z-00-DX1.9BB87F9D-459F-4A18-B591-29822EA5AE18,TCGA-AR-A0U3,TCGA-BRCA,0,patient_620,slide_672
/TCGA-BRCA/titan/TCGA-B6-A0I6-01Z-00-DX1.D597D207-BEB2-4CE5-B315-FE7AD6E9C30B.npy,TCGA-B6-A0I6-01Z-00-DX1.D597D207-BEB2-4CE5-B315-FE7AD6E9C30B,TCGA-B6-A0I6,TCGA-BRCA,0,patient_621,slide_673
/TCGA-BRCA/titan/TCGA-A8-A08Z-01Z-00-DX1.D0AADCA6-C27C-4FB8-89C1-94B5901146E7.npy,TCGA-A8-A08Z-01Z-00-DX1.D0AADCA6-C27C-4FB8-89C1-94B5901146E7,TCGA-A8-A08Z,TCGA-BRCA,0,patient_622,slide_674
/TCGA-BRCA/titan/TCGA-BH-A18P-01Z-00-DX1.C66642D3-BE44-4D65-B4AE-C1C3D959D22C.npy,TCGA-BH-A18P-01Z-00-DX1.C66642D3-BE44-4D65-B4AE-C1C3D959D22C,TCGA-BH-A18P,TCGA-BRCA,0,patient_623,slide_675
/TCGA-BRCA/titan/TCGA-AN-A0FK-01Z-00-DX1.8966A1D5-CE3A-4B08-A1F6-E613BEB1ABD1.npy,TCGA-AN-A0FK-01Z-00-DX1.8966A1D5-CE3A-4B08-A1F6-E613BEB1ABD1,TCGA-AN-A0FK,TCGA-BRCA,0,patient_624,slide_676
/TCGA-BRCA/titan/TCGA-S3-AA11-01Z-00-DX1.36B83B37-2928-4DB7-A04A-8D511F1183FD.npy,TCGA-S3-AA11-01Z-00-DX1.36B83B37-2928-4DB7-A04A-8D511F1183FD,TCGA-S3-AA11,TCGA-BRCA,0,patient_625,slide_677
/TCGA-BRCA/titan/TCGA-C8-A134-01Z-00-DX1.78D10BCC-98B3-4587-897D-3E27DA28D2EB.npy,TCGA-C8-A134-01Z-00-DX1.78D10BCC-98B3-4587-897D-3E27DA28D2EB,TCGA-C8-A134,TCGA-BRCA,0,patient_626,slide_678
/TCGA-BRCA/titan/TCGA-BH-A1FG-01Z-00-DX1.DA665FB6-9DD9-4B18-A925-2EFD9BC4C43B.npy,TCGA-BH-A1FG-01Z-00-DX1.DA665FB6-9DD9-4B18-A925-2EFD9BC4C43B,TCGA-BH-A1FG,TCGA-BRCA,0,patient_627,slide_679
/TCGA-BRCA/titan/TCGA-C8-A12X-01Z-00-DX1.2967579D-40AE-4425-BE81-5109713C16B4.npy,TCGA-C8-A12X-01Z-00-DX1.2967579D-40AE-4425-BE81-5109713C16B4,TCGA-C8-A12X,TCGA-BRCA,0,patient_628,slide_680
/TCGA-BRCA/titan/TCGA-A2-A0ES-01Z-00-DX1.5652EE30-48C1-4EC1-AD77-8C72DFCB9A97.npy,TCGA-A2-A0ES-01Z-00-DX1.5652EE30-48C1-4EC1-AD77-8C72DFCB9A97,TCGA-A2-A0ES,TCGA-BRCA,1,patient_629,slide_681
/TCGA-BRCA/titan/TCGA-A2-A3XW-01Z-00-DX1.45F5F36F-5503-4A38-AF37-E526915A8DBE.npy,TCGA-A2-A3XW-01Z-00-DX1.45F5F36F-5503-4A38-AF37-E526915A8DBE,TCGA-A2-A3XW,TCGA-BRCA,0,patient_630,slide_682
/TCGA-BRCA/titan/TCGA-GM-A2DD-01Z-00-DX1.01332FF3-7488-41B7-A515-7841715DE92B.npy,TCGA-GM-A2DD-01Z-00-DX1.01332FF3-7488-41B7-A515-7841715DE92B,TCGA-GM-A2DD,TCGA-BRCA,0,patient_631,slide_683
/TCGA-BRCA/titan/TCGA-BH-A1FM-01Z-00-DX1.860C5169-FE2B-43A6-A13D-E736374303DD.npy,TCGA-BH-A1FM-01Z-00-DX1.860C5169-FE2B-43A6-A13D-E736374303DD,TCGA-BH-A1FM,TCGA-BRCA,0,patient_632,slide_684
/TCGA-BRCA/titan/TCGA-AC-A5XS-01Z-00-DX1.E5F2481E-9314-4B20-84B7-370EF82AF4BB.npy,TCGA-AC-A5XS-01Z-00-DX1.E5F2481E-9314-4B20-84B7-370EF82AF4BB,TCGA-AC-A5XS,TCGA-BRCA,1,patient_633,slide_685
/TCGA-BRCA/titan/TCGA-A2-A4S1-01Z-00-DX1.C69B14F6-5021-4FD8-8F2D-70227A5DA2B1.npy,TCGA-A2-A4S1-01Z-00-DX1.C69B14F6-5021-4FD8-8F2D-70227A5DA2B1,TCGA-A2-A4S1,TCGA-BRCA,0,patient_634,slide_686
/TCGA-BRCA/titan/TCGA-AN-A0FD-01Z-00-DX1.8970DBBA-7D43-4C2E-B14A-6D21F1EF3425.npy,TCGA-AN-A0FD-01Z-00-DX1.8970DBBA-7D43-4C2E-B14A-6D21F1EF3425,TCGA-AN-A0FD,TCGA-BRCA,0,patient_635,slide_687
/TCGA-BRCA/titan/TCGA-C8-A1HM-01Z-00-DX1.F93C3F56-3AA6-4D38-B51E-4694CBEA3830.npy,TCGA-C8-A1HM-01Z-00-DX1.F93C3F56-3AA6-4D38-B51E-4694CBEA3830,TCGA-C8-A1HM,TCGA-BRCA,0,patient_636,slide_688
/TCGA-BRCA/titan/TCGA-PE-A5DE-01Z-00-DX1.88B354F2-5485-44AA-A057-89E40B988F69.npy,TCGA-PE-A5DE-01Z-00-DX1.88B354F2-5485-44AA-A057-89E40B988F69,TCGA-PE-A5DE,TCGA-BRCA,1,patient_637,slide_689
/TCGA-BRCA/titan/TCGA-D8-A1Y2-01Z-00-DX2.A563ABFE-18DE-4D78-BB66-9CD18D3CBE3A.npy,TCGA-D8-A1Y2-01Z-00-DX2.A563ABFE-18DE-4D78-BB66-9CD18D3CBE3A,TCGA-D8-A1Y2,TCGA-BRCA,0,patient_638,slide_690
/TCGA-BRCA/titan/TCGA-D8-A1Y2-01Z-00-DX1.77451A0F-00FD-44A9-A0D0-CB7A39CE74CC.npy,TCGA-D8-A1Y2-01Z-00-DX1.77451A0F-00FD-44A9-A0D0-CB7A39CE74CC,TCGA-D8-A1Y2,TCGA-BRCA,0,patient_638,slide_691
/TCGA-BRCA/titan/TCGA-BH-A0BQ-01Z-00-DX1.F5C6386B-BB2C-49DF-B3B8-6C4B80D060D4.npy,TCGA-BH-A0BQ-01Z-00-DX1.F5C6386B-BB2C-49DF-B3B8-6C4B80D060D4,TCGA-BH-A0BQ,TCGA-BRCA,0,patient_639,slide_692
/TCGA-BRCA/titan/TCGA-AC-A8OP-01Z-00-DX1.A2AF501D-7DCD-4BE7-93A4-EBCAF0C0D54E.npy,TCGA-AC-A8OP-01Z-00-DX1.A2AF501D-7DCD-4BE7-93A4-EBCAF0C0D54E,TCGA-AC-A8OP,TCGA-BRCA,0,patient_640,slide_693
/TCGA-BRCA/titan/TCGA-GI-A2C8-01Z-00-DX1.09BD8AC9-645A-4C8B-9B36-77D833BDBA09.npy,TCGA-GI-A2C8-01Z-00-DX1.09BD8AC9-645A-4C8B-9B36-77D833BDBA09,TCGA-GI-A2C8,TCGA-BRCA,0,patient_641,slide_694
/TCGA-BRCA/titan/TCGA-AR-A2LR-01Z-00-DX1.C686A7D6-0361-49EE-B6CA-672B3086243C.npy,TCGA-AR-A2LR-01Z-00-DX1.C686A7D6-0361-49EE-B6CA-672B3086243C,TCGA-AR-A2LR,TCGA-BRCA,0,patient_642,slide_695
/TCGA-BRCA/titan/TCGA-LL-A7T0-01Z-00-DX1.B03BBA63-ACF4-4BCA-9F2B-F631F0C6A25C.npy,TCGA-LL-A7T0-01Z-00-DX1.B03BBA63-ACF4-4BCA-9F2B-F631F0C6A25C,TCGA-LL-A7T0,TCGA-BRCA,0,patient_643,slide_696
/TCGA-BRCA/titan/TCGA-AR-A1AN-01Z-00-DX1.1118F9FE-6DF2-4496-B102-D3A10D332EC0.npy,TCGA-AR-A1AN-01Z-00-DX1.1118F9FE-6DF2-4496-B102-D3A10D332EC0,TCGA-AR-A1AN,TCGA-BRCA,0,patient_644,slide_697
/TCGA-BRCA/titan/TCGA-D8-A1XF-01Z-00-DX2.1460E522-5B87-4690-8B6B-3183C5D282D6.npy,TCGA-D8-A1XF-01Z-00-DX2.1460E522-5B87-4690-8B6B-3183C5D282D6,TCGA-D8-A1XF,TCGA-BRCA,0,patient_645,slide_698
/TCGA-BRCA/titan/TCGA-D8-A1XF-01Z-00-DX1.8B9AB4A1-DEC5-4587-B022-3077CCD220F9.npy,TCGA-D8-A1XF-01Z-00-DX1.8B9AB4A1-DEC5-4587-B022-3077CCD220F9,TCGA-D8-A1XF,TCGA-BRCA,0,patient_645,slide_699
/TCGA-BRCA/titan/TCGA-A8-A07O-01Z-00-DX1.3D657129-F2A7-4BC1-A910-805FBDCE2212.npy,TCGA-A8-A07O-01Z-00-DX1.3D657129-F2A7-4BC1-A910-805FBDCE2212,TCGA-A8-A07O,TCGA-BRCA,0,patient_646,slide_700
/TCGA-BRCA/titan/TCGA-A2-A0YH-01Z-00-DX1.FBA5E711-8275-45B3-BC20-5A786EE23548.npy,TCGA-A2-A0YH-01Z-00-DX1.FBA5E711-8275-45B3-BC20-5A786EE23548,TCGA-A2-A0YH,TCGA-BRCA,0,patient_647,slide_701
/TCGA-BRCA/titan/TCGA-E9-A244-01Z-00-DX1.4FDAA892-9DBF-4E5D-89F3-2A84C8AC8F0A.npy,TCGA-E9-A244-01Z-00-DX1.4FDAA892-9DBF-4E5D-89F3-2A84C8AC8F0A,TCGA-E9-A244,TCGA-BRCA,0,patient_648,slide_702
/TCGA-BRCA/titan/TCGA-A1-A0SM-01Z-00-DX1.AD503DBD-4D93-4476-B467-F091254FDF78.npy,TCGA-A1-A0SM-01Z-00-DX1.AD503DBD-4D93-4476-B467-F091254FDF78,TCGA-A1-A0SM,TCGA-BRCA,0,patient_649,slide_703
/TCGA-BRCA/titan/TCGA-AQ-A54O-01Z-00-DX1.85AB0AC4-47BB-4CD8-B7FB-5928108864AC.npy,TCGA-AQ-A54O-01Z-00-DX1.85AB0AC4-47BB-4CD8-B7FB-5928108864AC,TCGA-AQ-A54O,TCGA-BRCA,0,patient_650,slide_704
/TCGA-BRCA/titan/TCGA-BH-A18H-01Z-00-DX1.4EC9108F-04C2-4B28-BD74-97A414C9A536.npy,TCGA-BH-A18H-01Z-00-DX1.4EC9108F-04C2-4B28-BD74-97A414C9A536,TCGA-BH-A18H,TCGA-BRCA,0,patient_651,slide_705
/TCGA-BRCA/titan/TCGA-AN-A0AR-01Z-00-DX1.0CF1267E-C61B-4928-875E-59032F838F07.npy,TCGA-AN-A0AR-01Z-00-DX1.0CF1267E-C61B-4928-875E-59032F838F07,TCGA-AN-A0AR,TCGA-BRCA,0,patient_652,slide_706
/TCGA-BRCA/titan/TCGA-AN-A0XS-01Z-00-DX1.B4D4B73E-2912-4B2E-B18A-FBC35F8160D3.npy,TCGA-AN-A0XS-01Z-00-DX1.B4D4B73E-2912-4B2E-B18A-FBC35F8160D3,TCGA-AN-A0XS,TCGA-BRCA,0,patient_653,slide_707
/TCGA-BRCA/titan/TCGA-AR-A1AR-01Z-00-DX1.E7B7F6F0-9CC0-4D4F-8C9F-443A74D2BE40.npy,TCGA-AR-A1AR-01Z-00-DX1.E7B7F6F0-9CC0-4D4F-8C9F-443A74D2BE40,TCGA-AR-A1AR,TCGA-BRCA,0,patient_654,slide_708
/TCGA-BRCA/titan/TCGA-A2-A0YF-01Z-00-DX1.6166E995-0669-43D6-B9C7-FE39BCE529CF.npy,TCGA-A2-A0YF-01Z-00-DX1.6166E995-0669-43D6-B9C7-FE39BCE529CF,TCGA-A2-A0YF,TCGA-BRCA,0,patient_655,slide_709
/TCGA-BRCA/titan/TCGA-A7-A3J1-01Z-00-DX1.92895B92-5F95-4EA3-9237-4CAF63CDE3FF.npy,TCGA-A7-A3J1-01Z-00-DX1.92895B92-5F95-4EA3-9237-4CAF63CDE3FF,TCGA-A7-A3J1,TCGA-BRCA,1,patient_656,slide_710
/TCGA-BRCA/titan/TCGA-A2-A3XY-01Z-00-DX1.E57FC9BF-411E-4028-AC10-8BCA5D0C8472.npy,TCGA-A2-A3XY-01Z-00-DX1.E57FC9BF-411E-4028-AC10-8BCA5D0C8472,TCGA-A2-A3XY,TCGA-BRCA,0,patient_657,slide_711
/TCGA-BRCA/titan/TCGA-E9-A1RE-01Z-00-DX1.fd100503-ba95-4af8-8e59-689b2cea145c.npy,TCGA-E9-A1RE-01Z-00-DX1.fd100503-ba95-4af8-8e59-689b2cea145c,TCGA-E9-A1RE,TCGA-BRCA,0,patient_658,slide_712
/TCGA-BRCA/titan/TCGA-EW-A1P5-01Z-00-DX1.B0D59A56-116E-48B3-BC90-237EA4B3F95B.npy,TCGA-EW-A1P5-01Z-00-DX1.B0D59A56-116E-48B3-BC90-237EA4B3F95B,TCGA-EW-A1P5,TCGA-BRCA,0,patient_659,slide_713
/TCGA-BRCA/titan/TCGA-AO-A1KP-01Z-00-DX1.612442AB-24E2-489B-9838-7CEE82BCD605.npy,TCGA-AO-A1KP-01Z-00-DX1.612442AB-24E2-489B-9838-7CEE82BCD605,TCGA-AO-A1KP,TCGA-BRCA,0,patient_660,slide_714
/TCGA-BRCA/titan/TCGA-AO-A12C-01Z-00-DX1.F4105027-FA10-48AF-BA8F-C7A0181C4A1D.npy,TCGA-AO-A12C-01Z-00-DX1.F4105027-FA10-48AF-BA8F-C7A0181C4A1D,TCGA-AO-A12C,TCGA-BRCA,0,patient_661,slide_715
/TCGA-BRCA/titan/TCGA-GM-A2DM-01Z-00-DX1.652038F4-C370-40EB-A545-51062783C74C.npy,TCGA-GM-A2DM-01Z-00-DX1.652038F4-C370-40EB-A545-51062783C74C,TCGA-GM-A2DM,TCGA-BRCA,0,patient_662,slide_716
/TCGA-BRCA/titan/TCGA-C8-A12T-01Z-00-DX1.EF628C26-C570-4D15-A0C0-58B2CC40ABFC.npy,TCGA-C8-A12T-01Z-00-DX1.EF628C26-C570-4D15-A0C0-58B2CC40ABFC,TCGA-C8-A12T,TCGA-BRCA,0,patient_663,slide_717
/TCGA-BRCA/titan/TCGA-A7-A5ZX-01Z-00-DX2.02F586FE-4775-480B-8035-D6AD3386F45D.npy,TCGA-A7-A5ZX-01Z-00-DX2.02F586FE-4775-480B-8035-D6AD3386F45D,TCGA-A7-A5ZX,TCGA-BRCA,1,patient_664,slide_718
/TCGA-BRCA/titan/TCGA-A7-A5ZX-01Z-00-DX1.A4C651F0-DB8E-4534-84A2-AD875F62209F.npy,TCGA-A7-A5ZX-01Z-00-DX1.A4C651F0-DB8E-4534-84A2-AD875F62209F,TCGA-A7-A5ZX,TCGA-BRCA,1,patient_664,slide_719
/TCGA-BRCA/titan/TCGA-B6-A0IP-01Z-00-DX1.3723A250-AA4B-4AFE-A692-C1311E9BA268.npy,TCGA-B6-A0IP-01Z-00-DX1.3723A250-AA4B-4AFE-A692-C1311E9BA268,TCGA-B6-A0IP,TCGA-BRCA,1,patient_665,slide_720
/TCGA-BRCA/titan/TCGA-A8-A09B-01Z-00-DX1.97CCDA89-AB73-4F05-A900-668160227B78.npy,TCGA-A8-A09B-01Z-00-DX1.97CCDA89-AB73-4F05-A900-668160227B78,TCGA-A8-A09B,TCGA-BRCA,0,patient_666,slide_721
/TCGA-BRCA/titan/TCGA-D8-A27W-01Z-00-DX1.CE2D4FEA-284C-44AF-A70F-7956D91CCB29.npy,TCGA-D8-A27W-01Z-00-DX1.CE2D4FEA-284C-44AF-A70F-7956D91CCB29,TCGA-D8-A27W,TCGA-BRCA,0,patient_667,slide_722
/TCGA-BRCA/titan/TCGA-D8-A27W-01Z-00-DX2.4E0D2E4E-5662-4305-8FC2-C651CDDA4998.npy,TCGA-D8-A27W-01Z-00-DX2.4E0D2E4E-5662-4305-8FC2-C651CDDA4998,TCGA-D8-A27W,TCGA-BRCA,0,patient_667,slide_723
/TCGA-BRCA/titan/TCGA-BH-A0DH-01Z-00-DX1.968AA1FD-068C-4B90-8C95-85BF2EFC3E3F.npy,TCGA-BH-A0DH-01Z-00-DX1.968AA1FD-068C-4B90-8C95-85BF2EFC3E3F,TCGA-BH-A0DH,TCGA-BRCA,0,patient_668,slide_724
/TCGA-BRCA/titan/TCGA-C8-A12M-01Z-00-DX1.0C5F2DED-873F-4C86-97A2-2AA76A6236DF.npy,TCGA-C8-A12M-01Z-00-DX1.0C5F2DED-873F-4C86-97A2-2AA76A6236DF,TCGA-C8-A12M,TCGA-BRCA,0,patient_669,slide_725
/TCGA-BRCA/titan/TCGA-BH-A0B8-01Z-00-DX1.380ABAE9-EA83-4E9B-BFB2-6476A86C1ADD.npy,TCGA-BH-A0B8-01Z-00-DX1.380ABAE9-EA83-4E9B-BFB2-6476A86C1ADD,TCGA-BH-A0B8,TCGA-BRCA,0,patient_670,slide_726
/TCGA-BRCA/titan/TCGA-AR-A24N-01Z-00-DX1.563E9160-9E09-4E3F-8CE9-FFED0AA52927.npy,TCGA-AR-A24N-01Z-00-DX1.563E9160-9E09-4E3F-8CE9-FFED0AA52927,TCGA-AR-A24N,TCGA-BRCA,0,patient_671,slide_727
/TCGA-BRCA/titan/TCGA-E2-A14Z-01Z-00-DX1.A1344A78-1842-4578-8CDE-921E50656891.npy,TCGA-E2-A14Z-01Z-00-DX1.A1344A78-1842-4578-8CDE-921E50656891,TCGA-E2-A14Z,TCGA-BRCA,0,patient_672,slide_728
/TCGA-BRCA/titan/TCGA-AC-A7VB-01Z-00-DX1.62D7FDB3-280D-43B2-92EA-AB810384B0B7.npy,TCGA-AC-A7VB-01Z-00-DX1.62D7FDB3-280D-43B2-92EA-AB810384B0B7,TCGA-AC-A7VB,TCGA-BRCA,0,patient_673,slide_729
/TCGA-BRCA/titan/TCGA-C8-A8HQ-01Z-00-DX1.A08190B5-F17E-4057-9DBD-B2F34CAEAFDC.npy,TCGA-C8-A8HQ-01Z-00-DX1.A08190B5-F17E-4057-9DBD-B2F34CAEAFDC,TCGA-C8-A8HQ,TCGA-BRCA,0,patient_674,slide_730
/TCGA-BRCA/titan/TCGA-E2-A1B0-01Z-00-DX1.4C50EC91-A62A-450E-88C0-7DCAB8E9724C.npy,TCGA-E2-A1B0-01Z-00-DX1.4C50EC91-A62A-450E-88C0-7DCAB8E9724C,TCGA-E2-A1B0,TCGA-BRCA,0,patient_675,slide_731
/TCGA-BRCA/titan/TCGA-A8-A091-01Z-00-DX1.1F38CADB-A093-416E-A8A8-31E61CD730BA.npy,TCGA-A8-A091-01Z-00-DX1.1F38CADB-A093-416E-A8A8-31E61CD730BA,TCGA-A8-A091,TCGA-BRCA,0,patient_676,slide_732
/TCGA-BRCA/titan/TCGA-E2-A150-01Z-00-DX1.55643D23-83E6-4058-8EA5-18AAA8547839.npy,TCGA-E2-A150-01Z-00-DX1.55643D23-83E6-4058-8EA5-18AAA8547839,TCGA-E2-A150,TCGA-BRCA,0,patient_677,slide_733
/TCGA-BRCA/titan/TCGA-AN-A0XU-01Z-00-DX1.6B0DD0FF-A20D-4BA2-8D48-FC357BA5313F.npy,TCGA-AN-A0XU-01Z-00-DX1.6B0DD0FF-A20D-4BA2-8D48-FC357BA5313F,TCGA-AN-A0XU,TCGA-BRCA,0,patient_678,slide_734
/TCGA-BRCA/titan/TCGA-B6-A0RS-01Z-00-DX1.F72B766D-FC49-4876-A93D-D88B05702267.npy,TCGA-B6-A0RS-01Z-00-DX1.F72B766D-FC49-4876-A93D-D88B05702267,TCGA-B6-A0RS,TCGA-BRCA,0,patient_679,slide_735
/TCGA-BRCA/titan/TCGA-BH-A18U-01Z-00-DX1.63940315-59BC-462B-87A8-2BBB33C9503E.npy,TCGA-BH-A18U-01Z-00-DX1.63940315-59BC-462B-87A8-2BBB33C9503E,TCGA-BH-A18U,TCGA-BRCA,0,patient_680,slide_736
/TCGA-BRCA/titan/TCGA-A8-A0A2-01Z-00-DX1.47BCDF13-1065-466A-B7CB-F91F5EAD7D91.npy,TCGA-A8-A0A2-01Z-00-DX1.47BCDF13-1065-466A-B7CB-F91F5EAD7D91,TCGA-A8-A0A2,TCGA-BRCA,1,patient_681,slide_737
/TCGA-BRCA/titan/TCGA-AC-A2FE-01Z-00-DX1.C036AE58-3C0D-4DBF-B658-296D03FD6701.npy,TCGA-AC-A2FE-01Z-00-DX1.C036AE58-3C0D-4DBF-B658-296D03FD6701,TCGA-AC-A2FE,TCGA-BRCA,1,patient_682,slide_738
/TCGA-BRCA/titan/TCGA-A2-A0T7-01Z-00-DX1.EA4DF9B5-8D04-4BCC-9ECB-CB8CB8ACBE1C.npy,TCGA-A2-A0T7-01Z-00-DX1.EA4DF9B5-8D04-4BCC-9ECB-CB8CB8ACBE1C,TCGA-A2-A0T7,TCGA-BRCA,0,patient_683,slide_739
/TCGA-BRCA/titan/TCGA-A2-A4S3-01Z-00-DX1.50699E65-E536-4C9B-93A7-4C9894624A29.npy,TCGA-A2-A4S3-01Z-00-DX1.50699E65-E536-4C9B-93A7-4C9894624A29,TCGA-A2-A4S3,TCGA-BRCA,0,patient_684,slide_740
/TCGA-BRCA/titan/TCGA-AC-A4ZE-01Z-00-DX1.A9BB4DBC-4314-4A77-AA1C-0882DBC370F1.npy,TCGA-AC-A4ZE-01Z-00-DX1.A9BB4DBC-4314-4A77-AA1C-0882DBC370F1,TCGA-AC-A4ZE,TCGA-BRCA,1,patient_685,slide_741
/TCGA-BRCA/titan/TCGA-E9-A22E-01Z-00-DX1.3d5b1ba6-466f-4852-b1fc-bc29ef3be9a2.npy,TCGA-E9-A22E-01Z-00-DX1.3d5b1ba6-466f-4852-b1fc-bc29ef3be9a2,TCGA-E9-A22E,TCGA-BRCA,0,patient_686,slide_742
/TCGA-BRCA/titan/TCGA-A2-A04U-01Z-00-DX1.06D17357-46A8-4DC3-A22B-2F4EB6EE3F79.npy,TCGA-A2-A04U-01Z-00-DX1.06D17357-46A8-4DC3-A22B-2F4EB6EE3F79,TCGA-A2-A04U,TCGA-BRCA,0,patient_687,slide_743
/TCGA-BRCA/titan/TCGA-BH-A0BZ-01Z-00-DX1.45EB3E93-A871-49C6-9EAE-90D98AE01913.npy,TCGA-BH-A0BZ-01Z-00-DX1.45EB3E93-A871-49C6-9EAE-90D98AE01913,TCGA-BH-A0BZ,TCGA-BRCA,0,patient_688,slide_744
/TCGA-BRCA/titan/TCGA-A7-A426-01Z-00-DX1.3058E873-9442-4872-80DA-E8A5B35054D2.npy,TCGA-A7-A426-01Z-00-DX1.3058E873-9442-4872-80DA-E8A5B35054D2,TCGA-A7-A426,TCGA-BRCA,1,patient_689,slide_745
/TCGA-BRCA/titan/TCGA-A2-A0CW-01Z-00-DX1.8E313A22-B0E8-44CF-ADEA-8BF29BA23FFE.npy,TCGA-A2-A0CW-01Z-00-DX1.8E313A22-B0E8-44CF-ADEA-8BF29BA23FFE,TCGA-A2-A0CW,TCGA-BRCA,0,patient_690,slide_746
/TCGA-BRCA/titan/TCGA-AN-A0AM-01Z-00-DX1.169CE39A-DD54-46D8-8D03-60B69A473CDB.npy,TCGA-AN-A0AM-01Z-00-DX1.169CE39A-DD54-46D8-8D03-60B69A473CDB,TCGA-AN-A0AM,TCGA-BRCA,0,patient_691,slide_747
/TCGA-BRCA/titan/TCGA-E2-A10C-01Z-00-DX1.29A2B20B-29C6-4491-ADAB-0584C772EF25.npy,TCGA-E2-A10C-01Z-00-DX1.29A2B20B-29C6-4491-ADAB-0584C772EF25,TCGA-E2-A10C,TCGA-BRCA,0,patient_692,slide_748
/TCGA-BRCA/titan/TCGA-A2-A4S2-01Z-00-DX1.D779B63B-8817-43F1-A8F4-236C82DB78F8.npy,TCGA-A2-A4S2-01Z-00-DX1.D779B63B-8817-43F1-A8F4-236C82DB78F8,TCGA-A2-A4S2,TCGA-BRCA,1,patient_693,slide_749
/TCGA-BRCA/titan/TCGA-AR-A24Z-01Z-00-DX1.C88AFF18-A8E4-426A-BEA3-70566DE39C46.npy,TCGA-AR-A24Z-01Z-00-DX1.C88AFF18-A8E4-426A-BEA3-70566DE39C46,TCGA-AR-A24Z,TCGA-BRCA,0,patient_694,slide_750
/TCGA-BRCA/titan/TCGA-AO-A1KT-01Z-00-DX1.47878910-4359-4795-B0BB-FAC147C8D932.npy,TCGA-AO-A1KT-01Z-00-DX1.47878910-4359-4795-B0BB-FAC147C8D932,TCGA-AO-A1KT,TCGA-BRCA,0,patient_695,slide_751
/TCGA-BRCA/titan/TCGA-BH-A0GZ-01Z-00-DX1.9AD4F493-A0A9-499D-B667-B33333FC1A51.npy,TCGA-BH-A0GZ-01Z-00-DX1.9AD4F493-A0A9-499D-B667-B33333FC1A51,TCGA-BH-A0GZ,TCGA-BRCA,0,patient_696,slide_752
/TCGA-BRCA/titan/TCGA-AR-A0TQ-01Z-00-DX1.2BEA298C-6B3D-4133-ADBC-769E62CEFFA0.npy,TCGA-AR-A0TQ-01Z-00-DX1.2BEA298C-6B3D-4133-ADBC-769E62CEFFA0,TCGA-AR-A0TQ,TCGA-BRCA,0,patient_697,slide_753
/TCGA-BRCA/titan/TCGA-BH-A0BM-01Z-00-DX1.8BD324F2-60F5-4F59-AF2D-533A5FB230BF.npy,TCGA-BH-A0BM-01Z-00-DX1.8BD324F2-60F5-4F59-AF2D-533A5FB230BF,TCGA-BH-A0BM,TCGA-BRCA,0,patient_698,slide_754
/TCGA-BRCA/titan/TCGA-A2-A3XZ-01Z-00-DX1.B7A1344E-7015-4A21-B3D4-EB760161BE7C.npy,TCGA-A2-A3XZ-01Z-00-DX1.B7A1344E-7015-4A21-B3D4-EB760161BE7C,TCGA-A2-A3XZ,TCGA-BRCA,0,patient_699,slide_755
/TCGA-BRCA/titan/TCGA-BH-A0C1-01Z-00-DX1.21FE357E-B182-4397-BFEF-7E96E994236A.npy,TCGA-BH-A0C1-01Z-00-DX1.21FE357E-B182-4397-BFEF-7E96E994236A,TCGA-BH-A0C1,TCGA-BRCA,1,patient_700,slide_756
/TCGA-BRCA/titan/TCGA-E2-A1IF-01Z-00-DX1.51F5B0AC-E4D6-439D-8168-34934471FA06.npy,TCGA-E2-A1IF-01Z-00-DX1.51F5B0AC-E4D6-439D-8168-34934471FA06,TCGA-E2-A1IF,TCGA-BRCA,0,patient_701,slide_757
/TCGA-BRCA/titan/TCGA-GM-A2DH-01Z-00-DX1.5790F15F-2A0F-4929-8FE4-18A557007989.npy,TCGA-GM-A2DH-01Z-00-DX1.5790F15F-2A0F-4929-8FE4-18A557007989,TCGA-GM-A2DH,TCGA-BRCA,0,patient_702,slide_758
/TCGA-BRCA/titan/TCGA-AR-A0U1-01Z-00-DX1.276433E7-E841-42D2-AF21-762F2FEA3B9B.npy,TCGA-AR-A0U1-01Z-00-DX1.276433E7-E841-42D2-AF21-762F2FEA3B9B,TCGA-AR-A0U1,TCGA-BRCA,0,patient_703,slide_759
/TCGA-BRCA/titan/TCGA-BH-A42T-01Z-00-DX1.6E4609B9-BE7E-4CA9-A1C0-A77A7DEFBB2B.npy,TCGA-BH-A42T-01Z-00-DX1.6E4609B9-BE7E-4CA9-A1C0-A77A7DEFBB2B,TCGA-BH-A42T,TCGA-BRCA,1,patient_704,slide_760
/TCGA-BRCA/titan/TCGA-AR-A1AJ-01Z-00-DX1.34B9FCF0-74D8-4328-9B5A-698AD57EDA85.npy,TCGA-AR-A1AJ-01Z-00-DX1.34B9FCF0-74D8-4328-9B5A-698AD57EDA85,TCGA-AR-A1AJ,TCGA-BRCA,0,patient_705,slide_761
/TCGA-BRCA/titan/TCGA-D8-A1XB-01Z-00-DX2.B262C269-F22B-4306-8195-079C0874EF8E.npy,TCGA-D8-A1XB-01Z-00-DX2.B262C269-F22B-4306-8195-079C0874EF8E,TCGA-D8-A1XB,TCGA-BRCA,0,patient_706,slide_762
/TCGA-BRCA/titan/TCGA-D8-A1XB-01Z-00-DX1.DA8E2FA4-DBBA-4157-8052-B90FB3BB58F1.npy,TCGA-D8-A1XB-01Z-00-DX1.DA8E2FA4-DBBA-4157-8052-B90FB3BB58F1,TCGA-D8-A1XB,TCGA-BRCA,0,patient_706,slide_763
/TCGA-BRCA/titan/TCGA-A8-A06Q-01Z-00-DX1.622AC6E4-DB1A-4C8D-8185-52D4FD1F30B4.npy,TCGA-A8-A06Q-01Z-00-DX1.622AC6E4-DB1A-4C8D-8185-52D4FD1F30B4,TCGA-A8-A06Q,TCGA-BRCA,0,patient_707,slide_764
/TCGA-BRCA/titan/TCGA-LL-A442-01Z-00-DX1.9275EDBD-1C89-4AF3-B02B-19F613A4E083.npy,TCGA-LL-A442-01Z-00-DX1.9275EDBD-1C89-4AF3-B02B-19F613A4E083,TCGA-LL-A442,TCGA-BRCA,0,patient_708,slide_765
/TCGA-BRCA/titan/TCGA-D8-A1XL-01Z-00-DX1.FDF07020-8F40-4C00-9023-E5F40E0D8A7C.npy,TCGA-D8-A1XL-01Z-00-DX1.FDF07020-8F40-4C00-9023-E5F40E0D8A7C,TCGA-D8-A1XL,TCGA-BRCA,0,patient_709,slide_766
/TCGA-BRCA/titan/TCGA-D8-A1XL-01Z-00-DX2.FDE2C80D-5DC4-4743-A180-C5AFC5BB0BE2.npy,TCGA-D8-A1XL-01Z-00-DX2.FDE2C80D-5DC4-4743-A180-C5AFC5BB0BE2,TCGA-D8-A1XL,TCGA-BRCA,0,patient_709,slide_767
/TCGA-BRCA/titan/TCGA-BH-A0AV-01Z-00-DX1.5A686DA4-A29D-4BA7-9BCA-B707F8755E83.npy,TCGA-BH-A0AV-01Z-00-DX1.5A686DA4-A29D-4BA7-9BCA-B707F8755E83,TCGA-BH-A0AV,TCGA-BRCA,0,patient_710,slide_768
/TCGA-BRCA/titan/TCGA-B6-A0RM-01Z-00-DX1.31DE3E32-7996-4D30-BB5F-72C94409C940.npy,TCGA-B6-A0RM-01Z-00-DX1.31DE3E32-7996-4D30-BB5F-72C94409C940,TCGA-B6-A0RM,TCGA-BRCA,0,patient_711,slide_769
/TCGA-BRCA/titan/TCGA-E9-A249-01Z-00-DX1.CA244384-FD89-44F6-8F94-A060A4C241CA.npy,TCGA-E9-A249-01Z-00-DX1.CA244384-FD89-44F6-8F94-A060A4C241CA,TCGA-E9-A249,TCGA-BRCA,0,patient_712,slide_770
/TCGA-BRCA/titan/TCGA-LL-A73Z-01Z-00-DX1.C010142E-29C0-411D-9E0E-4B7D8A4C09BF.npy,TCGA-LL-A73Z-01Z-00-DX1.C010142E-29C0-411D-9E0E-4B7D8A4C09BF,TCGA-LL-A73Z,TCGA-BRCA,0,patient_713,slide_771
/TCGA-BRCA/titan/TCGA-AQ-A7U7-01Z-00-DX1.AB5629A1-399E-402B-AD3D-DAF9F97D8300.npy,TCGA-AQ-A7U7-01Z-00-DX1.AB5629A1-399E-402B-AD3D-DAF9F97D8300,TCGA-AQ-A7U7,TCGA-BRCA,1,patient_714,slide_772
/TCGA-BRCA/titan/TCGA-AC-A2B8-01Z-00-DX1.14F3A9B2-1382-436A-B53C-92FC8495AD48.npy,TCGA-AC-A2B8-01Z-00-DX1.14F3A9B2-1382-436A-B53C-92FC8495AD48,TCGA-AC-A2B8,TCGA-BRCA,1,patient_715,slide_773
/TCGA-BRCA/titan/TCGA-E2-A105-01Z-00-DX1.192813F9-2D7B-40C7-88D9-BFA939D43FEE.npy,TCGA-E2-A105-01Z-00-DX1.192813F9-2D7B-40C7-88D9-BFA939D43FEE,TCGA-E2-A105,TCGA-BRCA,0,patient_716,slide_774
/TCGA-BRCA/titan/TCGA-E9-A1QZ-01Z-00-DX1.CDAECCA9-4F09-491F-A975-B775D47E46F0.npy,TCGA-E9-A1QZ-01Z-00-DX1.CDAECCA9-4F09-491F-A975-B775D47E46F0,TCGA-E9-A1QZ,TCGA-BRCA,0,patient_717,slide_775
/TCGA-BRCA/titan/TCGA-C8-A27A-01Z-00-DX1.0E26C46D-CD65-40F3-8976-EB4415582934.npy,TCGA-C8-A27A-01Z-00-DX1.0E26C46D-CD65-40F3-8976-EB4415582934,TCGA-C8-A27A,TCGA-BRCA,0,patient_718,slide_776
/TCGA-BRCA/titan/TCGA-BH-A0H5-01Z-00-DX1.28F24D4D-EE80-4EDA-BC30-A194E22FD61C.npy,TCGA-BH-A0H5-01Z-00-DX1.28F24D4D-EE80-4EDA-BC30-A194E22FD61C,TCGA-BH-A0H5,TCGA-BRCA,0,patient_719,slide_777
/TCGA-BRCA/titan/TCGA-AN-A0XN-01Z-00-DX1.A8EB9F62-236E-4C59-A206-DF0C7654AC30.npy,TCGA-AN-A0XN-01Z-00-DX1.A8EB9F62-236E-4C59-A206-DF0C7654AC30,TCGA-AN-A0XN,TCGA-BRCA,0,patient_720,slide_778
/TCGA-BRCA/titan/TCGA-BH-A0BD-01Z-00-DX1.CD4A6FC2-BA8C-4E30-972A-E6CD1BEAD8AD.npy,TCGA-BH-A0BD-01Z-00-DX1.CD4A6FC2-BA8C-4E30-972A-E6CD1BEAD8AD,TCGA-BH-A0BD,TCGA-BRCA,0,patient_721,slide_779
/TCGA-BRCA/titan/TCGA-AR-A0TZ-01Z-00-DX1.2D58BE38-03F6-4310-8E06-F1A523FB0904.npy,TCGA-AR-A0TZ-01Z-00-DX1.2D58BE38-03F6-4310-8E06-F1A523FB0904,TCGA-AR-A0TZ,TCGA-BRCA,0,patient_722,slide_780
/TCGA-BRCA/titan/TCGA-A1-A0SP-01Z-00-DX1.20D689C6-EFA5-4694-BE76-24475A89ACC0.npy,TCGA-A1-A0SP-01Z-00-DX1.20D689C6-EFA5-4694-BE76-24475A89ACC0,TCGA-A1-A0SP,TCGA-BRCA,0,patient_723,slide_781
/TCGA-BRCA/titan/TCGA-AC-A2FO-01Z-00-DX1.46929316-D7ED-4D69-B068-409BFFBCEC4D.npy,TCGA-AC-A2FO-01Z-00-DX1.46929316-D7ED-4D69-B068-409BFFBCEC4D,TCGA-AC-A2FO,TCGA-BRCA,1,patient_724,slide_782
/TCGA-BRCA/titan/TCGA-A8-A08T-01Z-00-DX1.ABA1ABF2-DDB1-4E31-89DC-0F7821311D11.npy,TCGA-A8-A08T-01Z-00-DX1.ABA1ABF2-DDB1-4E31-89DC-0F7821311D11,TCGA-A8-A08T,TCGA-BRCA,0,patient_725,slide_783
/TCGA-BRCA/titan/TCGA-AR-A0U4-01Z-00-DX1.DE722DC5-859D-4866-ADCC-ED98EDBFB588.npy,TCGA-AR-A0U4-01Z-00-DX1.DE722DC5-859D-4866-ADCC-ED98EDBFB588,TCGA-AR-A0U4,TCGA-BRCA,0,patient_726,slide_784
/TCGA-BRCA/titan/TCGA-LL-A6FR-01Z-00-DX1.107010FD-8EDD-406D-B4DE-DEC9E85576FF.npy,TCGA-LL-A6FR-01Z-00-DX1.107010FD-8EDD-406D-B4DE-DEC9E85576FF,TCGA-LL-A6FR,TCGA-BRCA,0,patient_727,slide_785
/TCGA-BRCA/titan/TCGA-AN-A0FF-01Z-00-DX1.A23982C3-E0EB-4DB2-84EE-26E0005E3F66.npy,TCGA-AN-A0FF-01Z-00-DX1.A23982C3-E0EB-4DB2-84EE-26E0005E3F66,TCGA-AN-A0FF,TCGA-BRCA,0,patient_728,slide_786
/TCGA-BRCA/titan/TCGA-AN-A0FV-01Z-00-DX1.C0D02946-FCDA-472D-895D-7ACF5C96B264.npy,TCGA-AN-A0FV-01Z-00-DX1.C0D02946-FCDA-472D-895D-7ACF5C96B264,TCGA-AN-A0FV,TCGA-BRCA,0,patient_729,slide_787
/TCGA-BRCA/titan/TCGA-C8-A8HR-01Z-00-DX1.8E841CA8-1CE2-4242-AC5A-3247075CF8F4.npy,TCGA-C8-A8HR-01Z-00-DX1.8E841CA8-1CE2-4242-AC5A-3247075CF8F4,TCGA-C8-A8HR,TCGA-BRCA,1,patient_730,slide_788
/TCGA-BRCA/titan/TCGA-E2-A1IO-01Z-00-DX1.C812D02F-3B40-496B-9EF5-7F68ADE64962.npy,TCGA-E2-A1IO-01Z-00-DX1.C812D02F-3B40-496B-9EF5-7F68ADE64962,TCGA-E2-A1IO,TCGA-BRCA,0,patient_731,slide_789
/TCGA-BRCA/titan/TCGA-AR-A0TR-01Z-00-DX1.BBCE653F-7DD0-4830-BAD3-C06207A93853.npy,TCGA-AR-A0TR-01Z-00-DX1.BBCE653F-7DD0-4830-BAD3-C06207A93853,TCGA-AR-A0TR,TCGA-BRCA,0,patient_732,slide_790
/TCGA-BRCA/titan/TCGA-E9-A1RA-01Z-00-DX1.E1C527C3-EDF2-442A-80FE-3E3AFBC5EF5A.npy,TCGA-E9-A1RA-01Z-00-DX1.E1C527C3-EDF2-442A-80FE-3E3AFBC5EF5A,TCGA-E9-A1RA,TCGA-BRCA,0,patient_733,slide_791
/TCGA-BRCA/titan/TCGA-D8-A27K-01Z-00-DX1.25AF7928-046B-45BF-BAD6-F34156203F5A.npy,TCGA-D8-A27K-01Z-00-DX1.25AF7928-046B-45BF-BAD6-F34156203F5A,TCGA-D8-A27K,TCGA-BRCA,0,patient_734,slide_792
/TCGA-BRCA/titan/TCGA-E2-A14P-01Z-00-DX1.663B02FF-C64B-41A6-8685-FD61CD76F9C6.npy,TCGA-E2-A14P-01Z-00-DX1.663B02FF-C64B-41A6-8685-FD61CD76F9C6,TCGA-E2-A14P,TCGA-BRCA,0,patient_735,slide_793
/TCGA-BRCA/titan/TCGA-B6-A0WT-01Z-00-DX1.7ED21DA2-A3D8-4DCA-9742-963879A658D8.npy,TCGA-B6-A0WT-01Z-00-DX1.7ED21DA2-A3D8-4DCA-9742-963879A658D8,TCGA-B6-A0WT,TCGA-BRCA,0,patient_736,slide_794
/TCGA-BRCA/titan/TCGA-E9-A54X-01Z-00-DX1.9BF3DE15-FA5A-459D-9B2E-8EB92F34228D.npy,TCGA-E9-A54X-01Z-00-DX1.9BF3DE15-FA5A-459D-9B2E-8EB92F34228D,TCGA-E9-A54X,TCGA-BRCA,0,patient_737,slide_795
/TCGA-BRCA/titan/TCGA-A2-A0SY-01Z-00-DX1.279A5479-E183-4F79-AF40-50BF1834BA4A.npy,TCGA-A2-A0SY-01Z-00-DX1.279A5479-E183-4F79-AF40-50BF1834BA4A,TCGA-A2-A0SY,TCGA-BRCA,1,patient_738,slide_796
/TCGA-BRCA/titan/TCGA-A8-A08J-01Z-00-DX1.4607286A-033B-4C44-8306-50DB9C596166.npy,TCGA-A8-A08J-01Z-00-DX1.4607286A-033B-4C44-8306-50DB9C596166,TCGA-A8-A08J,TCGA-BRCA,0,patient_739,slide_797
/TCGA-BRCA/titan/TCGA-AO-A128-01Z-00-DX1.4E6BFFBC-87AD-4ED4-959D-FEB5545400BE.npy,TCGA-AO-A128-01Z-00-DX1.4E6BFFBC-87AD-4ED4-959D-FEB5545400BE,TCGA-AO-A128,TCGA-BRCA,0,patient_740,slide_798
/TCGA-BRCA/titan/TCGA-A8-A09T-01Z-00-DX1.4183BBA4-AF11-4602-9EC2-35083C34A393.npy,TCGA-A8-A09T-01Z-00-DX1.4183BBA4-AF11-4602-9EC2-35083C34A393,TCGA-A8-A09T,TCGA-BRCA,1,patient_741,slide_799
/TCGA-BRCA/titan/TCGA-E9-A1N6-01Z-00-DX1.C0E8FFDC-2614-4DBF-B51E-4646A3919911.npy,TCGA-E9-A1N6-01Z-00-DX1.C0E8FFDC-2614-4DBF-B51E-4646A3919911,TCGA-E9-A1N6,TCGA-BRCA,0,patient_742,slide_800
/TCGA-BRCA/titan/TCGA-AC-A6IV-01Z-00-DX1.DA4F4B9F-9070-4B3A-996F-311E0A989FFB.npy,TCGA-AC-A6IV-01Z-00-DX1.DA4F4B9F-9070-4B3A-996F-311E0A989FFB,TCGA-AC-A6IV,TCGA-BRCA,1,patient_743,slide_801
/TCGA-BRCA/titan/TCGA-E9-A3Q9-01Z-00-DX1.2D0CA5D4-CCE5-4647-BFB3-D5359F53DA83.npy,TCGA-E9-A3Q9-01Z-00-DX1.2D0CA5D4-CCE5-4647-BFB3-D5359F53DA83,TCGA-E9-A3Q9,TCGA-BRCA,1,patient_744,slide_802
/TCGA-BRCA/titan/TCGA-AC-A6IX-01Z-00-DX1.45B63C4F-9DC3-4CED-9DF9-0F86E647BEA3.npy,TCGA-AC-A6IX-01Z-00-DX1.45B63C4F-9DC3-4CED-9DF9-0F86E647BEA3,TCGA-AC-A6IX,TCGA-BRCA,1,patient_745,slide_803
/TCGA-BRCA/titan/TCGA-LL-A441-01Z-00-DX1.33B13078-BB14-4C42-88A6-7460AD2BCD00.npy,TCGA-LL-A441-01Z-00-DX1.33B13078-BB14-4C42-88A6-7460AD2BCD00,TCGA-LL-A441,TCGA-BRCA,0,patient_746,slide_804
/TCGA-BRCA/titan/TCGA-E9-A1RB-01Z-00-DX1.845074ea-43bc-4752-9dc0-fca72d2ab5de.npy,TCGA-E9-A1RB-01Z-00-DX1.845074ea-43bc-4752-9dc0-fca72d2ab5de,TCGA-E9-A1RB,TCGA-BRCA,0,patient_747,slide_805
/TCGA-BRCA/titan/TCGA-OL-A66K-01Z-00-DX1.C1DC85F1-4FAE-4411-9886-11DCB5E70CC3.npy,TCGA-OL-A66K-01Z-00-DX1.C1DC85F1-4FAE-4411-9886-11DCB5E70CC3,TCGA-OL-A66K,TCGA-BRCA,1,patient_748,slide_806
/TCGA-BRCA/titan/TCGA-AC-A2QI-01Z-00-DX1.977549F4-D866-4465-85FB-5C916282A488.npy,TCGA-AC-A2QI-01Z-00-DX1.977549F4-D866-4465-85FB-5C916282A488,TCGA-AC-A2QI,TCGA-BRCA,1,patient_749,slide_807
/TCGA-BRCA/titan/TCGA-A1-A0SQ-01Z-00-DX1.36071264-3407-4224-BCBB-2ED00294569A.npy,TCGA-A1-A0SQ-01Z-00-DX1.36071264-3407-4224-BCBB-2ED00294569A,TCGA-A1-A0SQ,TCGA-BRCA,0,patient_750,slide_808
/TCGA-BRCA/titan/TCGA-EW-A1PD-01Z-00-DX1.6F6A0122-A50B-4D00-9A3F-7A2502D44E38.npy,TCGA-EW-A1PD-01Z-00-DX1.6F6A0122-A50B-4D00-9A3F-7A2502D44E38,TCGA-EW-A1PD,TCGA-BRCA,0,patient_751,slide_809
/TCGA-BRCA/titan/TCGA-C8-A12Q-01Z-00-DX1.CE74E5B7-FD30-4CBE-8716-ECCF2213AAC3.npy,TCGA-C8-A12Q-01Z-00-DX1.CE74E5B7-FD30-4CBE-8716-ECCF2213AAC3,TCGA-C8-A12Q,TCGA-BRCA,0,patient_752,slide_810
/TCGA-BRCA/titan/TCGA-B6-A0WW-01Z-00-DX1.64048633-1D1A-4074-8C50-7641159355DB.npy,TCGA-B6-A0WW-01Z-00-DX1.64048633-1D1A-4074-8C50-7641159355DB,TCGA-B6-A0WW,TCGA-BRCA,0,patient_753,slide_811
/TCGA-BRCA/titan/TCGA-D8-A27I-01Z-00-DX1.ACAE0048-7AF0-41C9-992B-6ACDABF80B1C.npy,TCGA-D8-A27I-01Z-00-DX1.ACAE0048-7AF0-41C9-992B-6ACDABF80B1C,TCGA-D8-A27I,TCGA-BRCA,1,patient_754,slide_812
/TCGA-BRCA/titan/TCGA-E9-A22A-01Z-00-DX1.d986c9eb-2c54-4663-a54b-04c0756db6db.npy,TCGA-E9-A22A-01Z-00-DX1.d986c9eb-2c54-4663-a54b-04c0756db6db,TCGA-E9-A22A,TCGA-BRCA,0,patient_755,slide_813
/TCGA-BRCA/titan/TCGA-D8-A140-01Z-00-DX2.0C0A62BB-1FB8-47D8-8FAF-112D221F18BE.npy,TCGA-D8-A140-01Z-00-DX2.0C0A62BB-1FB8-47D8-8FAF-112D221F18BE,TCGA-D8-A140,TCGA-BRCA,0,patient_756,slide_814
/TCGA-BRCA/titan/TCGA-D8-A140-01Z-00-DX1.5B9382C0-332C-4FBF-82CD-B9453D02B815.npy,TCGA-D8-A140-01Z-00-DX1.5B9382C0-332C-4FBF-82CD-B9453D02B815,TCGA-D8-A140,TCGA-BRCA,0,patient_756,slide_815
/TCGA-BRCA/titan/TCGA-A8-A08C-01Z-00-DX1.0602211C-1098-4711-AA41-8F56B11DB36F.npy,TCGA-A8-A08C-01Z-00-DX1.0602211C-1098-4711-AA41-8F56B11DB36F,TCGA-A8-A08C,TCGA-BRCA,0,patient_757,slide_816
/TCGA-BRCA/titan/TCGA-S3-A6ZF-01Z-00-DX1.E50205A0-63CA-49DE-8831-2A8916DEF403.npy,TCGA-S3-A6ZF-01Z-00-DX1.E50205A0-63CA-49DE-8831-2A8916DEF403,TCGA-S3-A6ZF,TCGA-BRCA,0,patient_758,slide_817
/TCGA-BRCA/titan/TCGA-B6-A0I1-01Z-00-DX1.86BEC5E4-A2D1-4039-8D08-0598FA8BCC2B.npy,TCGA-B6-A0I1-01Z-00-DX1.86BEC5E4-A2D1-4039-8D08-0598FA8BCC2B,TCGA-B6-A0I1,TCGA-BRCA,0,patient_759,slide_818
/TCGA-BRCA/titan/TCGA-C8-A132-01Z-00-DX1.6CCE1FE0-BB4B-4046-BAF0-43AA110B2EBE.npy,TCGA-C8-A132-01Z-00-DX1.6CCE1FE0-BB4B-4046-BAF0-43AA110B2EBE,TCGA-C8-A132,TCGA-BRCA,0,patient_760,slide_819
/TCGA-BRCA/titan/TCGA-A7-A26J-01Z-00-DX1.86A92FBD-F346-4206-A1BE-0CBA1596135F.npy,TCGA-A7-A26J-01Z-00-DX1.86A92FBD-F346-4206-A1BE-0CBA1596135F,TCGA-A7-A26J,TCGA-BRCA,0,patient_761,slide_820
/TCGA-BRCA/titan/TCGA-C8-A8HP-01Z-00-DX1.B6EE8271-2E51-4184-9B0C-2ADA69B4A714.npy,TCGA-C8-A8HP-01Z-00-DX1.B6EE8271-2E51-4184-9B0C-2ADA69B4A714,TCGA-C8-A8HP,TCGA-BRCA,0,patient_762,slide_821
/TCGA-BRCA/titan/TCGA-AR-A2LL-01Z-00-DX1.F0AF890C-2B34-4758-A929-58AAFF593EC5.npy,TCGA-AR-A2LL-01Z-00-DX1.F0AF890C-2B34-4758-A929-58AAFF593EC5,TCGA-AR-A2LL,TCGA-BRCA,1,patient_763,slide_822
/TCGA-BRCA/titan/TCGA-A7-A0D9-01Z-00-DX2.66CD9ED8-223B-4AC8-AA1A-2481FB0C47B3.npy,TCGA-A7-A0D9-01Z-00-DX2.66CD9ED8-223B-4AC8-AA1A-2481FB0C47B3,TCGA-A7-A0D9,TCGA-BRCA,0,patient_764,slide_823
/TCGA-BRCA/titan/TCGA-A7-A0D9-01Z-00-DX1.FBC3B90F-C58B-4476-8354-0AF9248324E3.npy,TCGA-A7-A0D9-01Z-00-DX1.FBC3B90F-C58B-4476-8354-0AF9248324E3,TCGA-A7-A0D9,TCGA-BRCA,0,patient_764,slide_824
/TCGA-BRCA/titan/TCGA-BH-A0DE-01Z-00-DX1.64A0340A-8146-48E8-AAF7-4035988B9152.npy,TCGA-BH-A0DE-01Z-00-DX1.64A0340A-8146-48E8-AAF7-4035988B9152,TCGA-BH-A0DE,TCGA-BRCA,0,patient_765,slide_825
/TCGA-BRCA/titan/TCGA-A8-A09K-01Z-00-DX1.41B2DF5F-C0E1-43BB-BAA5-2946A9EC4650.npy,TCGA-A8-A09K-01Z-00-DX1.41B2DF5F-C0E1-43BB-BAA5-2946A9EC4650,TCGA-A8-A09K,TCGA-BRCA,0,patient_766,slide_826
/TCGA-BRCA/titan/TCGA-E2-A1BC-01Z-00-DX1.FD19F2F8-497F-4D7D-97C6-271DC6B75173.npy,TCGA-E2-A1BC-01Z-00-DX1.FD19F2F8-497F-4D7D-97C6-271DC6B75173,TCGA-E2-A1BC,TCGA-BRCA,0,patient_767,slide_827
/TCGA-BRCA/titan/TCGA-D8-A142-01Z-00-DX1.F6D58989-9120-40C9-918D-6B1650C1A8E8.npy,TCGA-D8-A142-01Z-00-DX1.F6D58989-9120-40C9-918D-6B1650C1A8E8,TCGA-D8-A142,TCGA-BRCA,0,patient_768,slide_828
/TCGA-BRCA/titan/TCGA-A2-A1FW-01Z-00-DX1.DC2BC5D7-E57B-444E-833F-9A1B6E11DE6D.npy,TCGA-A2-A1FW-01Z-00-DX1.DC2BC5D7-E57B-444E-833F-9A1B6E11DE6D,TCGA-A2-A1FW,TCGA-BRCA,0,patient_769,slide_829
/TCGA-BRCA/titan/TCGA-W8-A86G-01Z-00-DX2.DEC2CC1C-3662-43C6-A5CB-EC94B343FA3D.npy,TCGA-W8-A86G-01Z-00-DX2.DEC2CC1C-3662-43C6-A5CB-EC94B343FA3D,TCGA-W8-A86G,TCGA-BRCA,1,patient_770,slide_830
/TCGA-BRCA/titan/TCGA-A2-A0SW-01Z-00-DX1.E1EA0407-B831-4D75-826E-80B82B821797.npy,TCGA-A2-A0SW-01Z-00-DX1.E1EA0407-B831-4D75-826E-80B82B821797,TCGA-A2-A0SW,TCGA-BRCA,0,patient_771,slide_831
/TCGA-BRCA/titan/TCGA-A8-A07Z-01Z-00-DX1.713945D9-6855-456D-87FB-EF8AF8980F51.npy,TCGA-A8-A07Z-01Z-00-DX1.713945D9-6855-456D-87FB-EF8AF8980F51,TCGA-A8-A07Z,TCGA-BRCA,0,patient_772,slide_832
/TCGA-BRCA/titan/TCGA-D8-A1XK-01Z-00-DX1.41EB1BBC-F230-4E3F-8C4E-CE331CAF1935.npy,TCGA-D8-A1XK-01Z-00-DX1.41EB1BBC-F230-4E3F-8C4E-CE331CAF1935,TCGA-D8-A1XK,TCGA-BRCA,0,patient_773,slide_833
/TCGA-BRCA/titan/TCGA-4H-AAAK-01Z-00-DX1.ABF1B042-1970-4E28-8671-43AAD393D2F9.npy,TCGA-4H-AAAK-01Z-00-DX1.ABF1B042-1970-4E28-8671-43AAD393D2F9,TCGA-4H-AAAK,TCGA-BRCA,1,patient_774,slide_834
/TCGA-BRCA/titan/TCGA-GM-A2DI-01Z-00-DX1.5E9715EA-9D2B-49D0-8F1D-972CF24B1960.npy,TCGA-GM-A2DI-01Z-00-DX1.5E9715EA-9D2B-49D0-8F1D-972CF24B1960,TCGA-GM-A2DI,TCGA-BRCA,0,patient_775,slide_835
/TCGA-BRCA/titan/TCGA-A8-A099-01Z-00-DX1.B19C28B5-FEBC-49B4-A60E-E6B85BB00DD7.npy,TCGA-A8-A099-01Z-00-DX1.B19C28B5-FEBC-49B4-A60E-E6B85BB00DD7,TCGA-A8-A099,TCGA-BRCA,0,patient_776,slide_836
/TCGA-BRCA/titan/TCGA-AC-A3QP-01Z-00-DX1.4B97E53E-1069-40C5-A062-C988663B37DD.npy,TCGA-AC-A3QP-01Z-00-DX1.4B97E53E-1069-40C5-A062-C988663B37DD,TCGA-AC-A3QP,TCGA-BRCA,1,patient_777,slide_837
/TCGA-BRCA/titan/TCGA-BH-A0HQ-01Z-00-DX1.0921FCEF-20A2-4D4B-A198-91AF9F6C814C.npy,TCGA-BH-A0HQ-01Z-00-DX1.0921FCEF-20A2-4D4B-A198-91AF9F6C814C,TCGA-BH-A0HQ,TCGA-BRCA,0,patient_778,slide_838
/TCGA-BRCA/titan/TCGA-AR-A1AO-01Z-00-DX1.244DEE5B-0896-452F-A14D-E290260A9D8F.npy,TCGA-AR-A1AO-01Z-00-DX1.244DEE5B-0896-452F-A14D-E290260A9D8F,TCGA-AR-A1AO,TCGA-BRCA,0,patient_779,slide_839
/TCGA-BRCA/titan/TCGA-EW-A2FR-01Z-00-DX1.FF521BBF-F5BA-4B03-9CA1-101A337F4B45.npy,TCGA-EW-A2FR-01Z-00-DX1.FF521BBF-F5BA-4B03-9CA1-101A337F4B45,TCGA-EW-A2FR,TCGA-BRCA,0,patient_780,slide_840
/TCGA-BRCA/titan/TCGA-E2-A108-01Z-00-DX1.B110ED43-08A4-476A-A658-1CA75F7C0DDE.npy,TCGA-E2-A108-01Z-00-DX1.B110ED43-08A4-476A-A658-1CA75F7C0DDE,TCGA-E2-A108,TCGA-BRCA,0,patient_781,slide_841
/TCGA-BRCA/titan/TCGA-A2-A1FZ-01Z-00-DX1.0BAAEF41-DCA4-4677-9A27-09E990033FA6.npy,TCGA-A2-A1FZ-01Z-00-DX1.0BAAEF41-DCA4-4677-9A27-09E990033FA6,TCGA-A2-A1FZ,TCGA-BRCA,0,patient_782,slide_842
/TCGA-BRCA/titan/TCGA-A2-A0CK-01Z-00-DX1.C3226BD1-11B0-4034-946A-BAB42958CE85.npy,TCGA-A2-A0CK-01Z-00-DX1.C3226BD1-11B0-4034-946A-BAB42958CE85,TCGA-A2-A0CK,TCGA-BRCA,1,patient_783,slide_843
/TCGA-BRCA/titan/TCGA-OL-A66J-01Z-00-DX1.661F7F70-E4D4-4875-B8C4-556F7927F3BA.npy,TCGA-OL-A66J-01Z-00-DX1.661F7F70-E4D4-4875-B8C4-556F7927F3BA,TCGA-OL-A66J,TCGA-BRCA,1,patient_784,slide_844
/TCGA-BRCA/titan/TCGA-E9-A245-01Z-00-DX1.648850D5-EB80-4FBE-8507-32313FAD1060.npy,TCGA-E9-A245-01Z-00-DX1.648850D5-EB80-4FBE-8507-32313FAD1060,TCGA-E9-A245,TCGA-BRCA,0,patient_785,slide_845
/TCGA-BRCA/titan/TCGA-BH-A1EX-01Z-00-DX1.16B6A817-6729-446E-9FCF-A4A333C5295D.npy,TCGA-BH-A1EX-01Z-00-DX1.16B6A817-6729-446E-9FCF-A4A333C5295D,TCGA-BH-A1EX,TCGA-BRCA,0,patient_786,slide_846
/TCGA-BRCA/titan/TCGA-AO-A0JD-01Z-00-DX1.52E3DCE8-32E3-45C0-AB54-7FA0A2F3F722.npy,TCGA-AO-A0JD-01Z-00-DX1.52E3DCE8-32E3-45C0-AB54-7FA0A2F3F722,TCGA-AO-A0JD,TCGA-BRCA,0,patient_787,slide_847
/TCGA-BRCA/titan/TCGA-A2-A0T5-01Z-00-DX1.128C288B-B357-439B-A8D4-8E7DEBF73E4E.npy,TCGA-A2-A0T5-01Z-00-DX1.128C288B-B357-439B-A8D4-8E7DEBF73E4E,TCGA-A2-A0T5,TCGA-BRCA,0,patient_788,slide_848
/TCGA-BRCA/titan/TCGA-AR-A2LO-01Z-00-DX1.A8C81E1E-B224-4CF4-83D4-FFB2F51A7002.npy,TCGA-AR-A2LO-01Z-00-DX1.A8C81E1E-B224-4CF4-83D4-FFB2F51A7002,TCGA-AR-A2LO,TCGA-BRCA,1,patient_789,slide_849
/TCGA-BRCA/titan/TCGA-A2-A0CL-01Z-00-DX1.5342E971-DCD2-42C4-B4FF-E6942A95829E.npy,TCGA-A2-A0CL-01Z-00-DX1.5342E971-DCD2-42C4-B4FF-E6942A95829E,TCGA-A2-A0CL,TCGA-BRCA,0,patient_790,slide_850
/TCGA-BRCA/titan/TCGA-D8-A73W-01Z-00-DX2.EBBBBA5A-AB7C-49EC-9F7F-14248C928F3A.npy,TCGA-D8-A73W-01Z-00-DX2.EBBBBA5A-AB7C-49EC-9F7F-14248C928F3A,TCGA-D8-A73W,TCGA-BRCA,0,patient_791,slide_851
/TCGA-BRCA/titan/TCGA-D8-A73W-01Z-00-DX1.2A4B8A37-BE62-42C8-A109-800A7970FF0F.npy,TCGA-D8-A73W-01Z-00-DX1.2A4B8A37-BE62-42C8-A109-800A7970FF0F,TCGA-D8-A73W,TCGA-BRCA,0,patient_791,slide_852
/TCGA-BRCA/titan/TCGA-A8-A09I-01Z-00-DX1.B738E479-8766-4766-B012-B32AC2F27533.npy,TCGA-A8-A09I-01Z-00-DX1.B738E479-8766-4766-B012-B32AC2F27533,TCGA-A8-A09I,TCGA-BRCA,0,patient_792,slide_853
/TCGA-BRCA/titan/TCGA-AR-A0U0-01Z-00-DX1.C8BECD9F-68D9-47B1-B31E-C1C6CAE456B6.npy,TCGA-AR-A0U0-01Z-00-DX1.C8BECD9F-68D9-47B1-B31E-C1C6CAE456B6,TCGA-AR-A0U0,TCGA-BRCA,0,patient_793,slide_854
/TCGA-BRCA/titan/TCGA-D8-A1JB-01Z-00-DX1.6CF48257-066C-4B8C-91AA-30A6B4AD4307.npy,TCGA-D8-A1JB-01Z-00-DX1.6CF48257-066C-4B8C-91AA-30A6B4AD4307,TCGA-D8-A1JB,TCGA-BRCA,0,patient_794,slide_855
/TCGA-BRCA/titan/TCGA-OL-A66P-01Z-00-DX1.5ADD0D6D-37C6-4BC9-8C2B-64DB18BE99B3.npy,TCGA-OL-A66P-01Z-00-DX1.5ADD0D6D-37C6-4BC9-8C2B-64DB18BE99B3,TCGA-OL-A66P,TCGA-BRCA,0,patient_795,slide_856
/TCGA-BRCA/titan/TCGA-BH-A1FE-01Z-00-DX1.8FB57ECF-350B-44E4-8612-63E8374D3C4B.npy,TCGA-BH-A1FE-01Z-00-DX1.8FB57ECF-350B-44E4-8612-63E8374D3C4B,TCGA-BH-A1FE,TCGA-BRCA,0,patient_796,slide_857
/TCGA-BRCA/titan/TCGA-A2-A04R-01Z-00-DX1.BE3661A3-A2A0-4248-B7D5-D8986E529B6C.npy,TCGA-A2-A04R-01Z-00-DX1.BE3661A3-A2A0-4248-B7D5-D8986E529B6C,TCGA-A2-A04R,TCGA-BRCA,0,patient_797,slide_858
/TCGA-BRCA/titan/TCGA-LD-A9QF-01Z-00-DX1.092108DF-1A60-459E-ACE6-5A71826A98D1.npy,TCGA-LD-A9QF-01Z-00-DX1.092108DF-1A60-459E-ACE6-5A71826A98D1,TCGA-LD-A9QF,TCGA-BRCA,0,patient_798,slide_859
/TCGA-BRCA/titan/TCGA-EW-A424-01Z-00-DX1.662894F0-31FE-494B-9A9E-7C369AE23D27.npy,TCGA-EW-A424-01Z-00-DX1.662894F0-31FE-494B-9A9E-7C369AE23D27,TCGA-EW-A424,TCGA-BRCA,1,patient_799,slide_860
/TCGA-BRCA/titan/TCGA-E9-A1R0-01Z-00-DX1.187C58EA-132E-4B3C-BAD0-7F59101D5C4D.npy,TCGA-E9-A1R0-01Z-00-DX1.187C58EA-132E-4B3C-BAD0-7F59101D5C4D,TCGA-E9-A1R0,TCGA-BRCA,0,patient_800,slide_861
/TCGA-BRCA/titan/TCGA-UL-AAZ6-01Z-00-DX1.0488628B-C06B-4A1D-9198-EC29D0BACF6E.npy,TCGA-UL-AAZ6-01Z-00-DX1.0488628B-C06B-4A1D-9198-EC29D0BACF6E,TCGA-UL-AAZ6,TCGA-BRCA,0,patient_801,slide_862
/TCGA-BRCA/titan/TCGA-BH-A0DX-01Z-00-DX1.45C27E71-9A0A-400E-93A9-5CE7780F3C5E.npy,TCGA-BH-A0DX-01Z-00-DX1.45C27E71-9A0A-400E-93A9-5CE7780F3C5E,TCGA-BH-A0DX,TCGA-BRCA,0,patient_802,slide_863
/TCGA-BRCA/titan/TCGA-BH-A1F5-01Z-00-DX1.9A1AA3BB-80B1-473D-B075-8D65A94C4E0B.npy,TCGA-BH-A1F5-01Z-00-DX1.9A1AA3BB-80B1-473D-B075-8D65A94C4E0B,TCGA-BH-A1F5,TCGA-BRCA,0,patient_803,slide_864
/TCGA-BRCA/titan/TCGA-B6-A0IJ-01Z-00-DX1.BF2E062F-06DA-4CA8-86C4-36674C035CAA.npy,TCGA-B6-A0IJ-01Z-00-DX1.BF2E062F-06DA-4CA8-86C4-36674C035CAA,TCGA-B6-A0IJ,TCGA-BRCA,0,patient_804,slide_865
/TCGA-BRCA/titan/TCGA-AO-A03R-01Z-00-DX1.DC317201-7F22-4C4A-86A5-ED82C37757C8.npy,TCGA-AO-A03R-01Z-00-DX1.DC317201-7F22-4C4A-86A5-ED82C37757C8,TCGA-AO-A03R,TCGA-BRCA,0,patient_805,slide_866
/TCGA-BRCA/titan/TCGA-E2-A15I-01Z-00-DX1.DFF60A40-B03D-438F-A233-06132A213619.npy,TCGA-E2-A15I-01Z-00-DX1.DFF60A40-B03D-438F-A233-06132A213619,TCGA-E2-A15I,TCGA-BRCA,0,patient_806,slide_867
/TCGA-BRCA/titan/TCGA-D8-A1J8-01Z-00-DX1.EADAB43A-87C6-47FA-9120-25B69E23366D.npy,TCGA-D8-A1J8-01Z-00-DX1.EADAB43A-87C6-47FA-9120-25B69E23366D,TCGA-D8-A1J8,TCGA-BRCA,0,patient_807,slide_868
/TCGA-BRCA/titan/TCGA-D8-A1J8-01Z-00-DX2.5DCB3447-548D-442C-86B1-CEF79B8689DF.npy,TCGA-D8-A1J8-01Z-00-DX2.5DCB3447-548D-442C-86B1-CEF79B8689DF,TCGA-D8-A1J8,TCGA-BRCA,0,patient_807,slide_869
/TCGA-BRCA/titan/TCGA-AN-A0FT-01Z-00-DX1.6F263AB3-FB1D-4056-AEC2-4F163017324F.npy,TCGA-AN-A0FT-01Z-00-DX1.6F263AB3-FB1D-4056-AEC2-4F163017324F,TCGA-AN-A0FT,TCGA-BRCA,0,patient_808,slide_870
/TCGA-BRCA/titan/TCGA-E9-A1R4-01Z-00-DX1.B04D5A22-8CE5-49FD-8510-14444F46894D.npy,TCGA-E9-A1R4-01Z-00-DX1.B04D5A22-8CE5-49FD-8510-14444F46894D,TCGA-E9-A1R4,TCGA-BRCA,0,patient_809,slide_871
/TCGA-BRCA/titan/TCGA-E2-A15F-01Z-00-DX1.F022214A-3F0C-4DA4-A0EE-735D27480A45.npy,TCGA-E2-A15F-01Z-00-DX1.F022214A-3F0C-4DA4-A0EE-735D27480A45,TCGA-E2-A15F,TCGA-BRCA,0,patient_810,slide_872
/TCGA-BRCA/titan/TCGA-A8-A0A4-01Z-00-DX1.06C38F98-F34B-49F0-AFB5-7F0086188346.npy,TCGA-A8-A0A4-01Z-00-DX1.06C38F98-F34B-49F0-AFB5-7F0086188346,TCGA-A8-A0A4,TCGA-BRCA,1,patient_811,slide_873
/TCGA-BRCA/titan/TCGA-E9-A1R5-01Z-00-DX1.b870d5eb-6259-4b49-86e4-569a9e32ecd5.npy,TCGA-E9-A1R5-01Z-00-DX1.b870d5eb-6259-4b49-86e4-569a9e32ecd5,TCGA-E9-A1R5,TCGA-BRCA,0,patient_812,slide_874
/TCGA-BRCA/titan/TCGA-BH-A0B7-01Z-00-DX1.6950CDDF-8A81-4B10-BFFF-BE0E33A2C6CC.npy,TCGA-BH-A0B7-01Z-00-DX1.6950CDDF-8A81-4B10-BFFF-BE0E33A2C6CC,TCGA-BH-A0B7,TCGA-BRCA,0,patient_813,slide_875
/TCGA-BRCA/titan/TCGA-BH-A0C7-01Z-00-DX1.C70D358E-C48F-4F69-86CE-3218E9C95837.npy,TCGA-BH-A0C7-01Z-00-DX1.C70D358E-C48F-4F69-86CE-3218E9C95837,TCGA-BH-A0C7,TCGA-BRCA,0,patient_814,slide_876
/TCGA-BRCA/titan/TCGA-LL-A6FP-01Z-00-DX1.6261398A-7288-4924-BBE2-FC1949256E40.npy,TCGA-LL-A6FP-01Z-00-DX1.6261398A-7288-4924-BBE2-FC1949256E40,TCGA-LL-A6FP,TCGA-BRCA,1,patient_815,slide_877
/TCGA-BRCA/titan/TCGA-BH-A42U-01Z-00-DX1.130D060A-3DD8-407E-B8B0-EBBF743491AE.npy,TCGA-BH-A42U-01Z-00-DX1.130D060A-3DD8-407E-B8B0-EBBF743491AE,TCGA-BH-A42U,TCGA-BRCA,1,patient_816,slide_878
/TCGA-BRCA/titan/TCGA-A8-A09D-01Z-00-DX1.66312A8A-88BA-4B58-96DF-1A7AC39F9E4A.npy,TCGA-A8-A09D-01Z-00-DX1.66312A8A-88BA-4B58-96DF-1A7AC39F9E4A,TCGA-A8-A09D,TCGA-BRCA,0,patient_817,slide_879
/TCGA-BRCA/titan/TCGA-AO-A1KS-01Z-00-DX1.349F9BCA-C9F0-43B4-BA6A-D20039E1C720.npy,TCGA-AO-A1KS-01Z-00-DX1.349F9BCA-C9F0-43B4-BA6A-D20039E1C720,TCGA-AO-A1KS,TCGA-BRCA,1,patient_818,slide_880
/TCGA-BRCA/titan/TCGA-E2-A574-01Z-00-DX1.60341091-B118-4F20-9ADB-FB2886790B0E.npy,TCGA-E2-A574-01Z-00-DX1.60341091-B118-4F20-9ADB-FB2886790B0E,TCGA-E2-A574,TCGA-BRCA,0,patient_819,slide_881
/TCGA-BRCA/titan/TCGA-E9-A226-01Z-00-DX1.14f1f4c7-4e6e-4574-af20-60d2ab511b2a.npy,TCGA-E9-A226-01Z-00-DX1.14f1f4c7-4e6e-4574-af20-60d2ab511b2a,TCGA-E9-A226,TCGA-BRCA,0,patient_820,slide_882
/TCGA-BRCA/titan/TCGA-D8-A143-01Z-00-DX1.4697FB2F-91D5-4506-AF23-7DE304D44A3F.npy,TCGA-D8-A143-01Z-00-DX1.4697FB2F-91D5-4506-AF23-7DE304D44A3F,TCGA-D8-A143,TCGA-BRCA,0,patient_821,slide_883
/TCGA-BRCA/titan/TCGA-A8-A07C-01Z-00-DX1.1F069BCA-D2B3-49CF-81FD-9EBA49A3439F.npy,TCGA-A8-A07C-01Z-00-DX1.1F069BCA-D2B3-49CF-81FD-9EBA49A3439F,TCGA-A8-A07C,TCGA-BRCA,0,patient_822,slide_884
/TCGA-BRCA/titan/TCGA-BH-A1F6-01Z-00-DX1.E83F0DC0-EA2C-4641-81B0-8702B9C5D579.npy,TCGA-BH-A1F6-01Z-00-DX1.E83F0DC0-EA2C-4641-81B0-8702B9C5D579,TCGA-BH-A1F6,TCGA-BRCA,0,patient_823,slide_885
/TCGA-BRCA/titan/TCGA-BH-A18R-01Z-00-DX1.07E6FA7F-5072-4327-9982-A40F010B7532.npy,TCGA-BH-A18R-01Z-00-DX1.07E6FA7F-5072-4327-9982-A40F010B7532,TCGA-BH-A18R,TCGA-BRCA,0,patient_824,slide_886
/TCGA-BRCA/titan/TCGA-A8-A09R-01Z-00-DX1.392580F3-0CE5-4EDB-91CF-814AAD0DB649.npy,TCGA-A8-A09R-01Z-00-DX1.392580F3-0CE5-4EDB-91CF-814AAD0DB649,TCGA-A8-A09R,TCGA-BRCA,0,patient_825,slide_887
/TCGA-BRCA/titan/TCGA-AC-A23G-01Z-00-DX1.2F0326F7-6B77-4B3F-B4FA-59ADB785AA07.npy,TCGA-AC-A23G-01Z-00-DX1.2F0326F7-6B77-4B3F-B4FA-59ADB785AA07,TCGA-AC-A23G,TCGA-BRCA,1,patient_826,slide_888
/TCGA-BRCA/titan/TCGA-EW-A1P1-01Z-00-DX1.4B670029-4B3B-4D76-8EA4-F4F29EEF9E37.npy,TCGA-EW-A1P1-01Z-00-DX1.4B670029-4B3B-4D76-8EA4-F4F29EEF9E37,TCGA-EW-A1P1,TCGA-BRCA,0,patient_827,slide_889
/TCGA-BRCA/titan/TCGA-A2-A1G6-01Z-00-DX1.BCC3EC46-CEBF-4B37-BCF0-266D18170B54.npy,TCGA-A2-A1G6-01Z-00-DX1.BCC3EC46-CEBF-4B37-BCF0-266D18170B54,TCGA-A2-A1G6,TCGA-BRCA,0,patient_828,slide_890
/TCGA-BRCA/titan/TCGA-AR-A2LN-01Z-00-DX1.3EF43524-28B8-4326-9356-6BCBC63A1DA8.npy,TCGA-AR-A2LN-01Z-00-DX1.3EF43524-28B8-4326-9356-6BCBC63A1DA8,TCGA-AR-A2LN,TCGA-BRCA,1,patient_829,slide_891
/TCGA-BRCA/titan/TCGA-D8-A27H-01Z-00-DX1.BE9DFDD4-97C5-4327-B1DA-4B34A6F267C5.npy,TCGA-D8-A27H-01Z-00-DX1.BE9DFDD4-97C5-4327-B1DA-4B34A6F267C5,TCGA-D8-A27H,TCGA-BRCA,0,patient_830,slide_892
/TCGA-BRCA/titan/TCGA-A8-A08F-01Z-00-DX1.9D2222F6-1425-46FD-BC94-728EF835FAC2.npy,TCGA-A8-A08F-01Z-00-DX1.9D2222F6-1425-46FD-BC94-728EF835FAC2,TCGA-A8-A08F,TCGA-BRCA,0,patient_831,slide_893
/TCGA-BRCA/titan/TCGA-A8-A095-01Z-00-DX1.97072E53-7323-4836-9D58-22B7C346A7CE.npy,TCGA-A8-A095-01Z-00-DX1.97072E53-7323-4836-9D58-22B7C346A7CE,TCGA-A8-A095,TCGA-BRCA,0,patient_832,slide_894
/TCGA-BRCA/titan/TCGA-A1-A0SF-01Z-00-DX1.7F252D89-EA78-419F-A969-1B7313D77499.npy,TCGA-A1-A0SF-01Z-00-DX1.7F252D89-EA78-419F-A969-1B7313D77499,TCGA-A1-A0SF,TCGA-BRCA,0,patient_833,slide_895
/TCGA-BRCA/titan/TCGA-AR-A24K-01Z-00-DX1.3A56BAEC-484E-4F9B-BCB4-360ABF6DDB4B.npy,TCGA-AR-A24K-01Z-00-DX1.3A56BAEC-484E-4F9B-BCB4-360ABF6DDB4B,TCGA-AR-A24K,TCGA-BRCA,0,patient_834,slide_896
/TCGA-BRCA/titan/TCGA-EW-A1OY-01Z-00-DX1.42AF5C9A-A90F-4A58-B5D4-B615F8CD4333.npy,TCGA-EW-A1OY-01Z-00-DX1.42AF5C9A-A90F-4A58-B5D4-B615F8CD4333,TCGA-EW-A1OY,TCGA-BRCA,0,patient_835,slide_897
/TCGA-BRCA/titan/TCGA-AN-A0AS-01Z-00-DX1.51E551E9-E5F4-4C94-9B25-71DA41109E92.npy,TCGA-AN-A0AS-01Z-00-DX1.51E551E9-E5F4-4C94-9B25-71DA41109E92,TCGA-AN-A0AS,TCGA-BRCA,0,patient_836,slide_898
/TCGA-BRCA/titan/TCGA-EW-A1OW-01Z-00-DX1.97888686-EBB6-4B13-AB5D-452F475E865B.npy,TCGA-EW-A1OW-01Z-00-DX1.97888686-EBB6-4B13-AB5D-452F475E865B,TCGA-EW-A1OW,TCGA-BRCA,0,patient_837,slide_899
/TCGA-BRCA/titan/TCGA-AC-A23E-01Z-00-DX1.F12A5A87-72CF-42F8-A6EC-8E7FAD80B1F7.npy,TCGA-AC-A23E-01Z-00-DX1.F12A5A87-72CF-42F8-A6EC-8E7FAD80B1F7,TCGA-AC-A23E,TCGA-BRCA,0,patient_838,slide_900
/TCGA-BRCA/titan/TCGA-AO-A0JJ-01Z-00-DX1.D5B636F5-1B47-4033-9938-9DC8CD48CEE9.npy,TCGA-AO-A0JJ-01Z-00-DX1.D5B636F5-1B47-4033-9938-9DC8CD48CEE9,TCGA-AO-A0JJ,TCGA-BRCA,1,patient_839,slide_901
/TCGA-BRCA/titan/TCGA-BH-A0EA-01Z-00-DX1.85FF2B48-2AF7-4C15-A7E6-FCA68CAB76C7.npy,TCGA-BH-A0EA-01Z-00-DX1.85FF2B48-2AF7-4C15-A7E6-FCA68CAB76C7,TCGA-BH-A0EA,TCGA-BRCA,0,patient_840,slide_902
/TCGA-BRCA/titan/TCGA-E2-A14R-01Z-00-DX1.DDE62ED5-1FC0-4B3B-A874-95C08B33AB20.npy,TCGA-E2-A14R-01Z-00-DX1.DDE62ED5-1FC0-4B3B-A874-95C08B33AB20,TCGA-E2-A14R,TCGA-BRCA,0,patient_841,slide_903
/TCGA-BRCA/titan/TCGA-AC-A2BM-01Z-00-DX1.162A9FA9-6E61-48BF-B0A5-C6C7640ABD9B.npy,TCGA-AC-A2BM-01Z-00-DX1.162A9FA9-6E61-48BF-B0A5-C6C7640ABD9B,TCGA-AC-A2BM,TCGA-BRCA,0,patient_842,slide_904
/TCGA-BRCA/titan/TCGA-BH-A18S-01Z-00-DX1.B36FC684-0010-4ABB-9E25-303C8DF1C4E2.npy,TCGA-BH-A18S-01Z-00-DX1.B36FC684-0010-4ABB-9E25-303C8DF1C4E2,TCGA-BH-A18S,TCGA-BRCA,0,patient_843,slide_905
/TCGA-BRCA/titan/TCGA-BH-A0HY-01Z-00-DX1.D7A1BF42-F268-4220-B71B-354CE2AF32D8.npy,TCGA-BH-A0HY-01Z-00-DX1.D7A1BF42-F268-4220-B71B-354CE2AF32D8,TCGA-BH-A0HY,TCGA-BRCA,0,patient_844,slide_906
/TCGA-BRCA/titan/TCGA-GM-A3NY-01Z-00-DX1.BEED8B8F-5A1B-4CE2-BB5D-A7ED40551AE4.npy,TCGA-GM-A3NY-01Z-00-DX1.BEED8B8F-5A1B-4CE2-BB5D-A7ED40551AE4,TCGA-GM-A3NY,TCGA-BRCA,1,patient_845,slide_907
/TCGA-BRCA/titan/TCGA-HN-A2NL-01Z-00-DX1.C2EAF378-4B37-4C1C-BB0F-18FAC62EEC13.npy,TCGA-HN-A2NL-01Z-00-DX1.C2EAF378-4B37-4C1C-BB0F-18FAC62EEC13,TCGA-HN-A2NL,TCGA-BRCA,1,patient_846,slide_908
/TCGA-BRCA/titan/TCGA-BH-A1FN-01Z-00-DX1.CEE3C59B-6CF0-4D41-8334-6067BB5A8BF7.npy,TCGA-BH-A1FN-01Z-00-DX1.CEE3C59B-6CF0-4D41-8334-6067BB5A8BF7,TCGA-BH-A1FN,TCGA-BRCA,0,patient_847,slide_909
/TCGA-BRCA/titan/TCGA-AC-A2BK-01Z-00-DX1.A3A1F275-9CDC-48BA-BB81-BCA6F02ACA94.npy,TCGA-AC-A2BK-01Z-00-DX1.A3A1F275-9CDC-48BA-BB81-BCA6F02ACA94,TCGA-AC-A2BK,TCGA-BRCA,0,patient_848,slide_910
/TCGA-BRCA/titan/TCGA-EW-A1J2-01Z-00-DX1.F1D8E593-2DF4-44C3-873D-FD3C910011E4.npy,TCGA-EW-A1J2-01Z-00-DX1.F1D8E593-2DF4-44C3-873D-FD3C910011E4,TCGA-EW-A1J2,TCGA-BRCA,1,patient_849,slide_911
/TCGA-BRCA/titan/TCGA-C8-A12N-01Z-00-DX1.8E50110E-A6C0-496F-B44E-7190096C113E.npy,TCGA-C8-A12N-01Z-00-DX1.8E50110E-A6C0-496F-B44E-7190096C113E,TCGA-C8-A12N,TCGA-BRCA,0,patient_850,slide_912
/TCGA-BRCA/titan/TCGA-E2-A10B-01Z-00-DX1.148CFC4B-EE65-4A7E-918F-10C72F37CB0F.npy,TCGA-E2-A10B-01Z-00-DX1.148CFC4B-EE65-4A7E-918F-10C72F37CB0F,TCGA-E2-A10B,TCGA-BRCA,0,patient_851,slide_913
/TCGA-BRCA/titan/TCGA-A7-A26H-01Z-00-DX1.3344CFD3-5A19-4B01-BEB2-AB89F83FD53A.npy,TCGA-A7-A26H-01Z-00-DX1.3344CFD3-5A19-4B01-BEB2-AB89F83FD53A,TCGA-A7-A26H,TCGA-BRCA,0,patient_852,slide_914
/TCGA-BRCA/titan/TCGA-A2-A0YT-01Z-00-DX1.63CA3E36-B3E4-4D3F-9F80-2703970DBE5B.npy,TCGA-A2-A0YT-01Z-00-DX1.63CA3E36-B3E4-4D3F-9F80-2703970DBE5B,TCGA-A2-A0YT,TCGA-BRCA,0,patient_853,slide_915
/TCGA-BRCA/titan/TCGA-E2-A1B1-01Z-00-DX1.7C8DF153-B09B-44C7-87B8-14591E319354.npy,TCGA-E2-A1B1-01Z-00-DX1.7C8DF153-B09B-44C7-87B8-14591E319354,TCGA-E2-A1B1,TCGA-BRCA,0,patient_854,slide_916
/TCGA-BRCA/titan/TCGA-BH-A0BP-01Z-00-DX1.63A87C1D-87FA-494D-9836-74290B5DC30D.npy,TCGA-BH-A0BP-01Z-00-DX1.63A87C1D-87FA-494D-9836-74290B5DC30D,TCGA-BH-A0BP,TCGA-BRCA,0,patient_855,slide_917
/TCGA-BRCA/titan/TCGA-AR-A0TU-01Z-00-DX1.2CBBDDAB-C1DD-4205-A555-431542F9C069.npy,TCGA-AR-A0TU-01Z-00-DX1.2CBBDDAB-C1DD-4205-A555-431542F9C069,TCGA-AR-A0TU,TCGA-BRCA,0,patient_856,slide_918
/TCGA-BRCA/titan/TCGA-E9-A227-01Z-00-DX1.823062BF-3444-489B-AF91-AAD4ECAA1DC7.npy,TCGA-E9-A227-01Z-00-DX1.823062BF-3444-489B-AF91-AAD4ECAA1DC7,TCGA-E9-A227,TCGA-BRCA,0,patient_857,slide_919
/TCGA-BRCA/titan/TCGA-A8-A06R-01Z-00-DX1.41476D0D-BA72-4FB8-B143-9EB679F26D28.npy,TCGA-A8-A06R-01Z-00-DX1.41476D0D-BA72-4FB8-B143-9EB679F26D28,TCGA-A8-A06R,TCGA-BRCA,0,patient_858,slide_920
/TCGA-BRCA/titan/TCGA-AR-A2LK-01Z-00-DX1.FBD59C38-CD4E-4C22-BC74-A57C192A9BBC.npy,TCGA-AR-A2LK-01Z-00-DX1.FBD59C38-CD4E-4C22-BC74-A57C192A9BBC,TCGA-AR-A2LK,TCGA-BRCA,1,patient_859,slide_921
/TCGA-BRCA/titan/TCGA-BH-A0B6-01Z-00-DX1.4D982935-F600-4F37-ABB5-13AF74F4FDC4.npy,TCGA-BH-A0B6-01Z-00-DX1.4D982935-F600-4F37-ABB5-13AF74F4FDC4,TCGA-BH-A0B6,TCGA-BRCA,0,patient_860,slide_922
/TCGA-BRCA/titan/TCGA-AN-A0XL-01Z-00-DX1.E90AA056-51DC-4A6B-96EB-A0B707496912.npy,TCGA-AN-A0XL-01Z-00-DX1.E90AA056-51DC-4A6B-96EB-A0B707496912,TCGA-AN-A0XL,TCGA-BRCA,0,patient_861,slide_923
/TCGA-BRCA/titan/TCGA-E2-A14N-01Z-00-DX1.15F5644F-CA9F-4688-B56E-BCC00CA4769B.npy,TCGA-E2-A14N-01Z-00-DX1.15F5644F-CA9F-4688-B56E-BCC00CA4769B,TCGA-E2-A14N,TCGA-BRCA,0,patient_862,slide_924
/TCGA-BRCA/titan/TCGA-BH-A0BF-01Z-00-DX1.934DF984-9054-4B20-B85B-9CF94B8DC3D4.npy,TCGA-BH-A0BF-01Z-00-DX1.934DF984-9054-4B20-B85B-9CF94B8DC3D4,TCGA-BH-A0BF,TCGA-BRCA,0,patient_863,slide_925
/TCGA-BRCA/titan/TCGA-E2-A158-01Z-00-DX1.994C60FE-E651-4224-95E7-4669834F2338.npy,TCGA-E2-A158-01Z-00-DX1.994C60FE-E651-4224-95E7-4669834F2338,TCGA-E2-A158,TCGA-BRCA,0,patient_864,slide_926
/TCGA-BRCA/titan/TCGA-A2-A0CY-01Z-00-DX1.8815F011-317B-4BB7-A48F-64EABD0E558B.npy,TCGA-A2-A0CY-01Z-00-DX1.8815F011-317B-4BB7-A48F-64EABD0E558B,TCGA-A2-A0CY,TCGA-BRCA,0,patient_865,slide_927
/TCGA-BRCA/titan/TCGA-E2-A15O-01Z-00-DX1.4D0F3975-93EA-4DC2-AD0C-A76A24C3AE0C.npy,TCGA-E2-A15O-01Z-00-DX1.4D0F3975-93EA-4DC2-AD0C-A76A24C3AE0C,TCGA-E2-A15O,TCGA-BRCA,0,patient_866,slide_928
/TCGA-BRCA/titan/TCGA-AO-A12B-01Z-00-DX1.B215230B-5FF7-4B0A-9C1E-5F1658534B11.npy,TCGA-AO-A12B-01Z-00-DX1.B215230B-5FF7-4B0A-9C1E-5F1658534B11,TCGA-AO-A12B,TCGA-BRCA,0,patient_867,slide_929
/TCGA-BRCA/titan/TCGA-C8-A26W-01Z-00-DX1.CFF07941-6CD1-4CF9-BE5F-387DA67B66CC.npy,TCGA-C8-A26W-01Z-00-DX1.CFF07941-6CD1-4CF9-BE5F-387DA67B66CC,TCGA-C8-A26W,TCGA-BRCA,0,patient_868,slide_930
/TCGA-BRCA/titan/TCGA-D8-A1JC-01Z-00-DX2.854ABF5D-40F1-48AE-802F-97D75497F1FD.npy,TCGA-D8-A1JC-01Z-00-DX2.854ABF5D-40F1-48AE-802F-97D75497F1FD,TCGA-D8-A1JC,TCGA-BRCA,0,patient_869,slide_931
/TCGA-BRCA/titan/TCGA-D8-A1JC-01Z-00-DX1.16D32FE8-4D76-4EEC-9739-D394087605BC.npy,TCGA-D8-A1JC-01Z-00-DX1.16D32FE8-4D76-4EEC-9739-D394087605BC,TCGA-D8-A1JC,TCGA-BRCA,0,patient_869,slide_932
/TCGA-BRCA/titan/TCGA-A7-A0DA-01Z-00-DX2.90C93176-C3C6-41B3-B34B-B16F1A1779E6.npy,TCGA-A7-A0DA-01Z-00-DX2.90C93176-C3C6-41B3-B34B-B16F1A1779E6,TCGA-A7-A0DA,TCGA-BRCA,0,patient_870,slide_933
/TCGA-BRCA/titan/TCGA-A7-A0DA-01Z-00-DX1.5F087009-16E9-4A07-BA24-62340E108B17.npy,TCGA-A7-A0DA-01Z-00-DX1.5F087009-16E9-4A07-BA24-62340E108B17,TCGA-A7-A0DA,TCGA-BRCA,0,patient_870,slide_934
/TCGA-BRCA/titan/TCGA-C8-A1HI-01Z-00-DX1.C6D0F8B8-55ED-477F-BAF7-AA05D0449CC8.npy,TCGA-C8-A1HI-01Z-00-DX1.C6D0F8B8-55ED-477F-BAF7-AA05D0449CC8,TCGA-C8-A1HI,TCGA-BRCA,0,patient_871,slide_935
/TCGA-BRCA/titan/TCGA-LL-A50Y-01Z-00-DX1.7F08413F-2C59-4322-9296-84F8CD3DF619.npy,TCGA-LL-A50Y-01Z-00-DX1.7F08413F-2C59-4322-9296-84F8CD3DF619,TCGA-LL-A50Y,TCGA-BRCA,1,patient_872,slide_936
/TCGA-BRCA/titan/TCGA-LL-A6FQ-01Z-00-DX1.D4FEEC16-FC67-4C4A-A4B1-F8BA34ECBCBD.npy,TCGA-LL-A6FQ-01Z-00-DX1.D4FEEC16-FC67-4C4A-A4B1-F8BA34ECBCBD,TCGA-LL-A6FQ,TCGA-BRCA,0,patient_873,slide_937
/TCGA-BRCA/titan/TCGA-AC-A3BB-01Z-00-DX1.CE889249-2A5E-44DA-B04E-746BE82CD805.npy,TCGA-AC-A3BB-01Z-00-DX1.CE889249-2A5E-44DA-B04E-746BE82CD805,TCGA-AC-A3BB,TCGA-BRCA,1,patient_874,slide_938
/TCGA-BRCA/titan/TCGA-GM-A2DN-01Z-00-DX1.593003B0-BA87-486B-B472-D6B85867D54D.npy,TCGA-GM-A2DN-01Z-00-DX1.593003B0-BA87-486B-B472-D6B85867D54D,TCGA-GM-A2DN,TCGA-BRCA,0,patient_875,slide_939
/TCGA-BRCA/titan/TCGA-AR-A1AT-01Z-00-DX1.6ED69002-2CC1-4AD4-9573-B245D7C2D060.npy,TCGA-AR-A1AT-01Z-00-DX1.6ED69002-2CC1-4AD4-9573-B245D7C2D060,TCGA-AR-A1AT,TCGA-BRCA,1,patient_876,slide_940
/TCGA-BRCA/titan/TCGA-A7-A425-01Z-00-DX1.812A94B1-0403-4298-A6C5-F71AFD3A9995.npy,TCGA-A7-A425-01Z-00-DX1.812A94B1-0403-4298-A6C5-F71AFD3A9995,TCGA-A7-A425,TCGA-BRCA,1,patient_877,slide_941
/TCGA-BRCA/titan/TCGA-D8-A1JM-01Z-00-DX1.3CD15BC8-08B3-4BEE-9FD7-A8BEED33268E.npy,TCGA-D8-A1JM-01Z-00-DX1.3CD15BC8-08B3-4BEE-9FD7-A8BEED33268E,TCGA-D8-A1JM,TCGA-BRCA,0,patient_878,slide_942
/TCGA-BRCA/titan/TCGA-A2-A0YE-01Z-00-DX1.8A2E3094-5755-42BC-969D-7F0A2ECA0F39.npy,TCGA-A2-A0YE-01Z-00-DX1.8A2E3094-5755-42BC-969D-7F0A2ECA0F39,TCGA-A2-A0YE,TCGA-BRCA,0,patient_879,slide_943
/TCGA-BRCA/titan/TCGA-D8-A147-01Z-00-DX1.159094F2-BB78-4910-B7AE-3D7CAAB1DAD9.npy,TCGA-D8-A147-01Z-00-DX1.159094F2-BB78-4910-B7AE-3D7CAAB1DAD9,TCGA-D8-A147,TCGA-BRCA,0,patient_880,slide_944
/TCGA-BRCA/titan/TCGA-E2-A570-01Z-00-DX1.64E5F2CA-9396-40DC-A300-04A54657BDE6.npy,TCGA-E2-A570-01Z-00-DX1.64E5F2CA-9396-40DC-A300-04A54657BDE6,TCGA-E2-A570,TCGA-BRCA,0,patient_881,slide_945
/TCGA-BRCA/titan/TCGA-AR-A250-01Z-00-DX1.572A2F73-6BF5-4932-BFEF-4B8904755ACF.npy,TCGA-AR-A250-01Z-00-DX1.572A2F73-6BF5-4932-BFEF-4B8904755ACF,TCGA-AR-A250,TCGA-BRCA,0,patient_882,slide_946
/TCGA-BRCA/titan/TCGA-5L-AAT1-01Z-00-DX1.F3449A5B-2AC4-4ED7-BF44-4C8946CDB47D.npy,TCGA-5L-AAT1-01Z-00-DX1.F3449A5B-2AC4-4ED7-BF44-4C8946CDB47D,TCGA-5L-AAT1,TCGA-BRCA,1,patient_883,slide_947
/TCGA-BRCA/titan/TCGA-OL-A66I-01Z-00-DX1.8CE9DCAB-98D3-4163-94AC-1557D86C1E25.npy,TCGA-OL-A66I-01Z-00-DX1.8CE9DCAB-98D3-4163-94AC-1557D86C1E25,TCGA-OL-A66I,TCGA-BRCA,0,patient_884,slide_948
/TCGA-BRCA/titan/TCGA-BH-A204-01Z-00-DX1.9DCE8242-E862-45AB-9452-D7299110973F.npy,TCGA-BH-A204-01Z-00-DX1.9DCE8242-E862-45AB-9452-D7299110973F,TCGA-BH-A204,TCGA-BRCA,0,patient_885,slide_949
/TCGA-BRCA/titan/TCGA-E2-A15A-01Z-00-DX1.B9D22735-FE9F-46D9-84E6-0C71A1BF84D6.npy,TCGA-E2-A15A-01Z-00-DX1.B9D22735-FE9F-46D9-84E6-0C71A1BF84D6,TCGA-E2-A15A,TCGA-BRCA,0,patient_886,slide_950
/TCGA-BRCA/titan/TCGA-E2-A1LH-01Z-00-DX1.F85384B7-1EBF-4F57-A45B-4A668B68E535.npy,TCGA-E2-A1LH-01Z-00-DX1.F85384B7-1EBF-4F57-A45B-4A668B68E535,TCGA-E2-A1LH,TCGA-BRCA,0,patient_887,slide_951
/TCGA-BRCA/titan/TCGA-A2-A0CM-01Z-00-DX1.AC4901DE-4B6D-4185-BB9F-156033839828.npy,TCGA-A2-A0CM-01Z-00-DX1.AC4901DE-4B6D-4185-BB9F-156033839828,TCGA-A2-A0CM,TCGA-BRCA,0,patient_888,slide_952
/TCGA-BRCA/titan/TCGA-AO-A0JM-01Z-00-DX1.94E75EFD-E5F5-4DF8-93A0-ED94CB4D203A.npy,TCGA-AO-A0JM-01Z-00-DX1.94E75EFD-E5F5-4DF8-93A0-ED94CB4D203A,TCGA-AO-A0JM,TCGA-BRCA,0,patient_889,slide_953
/TCGA-BRCA/titan/TCGA-A8-A08B-01Z-00-DX1.416316FD-E8BF-402C-939A-08920F08A181.npy,TCGA-A8-A08B-01Z-00-DX1.416316FD-E8BF-402C-939A-08920F08A181,TCGA-A8-A08B,TCGA-BRCA,0,patient_890,slide_954
/TCGA-BRCA/titan/TCGA-AO-A0JA-01Z-00-DX1.E3DDBAAF-6FFA-40BE-83FF-942857CFED5D.npy,TCGA-AO-A0JA-01Z-00-DX1.E3DDBAAF-6FFA-40BE-83FF-942857CFED5D,TCGA-AO-A0JA,TCGA-BRCA,0,patient_891,slide_955
/TCGA-BRCA/titan/TCGA-E2-A107-01Z-00-DX1.3BFCCC24-7286-488D-A9E9-98E498AD0767.npy,TCGA-E2-A107-01Z-00-DX1.3BFCCC24-7286-488D-A9E9-98E498AD0767,TCGA-E2-A107,TCGA-BRCA,1,patient_892,slide_956
/TCGA-BRCA/titan/TCGA-D8-A1JK-01Z-00-DX1.3190C919-A403-460D-9F6C-D2AB5FD3FD05.npy,TCGA-D8-A1JK-01Z-00-DX1.3190C919-A403-460D-9F6C-D2AB5FD3FD05,TCGA-D8-A1JK,TCGA-BRCA,0,patient_893,slide_957
/TCGA-BRCA/titan/TCGA-D8-A1J9-01Z-00-DX1.F81FA9EF-8129-4E17-A9AD-2B850782CC18.npy,TCGA-D8-A1J9-01Z-00-DX1.F81FA9EF-8129-4E17-A9AD-2B850782CC18,TCGA-D8-A1J9,TCGA-BRCA,0,patient_894,slide_958
/TCGA-BRCA/titan/TCGA-D8-A1J9-01Z-00-DX2.E1C59487-9563-4501-845F-2067A0C5C59B.npy,TCGA-D8-A1J9-01Z-00-DX2.E1C59487-9563-4501-845F-2067A0C5C59B,TCGA-D8-A1J9,TCGA-BRCA,0,patient_894,slide_959
/TCGA-BRCA/titan/TCGA-OL-A5RY-01Z-00-DX1.AE4E9D74-FC1C-4C1E-AE6D-5DF38899BBA6.npy,TCGA-OL-A5RY-01Z-00-DX1.AE4E9D74-FC1C-4C1E-AE6D-5DF38899BBA6,TCGA-OL-A5RY,TCGA-BRCA,0,patient_895,slide_960
/TCGA-BRCA/titan/TCGA-B6-A0X5-01Z-00-DX1.02A9FF1E-EA20-4F2D-A2BB-427A287DE3FD.npy,TCGA-B6-A0X5-01Z-00-DX1.02A9FF1E-EA20-4F2D-A2BB-427A287DE3FD,TCGA-B6-A0X5,TCGA-BRCA,0,patient_896,slide_961
/TCGA-BRCA/titan/TCGA-A2-A0YC-01Z-00-DX1.F01F2268-17D8-45FD-8917-FD89454D0709.npy,TCGA-A2-A0YC-01Z-00-DX1.F01F2268-17D8-45FD-8917-FD89454D0709,TCGA-A2-A0YC,TCGA-BRCA,0,patient_897,slide_962
/TCGA-BRCA/titan/TCGA-AR-A0TP-01Z-00-DX1.58E6A3A6-D1D7-4AE5-87A5-E823F04CBB2F.npy,TCGA-AR-A0TP-01Z-00-DX1.58E6A3A6-D1D7-4AE5-87A5-E823F04CBB2F,TCGA-AR-A0TP,TCGA-BRCA,0,patient_898,slide_963
/TCGA-BRCA/titan/TCGA-D8-A1XT-01Z-00-DX1.9E4DEEEB-AB0A-45F6-A69B-65B3E6F22D46.npy,TCGA-D8-A1XT-01Z-00-DX1.9E4DEEEB-AB0A-45F6-A69B-65B3E6F22D46,TCGA-D8-A1XT,TCGA-BRCA,0,patient_899,slide_964
/TCGA-BRCA/titan/TCGA-LL-A9Q3-01Z-00-DX1.94FA76F5-008A-401B-BFDC-817804BAE5F6.npy,TCGA-LL-A9Q3-01Z-00-DX1.94FA76F5-008A-401B-BFDC-817804BAE5F6,TCGA-LL-A9Q3,TCGA-BRCA,1,patient_900,slide_965
/TCGA-BRCA/titan/TCGA-BH-A1EW-01Z-00-DX1.A6A5F9C5-FB97-4DA3-A1EA-1F84BC006681.npy,TCGA-BH-A1EW-01Z-00-DX1.A6A5F9C5-FB97-4DA3-A1EA-1F84BC006681,TCGA-BH-A1EW,TCGA-BRCA,0,patient_901,slide_966
/TCGA-BRCA/titan/TCGA-C8-A1HK-01Z-00-DX1.A15F452B-1260-4106-86D1-05F00082F0CE.npy,TCGA-C8-A1HK-01Z-00-DX1.A15F452B-1260-4106-86D1-05F00082F0CE,TCGA-C8-A1HK,TCGA-BRCA,0,patient_902,slide_967
/TCGA-BRCA/titan/TCGA-AR-A1AY-01Z-00-DX1.6AC0BE3B-FFC5-4EDA-9E40-B18CAAC52B81.npy,TCGA-AR-A1AY-01Z-00-DX1.6AC0BE3B-FFC5-4EDA-9E40-B18CAAC52B81,TCGA-AR-A1AY,TCGA-BRCA,0,patient_903,slide_968
/TCGA-BRCA/titan/TCGA-EW-A1P8-01Z-00-DX1.E9852193-8CDD-49EF-B49B-DA6931198F0D.npy,TCGA-EW-A1P8-01Z-00-DX1.E9852193-8CDD-49EF-B49B-DA6931198F0D,TCGA-EW-A1P8,TCGA-BRCA,0,patient_904,slide_969
/TCGA-BRCA/titan/TCGA-B6-A0RQ-01Z-00-DX1.68B4F49D-9F81-4501-BC66-0349012077C8.npy,TCGA-B6-A0RQ-01Z-00-DX1.68B4F49D-9F81-4501-BC66-0349012077C8,TCGA-B6-A0RQ,TCGA-BRCA,1,patient_905,slide_970
/TCGA-BRCA/titan/TCGA-GM-A3XN-01Z-00-DX1.49F5C8AC-0328-4BC2-9FE2-E7150B7A42E2.npy,TCGA-GM-A3XN-01Z-00-DX1.49F5C8AC-0328-4BC2-9FE2-E7150B7A42E2,TCGA-GM-A3XN,TCGA-BRCA,1,patient_906,slide_971
/TCGA-BRCA/titan/TCGA-A2-A04P-01Z-00-DX1.5B481E02-D269-4732-8FDD-6494E6EE2B71.npy,TCGA-A2-A04P-01Z-00-DX1.5B481E02-D269-4732-8FDD-6494E6EE2B71,TCGA-A2-A04P,TCGA-BRCA,0,patient_907,slide_972
/TCGA-BRCA/titan/TCGA-AR-A1AU-01Z-00-DX1.F06647D1-E5A3-46FE-8537-01A10A08A4EC.npy,TCGA-AR-A1AU-01Z-00-DX1.F06647D1-E5A3-46FE-8537-01A10A08A4EC,TCGA-AR-A1AU,TCGA-BRCA,0,patient_908,slide_973
/TCGA-BRCA/titan/TCGA-AR-A24U-01Z-00-DX1.220FD0D0-0DB6-4E3C-92A0-66CD6509F0AD.npy,TCGA-AR-A24U-01Z-00-DX1.220FD0D0-0DB6-4E3C-92A0-66CD6509F0AD,TCGA-AR-A24U,TCGA-BRCA,0,patient_909,slide_974
/TCGA-BRCA/titan/TCGA-AC-A23C-01Z-00-DX1.0E67C785-83D3-49AF-B600-FB5B909AE6ED.npy,TCGA-AC-A23C-01Z-00-DX1.0E67C785-83D3-49AF-B600-FB5B909AE6ED,TCGA-AC-A23C,TCGA-BRCA,0,patient_910,slide_975
/TCGA-BRCA/titan/TCGA-A2-A04N-01Z-00-DX1.9E9B7DB0-1CF1-4631-8292-A9DBCA0BD37C.npy,TCGA-A2-A04N-01Z-00-DX1.9E9B7DB0-1CF1-4631-8292-A9DBCA0BD37C,TCGA-A2-A04N,TCGA-BRCA,0,patient_911,slide_976
/TCGA-BRCA/titan/TCGA-EW-A6SC-01Z-00-DX1.C2D50E7C-3AD0-4038-9A1C-CAE54A3FBE2F.npy,TCGA-EW-A6SC-01Z-00-DX1.C2D50E7C-3AD0-4038-9A1C-CAE54A3FBE2F,TCGA-EW-A6SC,TCGA-BRCA,1,patient_912,slide_977
/TCGA-BRCA/titan/TCGA-AN-A0FY-01Z-00-DX1.25F5E2A1-F92C-4FE1-BD90-0CDDE50DC066.npy,TCGA-AN-A0FY-01Z-00-DX1.25F5E2A1-F92C-4FE1-BD90-0CDDE50DC066,TCGA-AN-A0FY,TCGA-BRCA,0,patient_913,slide_978
/TCGA-BRCA/titan/TCGA-E9-A1R6-01Z-00-DX1.59770592-498A-47EA-AE32-42AC1D8E99BE.npy,TCGA-E9-A1R6-01Z-00-DX1.59770592-498A-47EA-AE32-42AC1D8E99BE,TCGA-E9-A1R6,TCGA-BRCA,0,patient_914,slide_979
/TCGA-BRCA/titan/TCGA-B6-A0IG-01Z-00-DX1.4238CB6E-0561-49FD-9C49-9B8AEAFC4618.npy,TCGA-B6-A0IG-01Z-00-DX1.4238CB6E-0561-49FD-9C49-9B8AEAFC4618,TCGA-B6-A0IG,TCGA-BRCA,0,patient_915,slide_980
/TCGA-BRCA/titan/TCGA-BH-A1FJ-01Z-00-DX1.BCED4CEF-2B33-45BA-ABC7-29BEE818F4A3.npy,TCGA-BH-A1FJ-01Z-00-DX1.BCED4CEF-2B33-45BA-ABC7-29BEE818F4A3,TCGA-BH-A1FJ,TCGA-BRCA,0,patient_916,slide_981
/TCGA-BRCA/titan/TCGA-AO-A0J4-01Z-00-DX1.2EFC978E-8DF5-4254-9598-C0910B17C5C8.npy,TCGA-AO-A0J4-01Z-00-DX1.2EFC978E-8DF5-4254-9598-C0910B17C5C8,TCGA-AO-A0J4,TCGA-BRCA,0,patient_917,slide_982
/TCGA-BRCA/titan/TCGA-BH-A5IZ-01Z-00-DX1.6C871030-82E1-463E-A67B-976A5F3DCDB2.npy,TCGA-BH-A5IZ-01Z-00-DX1.6C871030-82E1-463E-A67B-976A5F3DCDB2,TCGA-BH-A5IZ,TCGA-BRCA,0,patient_918,slide_983
/TCGA-BRCA/titan/TCGA-A8-A07F-01Z-00-DX1.E6FE5B3A-A412-4E7B-A710-7DFD3596F4E3.npy,TCGA-A8-A07F-01Z-00-DX1.E6FE5B3A-A412-4E7B-A710-7DFD3596F4E3,TCGA-A8-A07F,TCGA-BRCA,0,patient_919,slide_984
/TCGA-BRCA/titan/TCGA-EW-A1J5-01Z-00-DX1.FFE303B1-7F36-4276-B931-C2A6B2CBD1F2.npy,TCGA-EW-A1J5-01Z-00-DX1.FFE303B1-7F36-4276-B931-C2A6B2CBD1F2,TCGA-EW-A1J5,TCGA-BRCA,1,patient_920,slide_985
/TCGA-BRCA/titan/TCGA-A2-A0EM-01Z-00-DX1.305CF011-7451-4880-9A5D-AB4432CF53A5.npy,TCGA-A2-A0EM-01Z-00-DX1.305CF011-7451-4880-9A5D-AB4432CF53A5,TCGA-A2-A0EM,TCGA-BRCA,0,patient_921,slide_986
/TCGA-BRCA/titan/TCGA-A2-A04V-01Z-00-DX1.EB430DDB-8FE9-4302-8829-53DBAD09E79F.npy,TCGA-A2-A04V-01Z-00-DX1.EB430DDB-8FE9-4302-8829-53DBAD09E79F,TCGA-A2-A04V,TCGA-BRCA,0,patient_922,slide_987
/TCGA-BRCA/titan/TCGA-A8-A09C-01Z-00-DX1.19E0C0E9-0ED6-4E3A-95FE-A5778F5DDBCD.npy,TCGA-A8-A09C-01Z-00-DX1.19E0C0E9-0ED6-4E3A-95FE-A5778F5DDBCD,TCGA-A8-A09C,TCGA-BRCA,0,patient_923,slide_988
/TCGA-BRCA/titan/TCGA-AC-A2QH-01Z-00-DX1.00B8BFFF-F1E2-4F99-A969-8DD7EE4F8E0B.npy,TCGA-AC-A2QH-01Z-00-DX1.00B8BFFF-F1E2-4F99-A969-8DD7EE4F8E0B,TCGA-AC-A2QH,TCGA-BRCA,0,patient_924,slide_989
/TCGA-BRCA/titan/TCGA-A2-A0YG-01Z-00-DX1.89A39319-F880-47DE-B311-DA1F6A64B6F3.npy,TCGA-A2-A0YG-01Z-00-DX1.89A39319-F880-47DE-B311-DA1F6A64B6F3,TCGA-A2-A0YG,TCGA-BRCA,0,patient_925,slide_990
/TCGA-BRCA/titan/TCGA-LD-A66U-01Z-00-DX1.AEC25C62-0519-47ED-A85B-2A964BA2BA87.npy,TCGA-LD-A66U-01Z-00-DX1.AEC25C62-0519-47ED-A85B-2A964BA2BA87,TCGA-LD-A66U,TCGA-BRCA,1,patient_926,slide_991
/TCGA-BRCA/titan/TCGA-BH-A0DG-01Z-00-DX1.D3C4F57F-608F-46AA-A978-B558117C9DFB.npy,TCGA-BH-A0DG-01Z-00-DX1.D3C4F57F-608F-46AA-A978-B558117C9DFB,TCGA-BH-A0DG,TCGA-BRCA,0,patient_927,slide_992
/TCGA-BRCA/titan/TCGA-S3-A6ZH-01Z-00-DX1.E728FF79-4921-436F-BFF5-5B782C0EEB9A.npy,TCGA-S3-A6ZH-01Z-00-DX1.E728FF79-4921-436F-BFF5-5B782C0EEB9A,TCGA-S3-A6ZH,TCGA-BRCA,0,patient_928,slide_993
/TCGA-BRCA/titan/TCGA-3C-AALK-01Z-00-DX1.4E6EB156-BB19-410F-878F-FC0EA7BD0B53.npy,TCGA-3C-AALK-01Z-00-DX1.4E6EB156-BB19-410F-878F-FC0EA7BD0B53,TCGA-3C-AALK,TCGA-BRCA,0,patient_929,slide_994
/TCGA-BRCA/titan/TCGA-BH-A28O-01Z-00-DX1.B37603E3-BC80-4DDA-B44D-B5F794E3398E.npy,TCGA-BH-A28O-01Z-00-DX1.B37603E3-BC80-4DDA-B44D-B5F794E3398E,TCGA-BH-A28O,TCGA-BRCA,1,patient_930,slide_995
/TCGA-BRCA/titan/TCGA-A8-A07U-01Z-00-DX1.69D356C3-C7FC-47E9-B753-BE421263343F.npy,TCGA-A8-A07U-01Z-00-DX1.69D356C3-C7FC-47E9-B753-BE421263343F,TCGA-A8-A07U,TCGA-BRCA,0,patient_931,slide_996
/TCGA-BRCA/titan/TCGA-BH-A0HL-01Z-00-DX1.972DE96D-51F4-4A2D-B074-8D965023DC01.npy,TCGA-BH-A0HL-01Z-00-DX1.972DE96D-51F4-4A2D-B074-8D965023DC01,TCGA-BH-A0HL,TCGA-BRCA,0,patient_932,slide_997
/TCGA-BRCA/titan/TCGA-AN-A0XO-01Z-00-DX1.204E554E-B1A8-41AD-8E39-62484DF4E3CD.npy,TCGA-AN-A0XO-01Z-00-DX1.204E554E-B1A8-41AD-8E39-62484DF4E3CD,TCGA-AN-A0XO,TCGA-BRCA,0,patient_933,slide_998
/TCGA-BRCA/titan/TCGA-AN-A0G0-01Z-00-DX1.BE0BB5DF-DEDA-48D8-B5D8-2735C767F28F.npy,TCGA-AN-A0G0-01Z-00-DX1.BE0BB5DF-DEDA-48D8-B5D8-2735C767F28F,TCGA-AN-A0G0,TCGA-BRCA,0,patient_934,slide_999
/TCGA-BRCA/titan/TCGA-A2-A25D-01Z-00-DX1.41DADDB8-3E3F-4F8F-8BE7-C43F8FBCFD2B.npy,TCGA-A2-A25D-01Z-00-DX1.41DADDB8-3E3F-4F8F-8BE7-C43F8FBCFD2B,TCGA-A2-A25D,TCGA-BRCA,1,patient_935,slide_1000
/TCGA-BRCA/titan/TCGA-BH-A1FU-01Z-00-DX1.3D195750-8C9E-48C6-92EC-44AC6AB56267.npy,TCGA-BH-A1FU-01Z-00-DX1.3D195750-8C9E-48C6-92EC-44AC6AB56267,TCGA-BH-A1FU,TCGA-BRCA,0,patient_936,slide_1001
/TCGA-BRCA/titan/TCGA-BH-A0HU-01Z-00-DX1.73B38904-E4F8-4F45-BD75-A27EC833B6DE.npy,TCGA-BH-A0HU-01Z-00-DX1.73B38904-E4F8-4F45-BD75-A27EC833B6DE,TCGA-BH-A0HU,TCGA-BRCA,0,patient_937,slide_1002
/TCGA-BRCA/titan/TCGA-BH-A1FB-01Z-00-DX1.9D778D1A-07F6-450D-B7AA-0E17B4D0A88C.npy,TCGA-BH-A1FB-01Z-00-DX1.9D778D1A-07F6-450D-B7AA-0E17B4D0A88C,TCGA-BH-A1FB,TCGA-BRCA,0,patient_938,slide_1003
/TCGA-BRCA/titan/TCGA-E2-A156-01Z-00-DX1.CEF32B4D-A676-4230-992D-45A046E4043A.npy,TCGA-E2-A156-01Z-00-DX1.CEF32B4D-A676-4230-992D-45A046E4043A,TCGA-E2-A156,TCGA-BRCA,0,patient_939,slide_1004
/TCGA-BRCA/titan/TCGA-C8-A273-01Z-00-DX1.6E5D581F-DF80-478D-82D1-6D6525EED1B5.npy,TCGA-C8-A273-01Z-00-DX1.6E5D581F-DF80-478D-82D1-6D6525EED1B5,TCGA-C8-A273,TCGA-BRCA,0,patient_940,slide_1005
/TCGA-BRCA/titan/TCGA-AC-A5EH-01Z-00-DX1.DF59B26B-379F-4047-B7AE-4493810D30A0.npy,TCGA-AC-A5EH-01Z-00-DX1.DF59B26B-379F-4047-B7AE-4493810D30A0,TCGA-AC-A5EH,TCGA-BRCA,0,patient_941,slide_1006
/TCGA-BRCA/titan/TCGA-C8-A1HE-01Z-00-DX1.83A5D816-E3A6-46B8-B1B8-B31486EB686E.npy,TCGA-C8-A1HE-01Z-00-DX1.83A5D816-E3A6-46B8-B1B8-B31486EB686E,TCGA-C8-A1HE,TCGA-BRCA,0,patient_942,slide_1007
/TCGA-BRCA/titan/TCGA-GM-A2DC-01Z-00-DX1.39F956BB-52D0-4385-9923-4D7D36D78862.npy,TCGA-GM-A2DC-01Z-00-DX1.39F956BB-52D0-4385-9923-4D7D36D78862,TCGA-GM-A2DC,TCGA-BRCA,0,patient_943,slide_1008
/TCGA-BRCA/titan/TCGA-E9-A229-01Z-00-DX1.5B448B88-DA0C-44FF-87B3-20649A4A26FE.npy,TCGA-E9-A229-01Z-00-DX1.5B448B88-DA0C-44FF-87B3-20649A4A26FE,TCGA-E9-A229,TCGA-BRCA,0,patient_944,slide_1009
/TCGA-BRCA/titan/TCGA-UU-A93S-01Z-00-DX1.C4809779-DF5F-4F5D-A78C-B7F95F2D050F.npy,TCGA-UU-A93S-01Z-00-DX1.C4809779-DF5F-4F5D-A78C-B7F95F2D050F,TCGA-UU-A93S,TCGA-BRCA,0,patient_945,slide_1010
/TCGA-BRCA/titan/TCGA-A7-A5ZW-01Z-00-DX1.5F571EE3-A1A3-4604-BE89-1A46E0EC508B.npy,TCGA-A7-A5ZW-01Z-00-DX1.5F571EE3-A1A3-4604-BE89-1A46E0EC508B,TCGA-A7-A5ZW,TCGA-BRCA,0,patient_946,slide_1011
/TCGA-BRCA/titan/TCGA-D8-A1JF-01Z-00-DX1.224EDA43-F822-4A88-814A-BA7D4C60F8CC.npy,TCGA-D8-A1JF-01Z-00-DX1.224EDA43-F822-4A88-814A-BA7D4C60F8CC,TCGA-D8-A1JF,TCGA-BRCA,0,patient_947,slide_1012
/TCGA-BRCA/titan/TCGA-E9-A5UO-01Z-00-DX1.96BFEB0C-86DB-4D3B-9364-C708937219B2.npy,TCGA-E9-A5UO-01Z-00-DX1.96BFEB0C-86DB-4D3B-9364-C708937219B2,TCGA-E9-A5UO,TCGA-BRCA,0,patient_948,slide_1013
/TCGA-BRCA/titan/TCGA-BH-A0DO-01Z-00-DX1.1684557E-A5D4-4828-B2D5-FA899993A019.npy,TCGA-BH-A0DO-01Z-00-DX1.1684557E-A5D4-4828-B2D5-FA899993A019,TCGA-BH-A0DO,TCGA-BRCA,0,patient_949,slide_1014
/TCGA-BRCA/titan/TCGA-A2-A04Q-01Z-00-DX1.DF7ED6B6-7701-486D-9007-F26B6F0682C4.npy,TCGA-A2-A04Q-01Z-00-DX1.DF7ED6B6-7701-486D-9007-F26B6F0682C4,TCGA-A2-A04Q,TCGA-BRCA,0,patient_950,slide_1015
/TCGA-BRCA/titan/TCGA-A7-A56D-01Z-00-DX1.87D9CCF4-04EE-46D2-B7FC-A83561D7752C.npy,TCGA-A7-A56D-01Z-00-DX1.87D9CCF4-04EE-46D2-B7FC-A83561D7752C,TCGA-A7-A56D,TCGA-BRCA,0,patient_951,slide_1016
/TCGA-BRCA/titan/TCGA-D8-A27G-01Z-00-DX1.04FCF306-67AA-4F56-AE90-44A4F5DD56D4.npy,TCGA-D8-A27G-01Z-00-DX1.04FCF306-67AA-4F56-AE90-44A4F5DD56D4,TCGA-D8-A27G,TCGA-BRCA,1,patient_952,slide_1017
/TCGA-BRCA/titan/TCGA-A8-A07B-01Z-00-DX1.950B5E4E-C5F0-4445-9F88-E8C32CDFE6DA.npy,TCGA-A8-A07B-01Z-00-DX1.950B5E4E-C5F0-4445-9F88-E8C32CDFE6DA,TCGA-A8-A07B,TCGA-BRCA,0,patient_953,slide_1018
/TCGA-BRCA/titan/TCGA-BH-A5J0-01Z-00-DX1.73CFBC85-8449-48FF-86F8-D4D49A90498B.npy,TCGA-BH-A5J0-01Z-00-DX1.73CFBC85-8449-48FF-86F8-D4D49A90498B,TCGA-BH-A5J0,TCGA-BRCA,0,patient_954,slide_1019
/TCGA-BRCA/titan/TCGA-AN-A0FS-01Z-00-DX1.104368C2-28DA-4E43-8B27-78336AD5ABC8.npy,TCGA-AN-A0FS-01Z-00-DX1.104368C2-28DA-4E43-8B27-78336AD5ABC8,TCGA-AN-A0FS,TCGA-BRCA,1,patient_955,slide_1020
/TCGA-BRCA/titan/TCGA-A2-A04Y-01Z-00-DX1.4DC97AD6-4806-4A3A-A998-FD36F93590A4.npy,TCGA-A2-A04Y-01Z-00-DX1.4DC97AD6-4806-4A3A-A998-FD36F93590A4,TCGA-A2-A04Y,TCGA-BRCA,0,patient_956,slide_1021
/TCGA-BRCA/titan/TCGA-AC-A8OR-01Z-00-DX1.C9A35592-1E73-40D4-834A-46E3471D84A3.npy,TCGA-AC-A8OR-01Z-00-DX1.C9A35592-1E73-40D4-834A-46E3471D84A3,TCGA-AC-A8OR,TCGA-BRCA,0,patient_957,slide_1022
/TCGA-BRCA/titan/TCGA-D8-A146-01Z-00-DX1.D93FB315-E5D7-49BA-8380-38B16B70361B.npy,TCGA-D8-A146-01Z-00-DX1.D93FB315-E5D7-49BA-8380-38B16B70361B,TCGA-D8-A146,TCGA-BRCA,0,patient_958,slide_1023
/TCGA-BRCA/titan/TCGA-A8-A08S-01Z-00-DX1.C0E044C2-FC3F-4E3D-A779-A725FF375F21.npy,TCGA-A8-A08S-01Z-00-DX1.C0E044C2-FC3F-4E3D-A779-A725FF375F21,TCGA-A8-A08S,TCGA-BRCA,0,patient_959,slide_1024
/TCGA-BRCA/titan/TCGA-B6-A0I2-01Z-00-DX1.885D2034-73B7-48AE-8343-631F89061C38.npy,TCGA-B6-A0I2-01Z-00-DX1.885D2034-73B7-48AE-8343-631F89061C38,TCGA-B6-A0I2,TCGA-BRCA,0,patient_960,slide_1025
/TCGA-BRCA/titan/TCGA-C8-A26X-01Z-00-DX1.FBD86F91-BAD7-4484-8D50-202340FBF242.npy,TCGA-C8-A26X-01Z-00-DX1.FBD86F91-BAD7-4484-8D50-202340FBF242,TCGA-C8-A26X,TCGA-BRCA,0,patient_961,slide_1026
/TCGA-BRCA/titan/TCGA-A2-A0D3-01Z-00-DX1.D18CE1C0-291D-41C1-8F71-2A0551F8C661.npy,TCGA-A2-A0D3-01Z-00-DX1.D18CE1C0-291D-41C1-8F71-2A0551F8C661,TCGA-A2-A0D3,TCGA-BRCA,0,patient_962,slide_1027
/TCGA-BRCA/titan/TCGA-HN-A2OB-01Z-00-DX1.14F1FBFB-4540-43CE-9D79-5BC628640424.npy,TCGA-HN-A2OB-01Z-00-DX1.14F1FBFB-4540-43CE-9D79-5BC628640424,TCGA-HN-A2OB,TCGA-BRCA,1,patient_963,slide_1028
/TCGA-BRCA/titan/TCGA-A2-A0CX-01Z-00-DX1.F07C75AB-E568-45CB-B497-37C712490393.npy,TCGA-A2-A0CX-01Z-00-DX1.F07C75AB-E568-45CB-B497-37C712490393,TCGA-A2-A0CX,TCGA-BRCA,0,patient_964,slide_1029
/TCGA-BRCA/titan/TCGA-E2-A15H-01Z-00-DX1.E3A9DFDC-204D-4F03-98D9-97BBBB74E840.npy,TCGA-E2-A15H-01Z-00-DX1.E3A9DFDC-204D-4F03-98D9-97BBBB74E840,TCGA-E2-A15H,TCGA-BRCA,0,patient_965,slide_1030
/TCGA-BRCA/titan/TCGA-A7-A6VW-01Z-00-DX1.1BC4790C-DB45-4A3D-9C97-92C92C03FF60.npy,TCGA-A7-A6VW-01Z-00-DX1.1BC4790C-DB45-4A3D-9C97-92C92C03FF60,TCGA-A7-A6VW,TCGA-BRCA,0,patient_966,slide_1031
/TCGA-BRCA/titan/TCGA-BH-A0DD-01Z-00-DX1.2242DD1F-0B7C-4B43-A7A9-8130D2BDEE78.npy,TCGA-BH-A0DD-01Z-00-DX1.2242DD1F-0B7C-4B43-A7A9-8130D2BDEE78,TCGA-BH-A0DD,TCGA-BRCA,0,patient_967,slide_1032
/TCGA-BRCA/titan/TCGA-BH-A0HN-01Z-00-DX1.4997F641-C593-41F6-82ED-6A0E4EFA55F3.npy,TCGA-BH-A0HN-01Z-00-DX1.4997F641-C593-41F6-82ED-6A0E4EFA55F3,TCGA-BH-A0HN,TCGA-BRCA,0,patient_968,slide_1033
/TCGA-BRCA/titan/TCGA-A7-A4SF-01Z-00-DX1.CDCFD4BC-4363-4CF2-95F5-4922E04C3B9D.npy,TCGA-A7-A4SF-01Z-00-DX1.CDCFD4BC-4363-4CF2-95F5-4922E04C3B9D,TCGA-A7-A4SF,TCGA-BRCA,0,patient_969,slide_1034
/TCGA-BRCA/titan/TCGA-B6-A0IK-01Z-00-DX1.1640DB44-4AC0-4A34-9E21-4673C4289A99.npy,TCGA-B6-A0IK-01Z-00-DX1.1640DB44-4AC0-4A34-9E21-4673C4289A99,TCGA-B6-A0IK,TCGA-BRCA,0,patient_970,slide_1035
/TCGA-BRCA/titan/TCGA-AC-A3W7-01Z-00-DX1.189BB448-ECBA-4042-8A35-4B787271E8FE.npy,TCGA-AC-A3W7-01Z-00-DX1.189BB448-ECBA-4042-8A35-4B787271E8FE,TCGA-AC-A3W7,TCGA-BRCA,1,patient_971,slide_1036
/TCGA-BRCA/titan/TCGA-E2-A15K-01Z-00-DX1.9F424BE2-9BFE-4DFF-8CC9-10D2DADBBEA7.npy,TCGA-E2-A15K-01Z-00-DX1.9F424BE2-9BFE-4DFF-8CC9-10D2DADBBEA7,TCGA-E2-A15K,TCGA-BRCA,0,patient_972,slide_1037
/TCGA-BRCA/titan/TCGA-E2-A1IG-01Z-00-DX1.C894EEA1-708A-4043-8C60-3BCA98AA751E.npy,TCGA-E2-A1IG-01Z-00-DX1.C894EEA1-708A-4043-8C60-3BCA98AA751E,TCGA-E2-A1IG,TCGA-BRCA,0,patient_973,slide_1038
/TCGA-BRCA/titan/TCGA-EW-A1PE-01Z-00-DX1.8EF56824-0B37-4AD1-AF3E-7988FCBEF773.npy,TCGA-EW-A1PE-01Z-00-DX1.8EF56824-0B37-4AD1-AF3E-7988FCBEF773,TCGA-EW-A1PE,TCGA-BRCA,0,patient_974,slide_1039
/TCGA-BRCA/titan/TCGA-A2-A3KD-01Z-00-DX1.E400D529-A0D1-4C78-AD5C-33EB0508B128.npy,TCGA-A2-A3KD-01Z-00-DX1.E400D529-A0D1-4C78-AD5C-33EB0508B128,TCGA-A2-A3KD,TCGA-BRCA,0,patient_975,slide_1040
/TCGA-BRCA/titan/TCGA-GM-A2D9-01Z-00-DX1.AF4BF2DD-05FB-400B-A1BC-6E7C9B9DDF05.npy,TCGA-GM-A2D9-01Z-00-DX1.AF4BF2DD-05FB-400B-A1BC-6E7C9B9DDF05,TCGA-GM-A2D9,TCGA-BRCA,0,patient_976,slide_1041
/TCGA-BRCA/titan/TCGA-JL-A3YX-01Z-00-DX1.0FE8F389-F79A-4CF8-A83C-420380A02552.npy,TCGA-JL-A3YX-01Z-00-DX1.0FE8F389-F79A-4CF8-A83C-420380A02552,TCGA-JL-A3YX,TCGA-BRCA,1,patient_977,slide_1042
/TCGA-BRCA/titan/TCGA-A8-A09E-01Z-00-DX1.239A8E03-49EA-4C29-AF86-FC1BD8A9DB20.npy,TCGA-A8-A09E-01Z-00-DX1.239A8E03-49EA-4C29-AF86-FC1BD8A9DB20,TCGA-A8-A09E,TCGA-BRCA,0,patient_978,slide_1043
/TCGA-BRCA/titan/TCGA-BH-A0H9-01Z-00-DX1.8AE869C6-5C78-4D52-AC8B-5B6FD5FD91AA.npy,TCGA-BH-A0H9-01Z-00-DX1.8AE869C6-5C78-4D52-AC8B-5B6FD5FD91AA,TCGA-BH-A0H9,TCGA-BRCA,0,patient_979,slide_1044
/TCGA-BRCA/titan/TCGA-A7-A3IZ-01Z-00-DX1.7437130B-DF49-40C8-ABCD-FF9364B9B1B0.npy,TCGA-A7-A3IZ-01Z-00-DX1.7437130B-DF49-40C8-ABCD-FF9364B9B1B0,TCGA-A7-A3IZ,TCGA-BRCA,1,patient_980,slide_1045
