slide_id_name,wsi_ID,patient_ID,dataset,label,case_id,slide_id
/MUT-HETRCC/slides/18467.svs,18467,18467,MUT,0,patient_0,slide_0
/MUT-HETRCC/slides/18468.svs,18468,18468,MUT,0,patient_1,slide_1
/MUT-HETRCC/slides/18469.svs,18469,18469,MUT,1,patient_2,slide_2
/MUT-HETRCC/slides/18470.svs,18470,18470,MUT,1,patient_3,slide_3
/MUT-HETRCC/slides/18471.svs,18471,18471,MUT,0,patient_4,slide_4
/MUT-HETRCC/slides/18472.svs,18472,18472,MUT,0,patient_5,slide_5
/MUT-HETRCC/slides/18473.svs,18473,18473,MUT,1,patient_6,slide_6
/MUT-HETRCC/slides/18474.svs,18474,18474,MUT,0,patient_7,slide_7
/MUT-HETRCC/slides/18475.svs,18475,18475,MUT,0,patient_8,slide_8
/MUT-HETRCC/slides/18476.svs,18476,18476,MUT,0,patient_9,slide_9
/MUT-HETRCC/slides/18477.svs,18477,18477,MUT,1,patient_10,slide_10
/MUT-HETRCC/slides/18478.svs,18478,18478,MUT,1,patient_11,slide_11
/MUT-HETRCC/slides/18479.svs,18479,18479,MUT,1,patient_12,slide_12
/MUT-HETRCC/slides/18480.svs,18480,18480,MUT,0,patient_13,slide_13
/MUT-HETRCC/slides/18481.svs,18481,18481,MUT,0,patient_14,slide_14
/MUT-HETRCC/slides/18482.svs,18482,18482,MUT,1,patient_15,slide_15
/MUT-HETRCC/slides/18483.svs,18483,18483,MUT,1,patient_16,slide_16
/MUT-HETRCC/slides/18484.svs,18484,18484,MUT,1,patient_17,slide_17
/MUT-HETRCC/slides/18485.svs,18485,18485,MUT,1,patient_18,slide_18
/MUT-HETRCC/slides/18486.svs,18486,18486,MUT,0,patient_19,slide_19
/MUT-HETRCC/slides/18487.svs,18487,18487,MUT,0,patient_20,slide_20
/MUT-HETRCC/slides/18488.svs,18488,18488,MUT,0,patient_21,slide_21
/MUT-HETRCC/slides/18489.svs,18489,18489,MUT,0,patient_22,slide_22
/MUT-HETRCC/slides/18490.svs,18490,18490,MUT,0,patient_23,slide_23
/MUT-HETRCC/slides/18491.svs,18491,18491,MUT,1,patient_24,slide_24
/MUT-HETRCC/slides/18492.svs,18492,18492,MUT,0,patient_25,slide_25
/MUT-HETRCC/slides/18493.svs,18493,18493,MUT,0,patient_26,slide_26
/MUT-HETRCC/slides/18494.svs,18494,18494,MUT,0,patient_27,slide_27
/MUT-HETRCC/slides/18495.svs,18495,18495,MUT,1,patient_28,slide_28
/MUT-HETRCC/slides/18496.svs,18496,18496,MUT,1,patient_29,slide_29
/MUT-HETRCC/slides/18497.svs,18497,18497,MUT,1,patient_30,slide_30
/MUT-HETRCC/slides/18498.svs,18498,18498,MUT,1,patient_31,slide_31
/MUT-HETRCC/slides/18499.svs,18499,18499,MUT,1,patient_32,slide_32
/MUT-HETRCC/slides/18500.svs,18500,18500,MUT,1,patient_33,slide_33
/MUT-HETRCC/slides/18501.svs,18501,18501,MUT,1,patient_34,slide_34
/MUT-HETRCC/slides/18502.svs,18502,18502,MUT,1,patient_35,slide_35
/MUT-HETRCC/slides/18503.svs,18503,18503,MUT,0,patient_36,slide_36
/MUT-HETRCC/slides/18504.svs,18504,18504,MUT,1,patient_37,slide_37
/MUT-HETRCC/slides/18505.svs,18505,18505,MUT,1,patient_38,slide_38
/MUT-HETRCC/slides/18506.svs,18506,18506,MUT,1,patient_39,slide_39
/MUT-HETRCC/slides/18507.svs,18507,18507,MUT,1,patient_40,slide_40
/MUT-HETRCC/slides/18508.svs,18508,18508,MUT,1,patient_41,slide_41
/MUT-HETRCC/slides/18509.svs,18509,18509,MUT,1,patient_42,slide_42
/MUT-HETRCC/slides/18510.svs,18510,18510,MUT,0,patient_43,slide_43
/MUT-HETRCC/slides/18511.svs,18511,18511,MUT,1,patient_44,slide_44
/MUT-HETRCC/slides/18512.svs,18512,18512,MUT,0,patient_45,slide_45
/MUT-HETRCC/slides/18513.svs,18513,18513,MUT,0,patient_46,slide_46
/MUT-HETRCC/slides/18514.svs,18514,18514,MUT,0,patient_47,slide_47
/MUT-HETRCC/slides/18515.svs,18515,18515,MUT,1,patient_48,slide_48
/MUT-HETRCC/slides/18516.svs,18516,18516,MUT,0,patient_49,slide_49
/MUT-HETRCC/slides/18517.svs,18517,18517,MUT,1,patient_50,slide_50
/MUT-HETRCC/slides/18518.svs,18518,18518,MUT,1,patient_51,slide_51
/MUT-HETRCC/slides/18519.svs,18519,18519,MUT,0,patient_52,slide_52
/MUT-HETRCC/slides/18520.svs,18520,18520,MUT,0,patient_53,slide_53
/MUT-HETRCC/slides/18521.svs,18521,18521,MUT,0,patient_54,slide_54
/MUT-HETRCC/slides/18522.svs,18522,18522,MUT,1,patient_55,slide_55
/MUT-HETRCC/slides/18523.svs,18523,18523,MUT,0,patient_56,slide_56
/MUT-HETRCC/slides/18524.svs,18524,18524,MUT,0,patient_57,slide_57
/MUT-HETRCC/slides/18526.svs,18526,18526,MUT,1,patient_58,slide_58
/MUT-HETRCC/slides/18527.svs,18527,18527,MUT,0,patient_59,slide_59
/MUT-HETRCC/slides/18528.svs,18528,18528,MUT,0,patient_60,slide_60
/MUT-HETRCC/slides/18529.svs,18529,18529,MUT,1,patient_61,slide_61
/MUT-HETRCC/slides/18530.svs,18530,18530,MUT,0,patient_62,slide_62
/MUT-HETRCC/slides/18531.svs,18531,18531,MUT,1,patient_63,slide_63
/MUT-HETRCC/slides/18532.svs,18532,18532,MUT,0,patient_64,slide_64
/MUT-HETRCC/slides/18533.svs,18533,18533,MUT,1,patient_65,slide_65
/MUT-HETRCC/slides/18534.svs,18534,18534,MUT,1,patient_66,slide_66
/MUT-HETRCC/slides/18535.svs,18535,18535,MUT,0,patient_67,slide_67
/MUT-HETRCC/slides/18536.svs,18536,18536,MUT,0,patient_68,slide_68
/MUT-HETRCC/slides/18537.svs,18537,18537,MUT,0,patient_69,slide_69
/MUT-HETRCC/slides/18538.svs,18538,18538,MUT,0,patient_70,slide_70
/MUT-HETRCC/slides/18539.svs,18539,18539,MUT,0,patient_71,slide_71
/MUT-HETRCC/slides/18540.svs,18540,18540,MUT,1,patient_72,slide_72
/MUT-HETRCC/slides/18541.svs,18541,18541,MUT,1,patient_73,slide_73
/MUT-HETRCC/slides/18542.svs,18542,18542,MUT,1,patient_74,slide_74
/MUT-HETRCC/slides/18543.svs,18543,18543,MUT,0,patient_75,slide_75
/MUT-HETRCC/slides/18544.svs,18544,18544,MUT,0,patient_76,slide_76
/MUT-HETRCC/slides/18545.svs,18545,18545,MUT,0,patient_77,slide_77
/MUT-HETRCC/slides/18546.svs,18546,18546,MUT,0,patient_78,slide_78
/MUT-HETRCC/slides/18547.svs,18547,18547,MUT,1,patient_79,slide_79
/MUT-HETRCC/slides/18548.svs,18548,18548,MUT,0,patient_80,slide_80
/MUT-HETRCC/slides/18549.svs,18549,18549,MUT,0,patient_81,slide_81
/MUT-HETRCC/slides/18550.svs,18550,18550,MUT,0,patient_82,slide_82
/MUT-HETRCC/slides/18551.svs,18551,18551,MUT,1,patient_83,slide_83
/MUT-HETRCC/slides/18552.svs,18552,18552,MUT,1,patient_84,slide_84
/MUT-HETRCC/slides/18553.svs,18553,18553,MUT,1,patient_85,slide_85
/MUT-HETRCC/slides/18554.svs,18554,18554,MUT,1,patient_86,slide_86
/MUT-HETRCC/slides/18555.svs,18555,18555,MUT,0,patient_87,slide_87
/MUT-HETRCC/slides/18556.svs,18556,18556,MUT,0,patient_88,slide_88
/MUT-HETRCC/slides/18557.svs,18557,18557,MUT,1,patient_89,slide_89
/MUT-HETRCC/slides/18558.svs,18558,18558,MUT,1,patient_90,slide_90
/MUT-HETRCC/slides/18559.svs,18559,18559,MUT,1,patient_91,slide_91
/MUT-HETRCC/slides/18560.svs,18560,18560,MUT,0,patient_92,slide_92
/MUT-HETRCC/slides/18561.svs,18561,18561,MUT,1,patient_93,slide_93
/MUT-HETRCC/slides/18562.svs,18562,18562,MUT,0,patient_94,slide_94
/MUT-HETRCC/slides/18563.svs,18563,18563,MUT,0,patient_95,slide_95
/MUT-HETRCC/slides/18564.svs,18564,18564,MUT,1,patient_96,slide_96
/MUT-HETRCC/slides/18565.svs,18565,18565,MUT,0,patient_97,slide_97
/MUT-HETRCC/slides/18566.svs,18566,18566,MUT,1,patient_98,slide_98
/MUT-HETRCC/slides/18567.svs,18567,18567,MUT,1,patient_99,slide_99
/MUT-HETRCC/slides/18568.svs,18568,18568,MUT,0,patient_100,slide_100
/MUT-HETRCC/slides/18569.svs,18569,18569,MUT,0,patient_101,slide_101
/MUT-HETRCC/slides/18570.svs,18570,18570,MUT,1,patient_102,slide_102
/MUT-HETRCC/slides/18571.svs,18571,18571,MUT,1,patient_103,slide_103
/MUT-HETRCC/slides/18572.svs,18572,18572,MUT,1,patient_104,slide_104
/MUT-HETRCC/slides/18573.svs,18573,18573,MUT,0,patient_105,slide_105
/MUT-HETRCC/slides/18574.svs,18574,18574,MUT,0,patient_106,slide_106
/MUT-HETRCC/slides/18575.svs,18575,18575,MUT,0,patient_107,slide_107
/MUT-HETRCC/slides/18577.svs,18577,18577,MUT,1,patient_108,slide_108
/MUT-HETRCC/slides/18578.svs,18578,18578,MUT,0,patient_109,slide_109
/MUT-HETRCC/slides/18579.svs,18579,18579,MUT,1,patient_110,slide_110
/MUT-HETRCC/slides/18580.svs,18580,18580,MUT,0,patient_111,slide_111
/MUT-HETRCC/slides/18581.svs,18581,18581,MUT,1,patient_112,slide_112
/MUT-HETRCC/slides/18582.svs,18582,18582,MUT,1,patient_113,slide_113
/MUT-HETRCC/slides/18583.svs,18583,18583,MUT,1,patient_114,slide_114
/MUT-HETRCC/slides/18584.svs,18584,18584,MUT,1,patient_115,slide_115
/MUT-HETRCC/slides/18585.svs,18585,18585,MUT,1,patient_116,slide_116
/MUT-HETRCC/slides/18586.svs,18586,18586,MUT,0,patient_117,slide_117
/MUT-HETRCC/slides/18587.svs,18587,18587,MUT,0,patient_118,slide_118
/MUT-HETRCC/slides/18588.svs,18588,18588,MUT,1,patient_119,slide_119
/MUT-HETRCC/slides/18589.svs,18589,18589,MUT,1,patient_120,slide_120
/MUT-HETRCC/slides/18590.svs,18590,18590,MUT,1,patient_121,slide_121
/MUT-HETRCC/slides/18591.svs,18591,18591,MUT,1,patient_122,slide_122
/MUT-HETRCC/slides/18592.svs,18592,18592,MUT,0,patient_123,slide_123
/MUT-HETRCC/slides/18593.svs,18593,18593,MUT,1,patient_124,slide_124
/MUT-HETRCC/slides/18594.svs,18594,18594,MUT,1,patient_125,slide_125
/MUT-HETRCC/slides/18595.svs,18595,18595,MUT,1,patient_126,slide_126
/MUT-HETRCC/slides/18596.svs,18596,18596,MUT,0,patient_127,slide_127
/MUT-HETRCC/slides/18597.svs,18597,18597,MUT,1,patient_128,slide_128
/MUT-HETRCC/slides/18598.svs,18598,18598,MUT,1,patient_129,slide_129
/MUT-HETRCC/slides/18602.svs,18602,18602,MUT,1,patient_130,slide_130
/MUT-HETRCC/slides/18603.svs,18603,18603,MUT,1,patient_131,slide_131
/MUT-HETRCC/slides/18604.svs,18604,18604,MUT,1,patient_132,slide_132
/MUT-HETRCC/slides/18605.svs,18605,18605,MUT,1,patient_133,slide_133
/MUT-HETRCC/slides/18606.svs,18606,18606,MUT,0,patient_134,slide_134
/MUT-HETRCC/slides/18607.svs,18607,18607,MUT,1,patient_135,slide_135
/MUT-HETRCC/slides/18608.svs,18608,18608,MUT,0,patient_136,slide_136
/MUT-HETRCC/slides/18609.svs,18609,18609,MUT,0,patient_137,slide_137
/MUT-HETRCC/slides/18610.svs,18610,18610,MUT,1,patient_138,slide_138
/MUT-HETRCC/slides/18611.svs,18611,18611,MUT,0,patient_139,slide_139
/MUT-HETRCC/slides/18612.svs,18612,18612,MUT,0,patient_140,slide_140
/MUT-HETRCC/slides/18613.svs,18613,18613,MUT,0,patient_141,slide_141
/MUT-HETRCC/slides/18614.svs,18614,18614,MUT,1,patient_142,slide_142
/MUT-HETRCC/slides/18615.svs,18615,18615,MUT,0,patient_143,slide_143
/MUT-HETRCC/slides/18616.svs,18616,18616,MUT,1,patient_144,slide_144
/MUT-HETRCC/slides/18617.svs,18617,18617,MUT,1,patient_145,slide_145
/MUT-HETRCC/slides/18618.svs,18618,18618,MUT,1,patient_146,slide_146
/MUT-HETRCC/slides/18619.svs,18619,18619,MUT,0,patient_147,slide_147
/MUT-HETRCC/slides/18620.svs,18620,18620,MUT,0,patient_148,slide_148
/MUT-HETRCC/slides/18621.svs,18621,18621,MUT,0,patient_149,slide_149
/MUT-HETRCC/slides/18622.svs,18622,18622,MUT,1,patient_150,slide_150
/MUT-HETRCC/slides/18623.svs,18623,18623,MUT,1,patient_151,slide_151
/MUT-HETRCC/slides/18624.svs,18624,18624,MUT,1,patient_152,slide_152
/MUT-HETRCC/slides/18625.svs,18625,18625,MUT,1,patient_153,slide_153
/MUT-HETRCC/slides/18626.svs,18626,18626,MUT,1,patient_154,slide_154
/MUT-HETRCC/slides/18627.svs,18627,18627,MUT,1,patient_155,slide_155
/MUT-HETRCC/slides/18628.svs,18628,18628,MUT,0,patient_156,slide_156
/MUT-HETRCC/slides/18629.svs,18629,18629,MUT,1,patient_157,slide_157
/MUT-HETRCC/slides/18630.svs,18630,18630,MUT,1,patient_158,slide_158
/MUT-HETRCC/slides/18631.svs,18631,18631,MUT,1,patient_159,slide_159
/MUT-HETRCC/slides/18632.svs,18632,18632,MUT,1,patient_160,slide_160
/MUT-HETRCC/slides/18633.svs,18633,18633,MUT,0,patient_161,slide_161
/MUT-HETRCC/slides/18634.svs,18634,18634,MUT,0,patient_162,slide_162
/MUT-HETRCC/slides/18635.svs,18635,18635,MUT,0,patient_163,slide_163
/MUT-HETRCC/slides/18636.svs,18636,18636,MUT,0,patient_164,slide_164
/MUT-HETRCC/slides/18637.svs,18637,18637,MUT,1,patient_165,slide_165
/MUT-HETRCC/slides/18638.svs,18638,18638,MUT,0,patient_166,slide_166
/MUT-HETRCC/slides/18639.svs,18639,18639,MUT,0,patient_167,slide_167
/MUT-HETRCC/slides/18640.svs,18640,18640,MUT,0,patient_168,slide_168
/MUT-HETRCC/slides/18641.svs,18641,18641,MUT,1,patient_169,slide_169
/MUT-HETRCC/slides/18642.svs,18642,18642,MUT,0,patient_170,slide_170
/MUT-HETRCC/slides/18643.svs,18643,18643,MUT,1,patient_171,slide_171
/MUT-HETRCC/slides/18644.svs,18644,18644,MUT,1,patient_172,slide_172
/MUT-HETRCC/slides/18645.svs,18645,18645,MUT,1,patient_173,slide_173
/MUT-HETRCC/slides/18646.svs,18646,18646,MUT,0,patient_174,slide_174
/MUT-HETRCC/slides/18647.svs,18647,18647,MUT,0,patient_175,slide_175
/MUT-HETRCC/slides/18648.svs,18648,18648,MUT,0,patient_176,slide_176
/MUT-HETRCC/slides/18651.svs,18651,18651,MUT,1,patient_177,slide_177
/MUT-HETRCC/slides/18652.svs,18652,18652,MUT,0,patient_178,slide_178
/MUT-HETRCC/slides/18653.svs,18653,18653,MUT,1,patient_179,slide_179
/MUT-HETRCC/slides/18654.svs,18654,18654,MUT,1,patient_180,slide_180
/MUT-HETRCC/slides/18655.svs,18655,18655,MUT,1,patient_181,slide_181
/MUT-HETRCC/slides/18656.svs,18656,18656,MUT,1,patient_182,slide_182
/MUT-HETRCC/slides/18657.svs,18657,18657,MUT,0,patient_183,slide_183
/MUT-HETRCC/slides/18658.svs,18658,18658,MUT,0,patient_184,slide_184
/MUT-HETRCC/slides/18659.svs,18659,18659,MUT,0,patient_185,slide_185
/MUT-HETRCC/slides/18660.svs,18660,18660,MUT,1,patient_186,slide_186
/MUT-HETRCC/slides/18661.svs,18661,18661,MUT,0,patient_187,slide_187
/MUT-HETRCC/slides/18662.svs,18662,18662,MUT,1,patient_188,slide_188
/MUT-HETRCC/slides/18663.svs,18663,18663,MUT,1,patient_189,slide_189
/MUT-HETRCC/slides/18664.svs,18664,18664,MUT,1,patient_190,slide_190
/MUT-HETRCC/slides/18665.svs,18665,18665,MUT,0,patient_191,slide_191
/MUT-HETRCC/slides/18666.svs,18666,18666,MUT,0,patient_192,slide_192
/MUT-HETRCC/slides/18686.svs,18686,18686,MUT,1,patient_193,slide_193
/MUT-HETRCC/slides/18687.svs,18687,18687,MUT,0,patient_194,slide_194
/MUT-HETRCC/slides/18688.svs,18688,18688,MUT,0,patient_195,slide_195
/MUT-HETRCC/slides/18689.svs,18689,18689,MUT,0,patient_196,slide_196
/MUT-HETRCC/slides/18690.svs,18690,18690,MUT,1,patient_197,slide_197
/MUT-HETRCC/slides/18691.svs,18691,18691,MUT,0,patient_198,slide_198
/MUT-HETRCC/slides/18692.svs,18692,18692,MUT,1,patient_199,slide_199
/MUT-HETRCC/slides/18693.svs,18693,18693,MUT,1,patient_200,slide_200
/MUT-HETRCC/slides/18694.svs,18694,18694,MUT,1,patient_201,slide_201
/MUT-HETRCC/slides/18695.svs,18695,18695,MUT,0,patient_202,slide_202
/MUT-HETRCC/slides/18696.svs,18696,18696,MUT,0,patient_203,slide_203
/MUT-HETRCC/slides/18697.svs,18697,18697,MUT,0,patient_204,slide_204
/MUT-HETRCC/slides/18698.svs,18698,18698,MUT,0,patient_205,slide_205
/MUT-HETRCC/slides/18699.svs,18699,18699,MUT,0,patient_206,slide_206
/MUT-HETRCC/slides/18700.svs,18700,18700,MUT,1,patient_207,slide_207
/MUT-HETRCC/slides/18701.svs,18701,18701,MUT,1,patient_208,slide_208
/MUT-HETRCC/slides/18702.svs,18702,18702,MUT,1,patient_209,slide_209
/MUT-HETRCC/slides/18703.svs,18703,18703,MUT,0,patient_210,slide_210
/MUT-HETRCC/slides/18704.svs,18704,18704,MUT,0,patient_211,slide_211
/MUT-HETRCC/slides/18705.svs,18705,18705,MUT,0,patient_212,slide_212
/MUT-HETRCC/slides/18706.svs,18706,18706,MUT,0,patient_213,slide_213
/MUT-HETRCC/slides/18707.svs,18707,18707,MUT,1,patient_214,slide_214
/MUT-HETRCC/slides/18708.svs,18708,18708,MUT,0,patient_215,slide_215
/MUT-HETRCC/slides/18709.svs,18709,18709,MUT,1,patient_216,slide_216
/MUT-HETRCC/slides/18710.svs,18710,18710,MUT,1,patient_217,slide_217
/MUT-HETRCC/slides/18712.svs,18712,18712,MUT,1,patient_218,slide_218
/MUT-HETRCC/slides/18713.svs,18713,18713,MUT,1,patient_219,slide_219
/MUT-HETRCC/slides/18714.svs,18714,18714,MUT,1,patient_220,slide_220
/MUT-HETRCC/slides/18715.svs,18715,18715,MUT,0,patient_221,slide_221
/MUT-HETRCC/slides/18716.svs,18716,18716,MUT,0,patient_222,slide_222
/MUT-HETRCC/slides/18717.svs,18717,18717,MUT,0,patient_223,slide_223
/MUT-HETRCC/slides/18718.svs,18718,18718,MUT,1,patient_224,slide_224
/MUT-HETRCC/slides/18720.svs,18720,18720,MUT,1,patient_225,slide_225
/MUT-HETRCC/slides/18721.svs,18721,18721,MUT,0,patient_226,slide_226
/MUT-HETRCC/slides/18722.svs,18722,18722,MUT,0,patient_227,slide_227
/MUT-HETRCC/slides/18723.svs,18723,18723,MUT,0,patient_228,slide_228
/MUT-HETRCC/slides/18724.svs,18724,18724,MUT,1,patient_229,slide_229
/MUT-HETRCC/slides/18725.svs,18725,18725,MUT,1,patient_230,slide_230
/MUT-HETRCC/slides/18726.svs,18726,18726,MUT,0,patient_231,slide_231
/MUT-HETRCC/slides/18727.svs,18727,18727,MUT,0,patient_232,slide_232
/MUT-HETRCC/slides/18728.svs,18728,18728,MUT,0,patient_233,slide_233
/MUT-HETRCC/slides/18729.svs,18729,18729,MUT,0,patient_234,slide_234
/MUT-HETRCC/slides/18730.svs,18730,18730,MUT,1,patient_235,slide_235
/MUT-HETRCC/slides/18731.svs,18731,18731,MUT,1,patient_236,slide_236
/MUT-HETRCC/slides/18732.svs,18732,18732,MUT,1,patient_237,slide_237
/MUT-HETRCC/slides/18733.svs,18733,18733,MUT,0,patient_238,slide_238
/MUT-HETRCC/slides/18734.svs,18734,18734,MUT,1,patient_239,slide_239
/MUT-HETRCC/slides/18735.svs,18735,18735,MUT,1,patient_240,slide_240
/MUT-HETRCC/slides/18736.svs,18736,18736,MUT,1,patient_241,slide_241
/MUT-HETRCC/slides/18737.svs,18737,18737,MUT,1,patient_242,slide_242
/MUT-HETRCC/slides/18738.svs,18738,18738,MUT,1,patient_243,slide_243
/MUT-HETRCC/slides/18739.svs,18739,18739,MUT,1,patient_244,slide_244
/MUT-HETRCC/slides/18740.svs,18740,18740,MUT,0,patient_245,slide_245
/MUT-HETRCC/slides/18741.svs,18741,18741,MUT,1,patient_246,slide_246
/MUT-HETRCC/slides/18742.svs,18742,18742,MUT,0,patient_247,slide_247
/MUT-HETRCC/slides/18743.svs,18743,18743,MUT,0,patient_248,slide_248
/MUT-HETRCC/slides/18744.svs,18744,18744,MUT,0,patient_249,slide_249
/MUT-HETRCC/slides/18745.svs,18745,18745,MUT,0,patient_250,slide_250
/MUT-HETRCC/slides/18746.svs,18746,18746,MUT,0,patient_251,slide_251
/MUT-HETRCC/slides/18747.svs,18747,18747,MUT,1,patient_252,slide_252
/MUT-HETRCC/slides/18748.svs,18748,18748,MUT,0,patient_253,slide_253
/MUT-HETRCC/slides/18749.svs,18749,18749,MUT,0,patient_254,slide_254
/MUT-HETRCC/slides/18750.svs,18750,18750,MUT,1,patient_255,slide_255
/MUT-HETRCC/slides/18751.svs,18751,18751,MUT,1,patient_256,slide_256
/MUT-HETRCC/slides/18752.svs,18752,18752,MUT,1,patient_257,slide_257
/MUT-HETRCC/slides/18754.svs,18754,18754,MUT,0,patient_258,slide_258
/MUT-HETRCC/slides/18755.svs,18755,18755,MUT,0,patient_259,slide_259
/MUT-HETRCC/slides/18756.svs,18756,18756,MUT,0,patient_260,slide_260
/MUT-HETRCC/slides/18757.svs,18757,18757,MUT,1,patient_261,slide_261
/MUT-HETRCC/slides/18758.svs,18758,18758,MUT,0,patient_262,slide_262
/MUT-HETRCC/slides/18759.svs,18759,18759,MUT,0,patient_263,slide_263
/MUT-HETRCC/slides/18760.svs,18760,18760,MUT,1,patient_264,slide_264
/MUT-HETRCC/slides/18761.svs,18761,18761,MUT,0,patient_265,slide_265
/MUT-HETRCC/slides/18762.svs,18762,18762,MUT,1,patient_266,slide_266
/MUT-HETRCC/slides/18763.svs,18763,18763,MUT,0,patient_267,slide_267
/MUT-HETRCC/slides/18764.svs,18764,18764,MUT,0,patient_268,slide_268
/MUT-HETRCC/slides/18765.svs,18765,18765,MUT,1,patient_269,slide_269
/MUT-HETRCC/slides/18766.svs,18766,18766,MUT,0,patient_270,slide_270
/MUT-HETRCC/slides/18768.svs,18768,18768,MUT,1,patient_271,slide_271
/MUT-HETRCC/slides/18769.svs,18769,18769,MUT,1,patient_272,slide_272
/MUT-HETRCC/slides/18771.svs,18771,18771,MUT,1,patient_273,slide_273
/MUT-HETRCC/slides/18772.svs,18772,18772,MUT,1,patient_274,slide_274
/MUT-HETRCC/slides/18773.svs,18773,18773,MUT,0,patient_275,slide_275
/MUT-HETRCC/slides/18774.svs,18774,18774,MUT,0,patient_276,slide_276
/MUT-HETRCC/slides/18775.svs,18775,18775,MUT,0,patient_277,slide_277
/MUT-HETRCC/slides/18776.svs,18776,18776,MUT,1,patient_278,slide_278
/MUT-HETRCC/slides/18777.svs,18777,18777,MUT,1,patient_279,slide_279
/MUT-HETRCC/slides/18778.svs,18778,18778,MUT,0,patient_280,slide_280
/MUT-HETRCC/slides/18779.svs,18779,18779,MUT,0,patient_281,slide_281
/MUT-HETRCC/slides/18780.svs,18780,18780,MUT,0,patient_282,slide_282
/MUT-HETRCC/slides/18781.svs,18781,18781,MUT,1,patient_283,slide_283
/MUT-HETRCC/slides/18782.svs,18782,18782,MUT,1,patient_284,slide_284
/MUT-HETRCC/slides/18783.svs,18783,18783,MUT,1,patient_285,slide_285
/MUT-HETRCC/slides/18784.svs,18784,18784,MUT,1,patient_286,slide_286
/MUT-HETRCC/slides/18785.svs,18785,18785,MUT,0,patient_287,slide_287
/MUT-HETRCC/slides/18786.svs,18786,18786,MUT,1,patient_288,slide_288
/MUT-HETRCC/slides/18787.svs,18787,18787,MUT,0,patient_289,slide_289
/MUT-HETRCC/slides/18788.svs,18788,18788,MUT,0,patient_290,slide_290
/MUT-HETRCC/slides/18789.svs,18789,18789,MUT,1,patient_291,slide_291
/MUT-HETRCC/slides/18790.svs,18790,18790,MUT,1,patient_292,slide_292
/MUT-HETRCC/slides/18791.svs,18791,18791,MUT,1,patient_293,slide_293
/MUT-HETRCC/slides/18792.svs,18792,18792,MUT,0,patient_294,slide_294
/MUT-HETRCC/slides/18793.svs,18793,18793,MUT,0,patient_295,slide_295
/MUT-HETRCC/slides/18794.svs,18794,18794,MUT,1,patient_296,slide_296
/MUT-HETRCC/slides/18795.svs,18795,18795,MUT,1,patient_297,slide_297
/MUT-HETRCC/slides/18796.svs,18796,18796,MUT,1,patient_298,slide_298
/MUT-HETRCC/slides/18797.svs,18797,18797,MUT,0,patient_299,slide_299
/MUT-HETRCC/slides/18798.svs,18798,18798,MUT,1,patient_300,slide_300
/MUT-HETRCC/slides/18799.svs,18799,18799,MUT,1,patient_301,slide_301
/MUT-HETRCC/slides/18800.svs,18800,18800,MUT,0,patient_302,slide_302
/MUT-HETRCC/slides/18801.svs,18801,18801,MUT,1,patient_303,slide_303
/MUT-HETRCC/slides/18802.svs,18802,18802,MUT,1,patient_304,slide_304
/MUT-HETRCC/slides/18803.svs,18803,18803,MUT,0,patient_305,slide_305
/MUT-HETRCC/slides/18804.svs,18804,18804,MUT,1,patient_306,slide_306
/MUT-HETRCC/slides/18805.svs,18805,18805,MUT,0,patient_307,slide_307
/MUT-HETRCC/slides/18806.svs,18806,18806,MUT,1,patient_308,slide_308
/MUT-HETRCC/slides/18868.svs,18868,18868,MUT,0,patient_309,slide_309
/MUT-HETRCC/slides/18869.svs,18869,18869,MUT,0,patient_310,slide_310
/MUT-HETRCC/slides/18870.svs,18870,18870,MUT,0,patient_311,slide_311
/MUT-HETRCC/slides/18871.svs,18871,18871,MUT,0,patient_312,slide_312
/MUT-HETRCC/slides/18872.svs,18872,18872,MUT,1,patient_313,slide_313
/MUT-HETRCC/slides/18873.svs,18873,18873,MUT,0,patient_314,slide_314
/MUT-HETRCC/slides/18874.svs,18874,18874,MUT,0,patient_315,slide_315
/MUT-HETRCC/slides/18875.svs,18875,18875,MUT,1,patient_316,slide_316
/MUT-HETRCC/slides/18876.svs,18876,18876,MUT,0,patient_317,slide_317
/MUT-HETRCC/slides/18877.svs,18877,18877,MUT,0,patient_318,slide_318
/MUT-HETRCC/slides/18878.svs,18878,18878,MUT,1,patient_319,slide_319
/MUT-HETRCC/slides/18879.svs,18879,18879,MUT,0,patient_320,slide_320
/MUT-HETRCC/slides/18880.svs,18880,18880,MUT,1,patient_321,slide_321
/MUT-HETRCC/slides/18881.svs,18881,18881,MUT,1,patient_322,slide_322
/MUT-HETRCC/slides/18882.svs,18882,18882,MUT,1,patient_323,slide_323
/MUT-HETRCC/slides/18883.svs,18883,18883,MUT,1,patient_324,slide_324
/MUT-HETRCC/slides/18884.svs,18884,18884,MUT,0,patient_325,slide_325
/MUT-HETRCC/slides/18887.svs,18887,18887,MUT,0,patient_326,slide_326
/MUT-HETRCC/slides/18888.svs,18888,18888,MUT,0,patient_327,slide_327
/MUT-HETRCC/slides/18890.svs,18890,18890,MUT,0,patient_328,slide_328
/MUT-HETRCC/slides/18891.svs,18891,18891,MUT,0,patient_329,slide_329
/MUT-HETRCC/slides/18892.svs,18892,18892,MUT,1,patient_330,slide_330
/MUT-HETRCC/slides/18893.svs,18893,18893,MUT,0,patient_331,slide_331
/MUT-HETRCC/slides/18894.svs,18894,18894,MUT,0,patient_332,slide_332
/MUT-HETRCC/slides/18895.svs,18895,18895,MUT,0,patient_333,slide_333
/MUT-HETRCC/slides/18896.svs,18896,18896,MUT,1,patient_334,slide_334
/MUT-HETRCC/slides/18897.svs,18897,18897,MUT,0,patient_335,slide_335
/MUT-HETRCC/slides/18898.svs,18898,18898,MUT,0,patient_336,slide_336
/MUT-HETRCC/slides/18899.svs,18899,18899,MUT,0,patient_337,slide_337
/MUT-HETRCC/slides/18900.svs,18900,18900,MUT,0,patient_338,slide_338
/MUT-HETRCC/slides/18901.svs,18901,18901,MUT,0,patient_339,slide_339
/MUT-HETRCC/slides/18902.svs,18902,18902,MUT,1,patient_340,slide_340
/MUT-HETRCC/slides/18903.svs,18903,18903,MUT,0,patient_341,slide_341
/MUT-HETRCC/slides/18904.svs,18904,18904,MUT,1,patient_342,slide_342
/MUT-HETRCC/slides/18905.svs,18905,18905,MUT,0,patient_343,slide_343
/MUT-HETRCC/slides/18906.svs,18906,18906,MUT,1,patient_344,slide_344
/MUT-HETRCC/slides/18907.svs,18907,18907,MUT,1,patient_345,slide_345
/MUT-HETRCC/slides/18908.svs,18908,18908,MUT,0,patient_346,slide_346
/MUT-HETRCC/slides/18909.svs,18909,18909,MUT,0,patient_347,slide_347
/MUT-HETRCC/slides/18910.svs,18910,18910,MUT,1,patient_348,slide_348
/MUT-HETRCC/slides/18911.svs,18911,18911,MUT,0,patient_349,slide_349
/MUT-HETRCC/slides/18912.svs,18912,18912,MUT,0,patient_350,slide_350
/MUT-HETRCC/slides/18913.svs,18913,18913,MUT,1,patient_351,slide_351
/MUT-HETRCC/slides/18914.svs,18914,18914,MUT,1,patient_352,slide_352
/MUT-HETRCC/slides/18915.svs,18915,18915,MUT,1,patient_353,slide_353
/MUT-HETRCC/slides/18916.svs,18916,18916,MUT,1,patient_354,slide_354
/MUT-HETRCC/slides/18917.svs,18917,18917,MUT,0,patient_355,slide_355
/MUT-HETRCC/slides/18918.svs,18918,18918,MUT,0,patient_356,slide_356
/MUT-HETRCC/slides/18919.svs,18919,18919,MUT,0,patient_357,slide_357
/MUT-HETRCC/slides/18920.svs,18920,18920,MUT,0,patient_358,slide_358
/MUT-HETRCC/slides/18921.svs,18921,18921,MUT,0,patient_359,slide_359
/MUT-HETRCC/slides/18922.svs,18922,18922,MUT,0,patient_360,slide_360
/MUT-HETRCC/slides/18923.svs,18923,18923,MUT,0,patient_361,slide_361
/MUT-HETRCC/slides/18924.svs,18924,18924,MUT,1,patient_362,slide_362
/MUT-HETRCC/slides/18925.svs,18925,18925,MUT,1,patient_363,slide_363
/MUT-HETRCC/slides/18926.svs,18926,18926,MUT,0,patient_364,slide_364
/MUT-HETRCC/slides/18927.svs,18927,18927,MUT,1,patient_365,slide_365
/MUT-HETRCC/slides/18928.svs,18928,18928,MUT,0,patient_366,slide_366
/MUT-HETRCC/slides/18929.svs,18929,18929,MUT,1,patient_367,slide_367
/MUT-HETRCC/slides/18930.svs,18930,18930,MUT,1,patient_368,slide_368
/MUT-HETRCC/slides/18931.svs,18931,18931,MUT,0,patient_369,slide_369
/MUT-HETRCC/slides/18932.svs,18932,18932,MUT,1,patient_370,slide_370
/MUT-HETRCC/slides/18933.svs,18933,18933,MUT,0,patient_371,slide_371
/MUT-HETRCC/slides/18934.svs,18934,18934,MUT,0,patient_372,slide_372
/MUT-HETRCC/slides/18935.svs,18935,18935,MUT,0,patient_373,slide_373
/MUT-HETRCC/slides/18936.svs,18936,18936,MUT,1,patient_374,slide_374
/MUT-HETRCC/slides/18937.svs,18937,18937,MUT,1,patient_375,slide_375
/MUT-HETRCC/slides/18938.svs,18938,18938,MUT,1,patient_376,slide_376
/MUT-HETRCC/slides/18939.svs,18939,18939,MUT,0,patient_377,slide_377
/MUT-HETRCC/slides/18940.svs,18940,18940,MUT,1,patient_378,slide_378
/MUT-HETRCC/slides/18941.svs,18941,18941,MUT,1,patient_379,slide_379
/MUT-HETRCC/slides/18942.svs,18942,18942,MUT,0,patient_380,slide_380
/MUT-HETRCC/slides/18943.svs,18943,18943,MUT,0,patient_381,slide_381
/MUT-HETRCC/slides/18944.svs,18944,18944,MUT,1,patient_382,slide_382
/MUT-HETRCC/slides/18945.svs,18945,18945,MUT,1,patient_383,slide_383
/MUT-HETRCC/slides/18946.svs,18946,18946,MUT,1,patient_384,slide_384
/MUT-HETRCC/slides/18947.svs,18947,18947,MUT,0,patient_385,slide_385
/MUT-HETRCC/slides/19064.svs,19064,19064,MUT,1,patient_386,slide_386
/MUT-HETRCC/slides/19065.svs,19065,19065,MUT,0,patient_387,slide_387
/MUT-HETRCC/slides/19068.svs,19068,19068,MUT,1,patient_388,slide_388
/MUT-HETRCC/slides/19069.svs,19069,19069,MUT,1,patient_389,slide_389
/MUT-HETRCC/slides/19070.svs,19070,19070,MUT,0,patient_390,slide_390
/MUT-HETRCC/slides/19071.svs,19071,19071,MUT,0,patient_391,slide_391
/MUT-HETRCC/slides/19072.svs,19072,19072,MUT,0,patient_392,slide_392
/MUT-HETRCC/slides/19073.svs,19073,19073,MUT,1,patient_393,slide_393
/MUT-HETRCC/slides/19074.svs,19074,19074,MUT,1,patient_394,slide_394
/MUT-HETRCC/slides/19075.svs,19075,19075,MUT,1,patient_395,slide_395
/MUT-HETRCC/slides/19076.svs,19076,19076,MUT,1,patient_396,slide_396
/MUT-HETRCC/slides/19078.svs,19078,19078,MUT,0,patient_397,slide_397
/MUT-HETRCC/slides/19079.svs,19079,19079,MUT,1,patient_398,slide_398
/MUT-HETRCC/slides/19080.svs,19080,19080,MUT,0,patient_399,slide_399
/MUT-HETRCC/slides/19081.svs,19081,19081,MUT,0,patient_400,slide_400
/MUT-HETRCC/slides/19082.svs,19082,19082,MUT,0,patient_401,slide_401
/MUT-HETRCC/slides/19083.svs,19083,19083,MUT,1,patient_402,slide_402
/MUT-HETRCC/slides/19084.svs,19084,19084,MUT,0,patient_403,slide_403
/MUT-HETRCC/slides/19085.svs,19085,19085,MUT,1,patient_404,slide_404
/MUT-HETRCC/slides/19086.svs,19086,19086,MUT,1,patient_405,slide_405
/MUT-HETRCC/slides/19087.svs,19087,19087,MUT,1,patient_406,slide_406
/MUT-HETRCC/slides/19088.svs,19088,19088,MUT,0,patient_407,slide_407
/MUT-HETRCC/slides/19089.svs,19089,19089,MUT,0,patient_408,slide_408
/MUT-HETRCC/slides/19090.svs,19090,19090,MUT,1,patient_409,slide_409
/MUT-HETRCC/slides/19091.svs,19091,19091,MUT,1,patient_410,slide_410
/MUT-HETRCC/slides/19092.svs,19092,19092,MUT,0,patient_411,slide_411
/MUT-HETRCC/slides/19094.svs,19094,19094,MUT,1,patient_412,slide_412
/MUT-HETRCC/slides/19095.svs,19095,19095,MUT,1,patient_413,slide_413
/MUT-HETRCC/slides/19096.svs,19096,19096,MUT,1,patient_414,slide_414
/MUT-HETRCC/slides/19097.svs,19097,19097,MUT,0,patient_415,slide_415
/MUT-HETRCC/slides/19098.svs,19098,19098,MUT,1,patient_416,slide_416
/MUT-HETRCC/slides/19099.svs,19099,19099,MUT,1,patient_417,slide_417
/MUT-HETRCC/slides/19100.svs,19100,19100,MUT,1,patient_418,slide_418
/MUT-HETRCC/slides/19101.svs,19101,19101,MUT,0,patient_419,slide_419
/MUT-HETRCC/slides/19102.svs,19102,19102,MUT,0,patient_420,slide_420
/MUT-HETRCC/slides/19103.svs,19103,19103,MUT,0,patient_421,slide_421
/MUT-HETRCC/slides/19104.svs,19104,19104,MUT,0,patient_422,slide_422
/MUT-HETRCC/slides/19105.svs,19105,19105,MUT,1,patient_423,slide_423
/MUT-HETRCC/slides/19106.svs,19106,19106,MUT,0,patient_424,slide_424
/MUT-HETRCC/slides/19108.svs,19108,19108,MUT,0,patient_425,slide_425
/MUT-HETRCC/slides/19109.svs,19109,19109,MUT,0,patient_426,slide_426
/MUT-HETRCC/slides/19110.svs,19110,19110,MUT,1,patient_427,slide_427
/MUT-HETRCC/slides/19111.svs,19111,19111,MUT,1,patient_428,slide_428
/MUT-HETRCC/slides/19112.svs,19112,19112,MUT,0,patient_429,slide_429
/MUT-HETRCC/slides/19113.svs,19113,19113,MUT,0,patient_430,slide_430
/MUT-HETRCC/slides/19114.svs,19114,19114,MUT,0,patient_431,slide_431
/MUT-HETRCC/slides/19115.svs,19115,19115,MUT,1,patient_432,slide_432
/MUT-HETRCC/slides/19116.svs,19116,19116,MUT,1,patient_433,slide_433
/MUT-HETRCC/slides/19117.svs,19117,19117,MUT,1,patient_434,slide_434
/MUT-HETRCC/slides/19118.svs,19118,19118,MUT,0,patient_435,slide_435
/MUT-HETRCC/slides/19119.svs,19119,19119,MUT,1,patient_436,slide_436
/MUT-HETRCC/slides/19120.svs,19120,19120,MUT,0,patient_437,slide_437
/MUT-HETRCC/slides/19121.svs,19121,19121,MUT,1,patient_438,slide_438
/MUT-HETRCC/slides/19122.svs,19122,19122,MUT,0,patient_439,slide_439
/MUT-HETRCC/slides/19123.svs,19123,19123,MUT,1,patient_440,slide_440
/MUT-HETRCC/slides/19124.svs,19124,19124,MUT,0,patient_441,slide_441
/MUT-HETRCC/slides/19125.svs,19125,19125,MUT,1,patient_442,slide_442
/MUT-HETRCC/slides/19126.svs,19126,19126,MUT,1,patient_443,slide_443
/MUT-HETRCC/slides/19127.svs,19127,19127,MUT,0,patient_444,slide_444
/MUT-HETRCC/slides/19128.svs,19128,19128,MUT,1,patient_445,slide_445
/MUT-HETRCC/slides/19129.svs,19129,19129,MUT,1,patient_446,slide_446
/MUT-HETRCC/slides/19130.svs,19130,19130,MUT,0,patient_447,slide_447
/MUT-HETRCC/slides/19131.svs,19131,19131,MUT,0,patient_448,slide_448
/MUT-HETRCC/slides/19132.svs,19132,19132,MUT,1,patient_449,slide_449
/MUT-HETRCC/slides/19133.svs,19133,19133,MUT,1,patient_450,slide_450
/MUT-HETRCC/slides/19134.svs,19134,19134,MUT,1,patient_451,slide_451
/MUT-HETRCC/slides/19135.svs,19135,19135,MUT,1,patient_452,slide_452
/MUT-HETRCC/slides/19136.svs,19136,19136,MUT,0,patient_453,slide_453
/MUT-HETRCC/slides/19137.svs,19137,19137,MUT,0,patient_454,slide_454
/MUT-HETRCC/slides/19139.svs,19139,19139,MUT,1,patient_455,slide_455
/MUT-HETRCC/slides/19140.svs,19140,19140,MUT,1,patient_456,slide_456
/MUT-HETRCC/slides/19141.svs,19141,19141,MUT,1,patient_457,slide_457
/MUT-HETRCC/slides/19142.svs,19142,19142,MUT,1,patient_458,slide_458
/MUT-HETRCC/slides/19143.svs,19143,19143,MUT,1,patient_459,slide_459
/MUT-HETRCC/slides/19144.svs,19144,19144,MUT,1,patient_460,slide_460
/MUT-HETRCC/slides/19145.svs,19145,19145,MUT,0,patient_461,slide_461
/MUT-HETRCC/slides/19146.svs,19146,19146,MUT,1,patient_462,slide_462
/MUT-HETRCC/slides/19147.svs,19147,19147,MUT,1,patient_463,slide_463
/MUT-HETRCC/slides/19148.svs,19148,19148,MUT,0,patient_464,slide_464
/MUT-HETRCC/slides/19149.svs,19149,19149,MUT,0,patient_465,slide_465
/MUT-HETRCC/slides/19150.svs,19150,19150,MUT,1,patient_466,slide_466
/MUT-HETRCC/slides/19151.svs,19151,19151,MUT,1,patient_467,slide_467
/MUT-HETRCC/slides/19152.svs,19152,19152,MUT,1,patient_468,slide_468
/MUT-HETRCC/slides/19153.svs,19153,19153,MUT,1,patient_469,slide_469
/MUT-HETRCC/slides/19154.svs,19154,19154,MUT,1,patient_470,slide_470
/MUT-HETRCC/slides/19155.svs,19155,19155,MUT,0,patient_471,slide_471
/MUT-HETRCC/slides/19157.svs,19157,19157,MUT,0,patient_472,slide_472
/MUT-HETRCC/slides/19158.svs,19158,19158,MUT,0,patient_473,slide_473
/MUT-HETRCC/slides/19159.svs,19159,19159,MUT,0,patient_474,slide_474
/MUT-HETRCC/slides/19160.svs,19160,19160,MUT,0,patient_475,slide_475
/MUT-HETRCC/slides/19161.svs,19161,19161,MUT,1,patient_476,slide_476
/MUT-HETRCC/slides/19162.svs,19162,19162,MUT,1,patient_477,slide_477
/MUT-HETRCC/slides/19163.svs,19163,19163,MUT,1,patient_478,slide_478
/MUT-HETRCC/slides/19164.svs,19164,19164,MUT,0,patient_479,slide_479
/MUT-HETRCC/slides/19165.svs,19165,19165,MUT,0,patient_480,slide_480
/MUT-HETRCC/slides/19166.svs,19166,19166,MUT,1,patient_481,slide_481
/MUT-HETRCC/slides/19167.svs,19167,19167,MUT,1,patient_482,slide_482
/MUT-HETRCC/slides/19168.svs,19168,19168,MUT,1,patient_483,slide_483
/MUT-HETRCC/slides/19169.svs,19169,19169,MUT,1,patient_484,slide_484
/MUT-HETRCC/slides/19170.svs,19170,19170,MUT,0,patient_485,slide_485
/MUT-HETRCC/slides/19171.svs,19171,19171,MUT,1,patient_486,slide_486
/MUT-HETRCC/slides/19172.svs,19172,19172,MUT,1,patient_487,slide_487
/MUT-HETRCC/slides/19173.svs,19173,19173,MUT,0,patient_488,slide_488
/MUT-HETRCC/slides/19174.svs,19174,19174,MUT,1,patient_489,slide_489
/MUT-HETRCC/slides/19175.svs,19175,19175,MUT,0,patient_490,slide_490
/MUT-HETRCC/slides/19176.svs,19176,19176,MUT,0,patient_491,slide_491
/MUT-HETRCC/slides/19177.svs,19177,19177,MUT,1,patient_492,slide_492
/MUT-HETRCC/slides/19178.svs,19178,19178,MUT,1,patient_493,slide_493
/MUT-HETRCC/slides/19179.svs,19179,19179,MUT,1,patient_494,slide_494
/MUT-HETRCC/slides/19180.svs,19180,19180,MUT,1,patient_495,slide_495
/MUT-HETRCC/slides/19181.svs,19181,19181,MUT,1,patient_496,slide_496
/MUT-HETRCC/slides/19182.svs,19182,19182,MUT,1,patient_497,slide_497
/MUT-HETRCC/slides/19183.svs,19183,19183,MUT,1,patient_498,slide_498
/MUT-HETRCC/slides/19184.svs,19184,19184,MUT,1,patient_499,slide_499
/MUT-HETRCC/slides/19185.svs,19185,19185,MUT,1,patient_500,slide_500
/MUT-HETRCC/slides/19186.svs,19186,19186,MUT,1,patient_501,slide_501
/MUT-HETRCC/slides/19187.svs,19187,19187,MUT,1,patient_502,slide_502
/MUT-HETRCC/slides/19188.svs,19188,19188,MUT,0,patient_503,slide_503
/MUT-HETRCC/slides/19189.svs,19189,19189,MUT,1,patient_504,slide_504
/MUT-HETRCC/slides/19190.svs,19190,19190,MUT,0,patient_505,slide_505
/MUT-HETRCC/slides/19191.svs,19191,19191,MUT,0,patient_506,slide_506
/MUT-HETRCC/slides/19192.svs,19192,19192,MUT,0,patient_507,slide_507
/MUT-HETRCC/slides/19193.svs,19193,19193,MUT,0,patient_508,slide_508
/MUT-HETRCC/slides/19194.svs,19194,19194,MUT,1,patient_509,slide_509
/MUT-HETRCC/slides/19195.svs,19195,19195,MUT,1,patient_510,slide_510
/MUT-HETRCC/slides/19196.svs,19196,19196,MUT,1,patient_511,slide_511
/MUT-HETRCC/slides/19197.svs,19197,19197,MUT,1,patient_512,slide_512
/MUT-HETRCC/slides/19198.svs,19198,19198,MUT,1,patient_513,slide_513
/MUT-HETRCC/slides/19199.svs,19199,19199,MUT,0,patient_514,slide_514
/MUT-HETRCC/slides/19201.svs,19201,19201,MUT,1,patient_515,slide_515
/MUT-HETRCC/slides/19203.svs,19203,19203,MUT,1,patient_516,slide_516
/MUT-HETRCC/slides/19204.svs,19204,19204,MUT,1,patient_517,slide_517
/MUT-HETRCC/slides/19205.svs,19205,19205,MUT,0,patient_518,slide_518
/MUT-HETRCC/slides/19206.svs,19206,19206,MUT,0,patient_519,slide_519
/MUT-HETRCC/slides/19208.svs,19208,19208,MUT,1,patient_520,slide_520
/MUT-HETRCC/slides/19209.svs,19209,19209,MUT,1,patient_521,slide_521
/MUT-HETRCC/slides/19210.svs,19210,19210,MUT,1,patient_522,slide_522
/MUT-HETRCC/slides/19211.svs,19211,19211,MUT,0,patient_523,slide_523
/MUT-HETRCC/slides/19212.svs,19212,19212,MUT,1,patient_524,slide_524
/MUT-HETRCC/slides/19213.svs,19213,19213,MUT,0,patient_525,slide_525
/MUT-HETRCC/slides/19214.svs,19214,19214,MUT,0,patient_526,slide_526
/MUT-HETRCC/slides/19215.svs,19215,19215,MUT,1,patient_527,slide_527
/MUT-HETRCC/slides/19216.svs,19216,19216,MUT,1,patient_528,slide_528
/MUT-HETRCC/slides/19217.svs,19217,19217,MUT,0,patient_529,slide_529
/MUT-HETRCC/slides/19218.svs,19218,19218,MUT,1,patient_530,slide_530
/MUT-HETRCC/slides/19219.svs,19219,19219,MUT,0,patient_531,slide_531
/MUT-HETRCC/slides/19220.svs,19220,19220,MUT,0,patient_532,slide_532
/MUT-HETRCC/slides/19222.svs,19222,19222,MUT,1,patient_533,slide_533
/MUT-HETRCC/slides/19223.svs,19223,19223,MUT,1,patient_534,slide_534
/MUT-HETRCC/slides/19224.svs,19224,19224,MUT,1,patient_535,slide_535
/MUT-HETRCC/slides/19225.svs,19225,19225,MUT,0,patient_536,slide_536
/MUT-HETRCC/slides/19226.svs,19226,19226,MUT,0,patient_537,slide_537
/MUT-HETRCC/slides/19227.svs,19227,19227,MUT,1,patient_538,slide_538
/MUT-HETRCC/slides/19228.svs,19228,19228,MUT,1,patient_539,slide_539
/MUT-HETRCC/slides/19229.svs,19229,19229,MUT,1,patient_540,slide_540
/MUT-HETRCC/slides/19230.svs,19230,19230,MUT,1,patient_541,slide_541
/MUT-HETRCC/slides/19231.svs,19231,19231,MUT,1,patient_542,slide_542
/MUT-HETRCC/slides/19232.svs,19232,19232,MUT,1,patient_543,slide_543
/MUT-HETRCC/slides/19233.svs,19233,19233,MUT,0,patient_544,slide_544
/MUT-HETRCC/slides/19234.svs,19234,19234,MUT,1,patient_545,slide_545
/MUT-HETRCC/slides/19235.svs,19235,19235,MUT,1,patient_546,slide_546
/MUT-HETRCC/slides/19236.svs,19236,19236,MUT,1,patient_547,slide_547
/MUT-HETRCC/slides/19237.svs,19237,19237,MUT,0,patient_548,slide_548
/MUT-HETRCC/slides/19238.svs,19238,19238,MUT,0,patient_549,slide_549
/MUT-HETRCC/slides/19239.svs,19239,19239,MUT,0,patient_550,slide_550
/MUT-HETRCC/slides/19240.svs,19240,19240,MUT,0,patient_551,slide_551
/MUT-HETRCC/slides/19241.svs,19241,19241,MUT,0,patient_552,slide_552
/MUT-HETRCC/slides/19242.svs,19242,19242,MUT,1,patient_553,slide_553
/MUT-HETRCC/slides/19243.svs,19243,19243,MUT,1,patient_554,slide_554
/MUT-HETRCC/slides/19244.svs,19244,19244,MUT,1,patient_555,slide_555
/MUT-HETRCC/slides/19245.svs,19245,19245,MUT,1,patient_556,slide_556
/MUT-HETRCC/slides/19246.svs,19246,19246,MUT,1,patient_557,slide_557
/MUT-HETRCC/slides/19247.svs,19247,19247,MUT,1,patient_558,slide_558
/MUT-HETRCC/slides/19248.svs,19248,19248,MUT,1,patient_559,slide_559
/MUT-HETRCC/slides/19249.svs,19249,19249,MUT,0,patient_560,slide_560
/MUT-HETRCC/slides/19250.svs,19250,19250,MUT,1,patient_561,slide_561
/MUT-HETRCC/slides/19251.svs,19251,19251,MUT,0,patient_562,slide_562
/MUT-HETRCC/slides/19252.svs,19252,19252,MUT,0,patient_563,slide_563
/MUT-HETRCC/slides/19254.svs,19254,19254,MUT,0,patient_564,slide_564
/MUT-HETRCC/slides/19255.svs,19255,19255,MUT,1,patient_565,slide_565
/MUT-HETRCC/slides/19256.svs,19256,19256,MUT,1,patient_566,slide_566
/MUT-HETRCC/slides/19257.svs,19257,19257,MUT,1,patient_567,slide_567
/MUT-HETRCC/slides/19258.svs,19258,19258,MUT,1,patient_568,slide_568
/MUT-HETRCC/slides/19259.svs,19259,19259,MUT,0,patient_569,slide_569
/MUT-HETRCC/slides/19260.svs,19260,19260,MUT,1,patient_570,slide_570
/MUT-HETRCC/slides/19261.svs,19261,19261,MUT,0,patient_571,slide_571
/MUT-HETRCC/slides/19263.svs,19263,19263,MUT,0,patient_572,slide_572
/MUT-HETRCC/slides/19266.svs,19266,19266,MUT,1,patient_573,slide_573
/MUT-HETRCC/slides/19267.svs,19267,19267,MUT,1,patient_574,slide_574
/MUT-HETRCC/slides/19269.svs,19269,19269,MUT,1,patient_575,slide_575
/MUT-HETRCC/slides/19270.svs,19270,19270,MUT,1,patient_576,slide_576
/MUT-HETRCC/slides/19271.svs,19271,19271,MUT,1,patient_577,slide_577
/MUT-HETRCC/slides/19272.svs,19272,19272,MUT,1,patient_578,slide_578
/MUT-HETRCC/slides/19273.svs,19273,19273,MUT,1,patient_579,slide_579
/MUT-HETRCC/slides/19274.svs,19274,19274,MUT,0,patient_580,slide_580
/MUT-HETRCC/slides/19275.svs,19275,19275,MUT,0,patient_581,slide_581
/MUT-HETRCC/slides/19276.svs,19276,19276,MUT,1,patient_582,slide_582
/MUT-HETRCC/slides/19277.svs,19277,19277,MUT,1,patient_583,slide_583
/MUT-HETRCC/slides/19278.svs,19278,19278,MUT,0,patient_584,slide_584
/MUT-HETRCC/slides/19279.svs,19279,19279,MUT,0,patient_585,slide_585
/MUT-HETRCC/slides/19280.svs,19280,19280,MUT,0,patient_586,slide_586
/MUT-HETRCC/slides/19281.svs,19281,19281,MUT,0,patient_587,slide_587
/MUT-HETRCC/slides/19282.svs,19282,19282,MUT,1,patient_588,slide_588
/MUT-HETRCC/slides/19283.svs,19283,19283,MUT,0,patient_589,slide_589
/MUT-HETRCC/slides/19284.svs,19284,19284,MUT,0,patient_590,slide_590
/MUT-HETRCC/slides/19285.svs,19285,19285,MUT,1,patient_591,slide_591
/MUT-HETRCC/slides/19286.svs,19286,19286,MUT,1,patient_592,slide_592
/MUT-HETRCC/slides/19287.svs,19287,19287,MUT,1,patient_593,slide_593
/MUT-HETRCC/slides/19288.svs,19288,19288,MUT,0,patient_594,slide_594
/MUT-HETRCC/slides/19289.svs,19289,19289,MUT,0,patient_595,slide_595
/MUT-HETRCC/slides/19290.svs,19290,19290,MUT,1,patient_596,slide_596
/MUT-HETRCC/slides/19291.svs,19291,19291,MUT,1,patient_597,slide_597
/MUT-HETRCC/slides/19292.svs,19292,19292,MUT,0,patient_598,slide_598
/MUT-HETRCC/slides/19293.svs,19293,19293,MUT,1,patient_599,slide_599
/MUT-HETRCC/slides/19294.svs,19294,19294,MUT,0,patient_600,slide_600
/MUT-HETRCC/slides/19295.svs,19295,19295,MUT,0,patient_601,slide_601
/MUT-HETRCC/slides/19296.svs,19296,19296,MUT,0,patient_602,slide_602
/MUT-HETRCC/slides/19297.svs,19297,19297,MUT,1,patient_603,slide_603
/MUT-HETRCC/slides/19298.svs,19298,19298,MUT,1,patient_604,slide_604
/MUT-HETRCC/slides/19300.svs,19300,19300,MUT,0,patient_605,slide_605
/MUT-HETRCC/slides/19301.svs,19301,19301,MUT,0,patient_606,slide_606
/MUT-HETRCC/slides/19302.svs,19302,19302,MUT,0,patient_607,slide_607
/MUT-HETRCC/slides/19303.svs,19303,19303,MUT,0,patient_608,slide_608
/MUT-HETRCC/slides/19304.svs,19304,19304,MUT,0,patient_609,slide_609
/MUT-HETRCC/slides/19305.svs,19305,19305,MUT,1,patient_610,slide_610
/MUT-HETRCC/slides/19306.svs,19306,19306,MUT,0,patient_611,slide_611
/MUT-HETRCC/slides/19307.svs,19307,19307,MUT,1,patient_612,slide_612
/MUT-HETRCC/slides/19308.svs,19308,19308,MUT,0,patient_613,slide_613
/MUT-HETRCC/slides/19309.svs,19309,19309,MUT,0,patient_614,slide_614
/MUT-HETRCC/slides/19310.svs,19310,19310,MUT,1,patient_615,slide_615
/MUT-HETRCC/slides/19311.svs,19311,19311,MUT,0,patient_616,slide_616
/MUT-HETRCC/slides/19313.svs,19313,19313,MUT,1,patient_617,slide_617
/MUT-HETRCC/slides/19314.svs,19314,19314,MUT,0,patient_618,slide_618
/MUT-HETRCC/slides/19315.svs,19315,19315,MUT,0,patient_619,slide_619
/MUT-HETRCC/slides/19316.svs,19316,19316,MUT,0,patient_620,slide_620
/MUT-HETRCC/slides/19317.svs,19317,19317,MUT,0,patient_621,slide_621
/MUT-HETRCC/slides/19318.svs,19318,19318,MUT,0,patient_622,slide_622
/MUT-HETRCC/slides/19319.svs,19319,19319,MUT,1,patient_623,slide_623
/MUT-HETRCC/slides/19320.svs,19320,19320,MUT,1,patient_624,slide_624
/MUT-HETRCC/slides/19322.svs,19322,19322,MUT,0,patient_625,slide_625
/MUT-HETRCC/slides/19323.svs,19323,19323,MUT,1,patient_626,slide_626
/MUT-HETRCC/slides/19324.svs,19324,19324,MUT,1,patient_627,slide_627
/MUT-HETRCC/slides/19325.svs,19325,19325,MUT,1,patient_628,slide_628
/MUT-HETRCC/slides/19326.svs,19326,19326,MUT,0,patient_629,slide_629
/MUT-HETRCC/slides/19327.svs,19327,19327,MUT,1,patient_630,slide_630
/MUT-HETRCC/slides/19329.svs,19329,19329,MUT,0,patient_631,slide_631
/MUT-HETRCC/slides/19330.svs,19330,19330,MUT,1,patient_632,slide_632
/MUT-HETRCC/slides/19331.svs,19331,19331,MUT,0,patient_633,slide_633
/MUT-HETRCC/slides/19332.svs,19332,19332,MUT,1,patient_634,slide_634
/MUT-HETRCC/slides/19333.svs,19333,19333,MUT,1,patient_635,slide_635
/MUT-HETRCC/slides/19334.svs,19334,19334,MUT,1,patient_636,slide_636
/MUT-HETRCC/slides/19335.svs,19335,19335,MUT,0,patient_637,slide_637
/MUT-HETRCC/slides/19336.svs,19336,19336,MUT,0,patient_638,slide_638
/MUT-HETRCC/slides/19337.svs,19337,19337,MUT,0,patient_639,slide_639
/MUT-HETRCC/slides/19338.svs,19338,19338,MUT,1,patient_640,slide_640
/MUT-HETRCC/slides/19339.svs,19339,19339,MUT,1,patient_641,slide_641
/MUT-HETRCC/slides/19340.svs,19340,19340,MUT,1,patient_642,slide_642
/MUT-HETRCC/slides/19341.svs,19341,19341,MUT,0,patient_643,slide_643
/MUT-HETRCC/slides/19342.svs,19342,19342,MUT,1,patient_644,slide_644
/MUT-HETRCC/slides/19343.svs,19343,19343,MUT,0,patient_645,slide_645
/MUT-HETRCC/slides/19344.svs,19344,19344,MUT,0,patient_646,slide_646
/MUT-HETRCC/slides/19345.svs,19345,19345,MUT,1,patient_647,slide_647
/MUT-HETRCC/slides/19346.svs,19346,19346,MUT,0,patient_648,slide_648
/MUT-HETRCC/slides/19347.svs,19347,19347,MUT,1,patient_649,slide_649
/MUT-HETRCC/slides/19348.svs,19348,19348,MUT,1,patient_650,slide_650
/MUT-HETRCC/slides/19349.svs,19349,19349,MUT,1,patient_651,slide_651
/MUT-HETRCC/slides/19350.svs,19350,19350,MUT,0,patient_652,slide_652
/MUT-HETRCC/slides/19351.svs,19351,19351,MUT,1,patient_653,slide_653
/MUT-HETRCC/slides/19352.svs,19352,19352,MUT,0,patient_654,slide_654
/MUT-HETRCC/slides/19353.svs,19353,19353,MUT,1,patient_655,slide_655
/MUT-HETRCC/slides/19354.svs,19354,19354,MUT,0,patient_656,slide_656
/MUT-HETRCC/slides/19355.svs,19355,19355,MUT,0,patient_657,slide_657
/MUT-HETRCC/slides/19356.svs,19356,19356,MUT,0,patient_658,slide_658
/MUT-HETRCC/slides/19357.svs,19357,19357,MUT,1,patient_659,slide_659
/MUT-HETRCC/slides/19358.svs,19358,19358,MUT,1,patient_660,slide_660
/MUT-HETRCC/slides/19359.svs,19359,19359,MUT,0,patient_661,slide_661
/MUT-HETRCC/slides/19360.svs,19360,19360,MUT,1,patient_662,slide_662
/MUT-HETRCC/slides/19361.svs,19361,19361,MUT,0,patient_663,slide_663
/MUT-HETRCC/slides/19362.svs,19362,19362,MUT,0,patient_664,slide_664
/MUT-HETRCC/slides/19363.svs,19363,19363,MUT,0,patient_665,slide_665
/MUT-HETRCC/slides/19364.svs,19364,19364,MUT,1,patient_666,slide_666
/MUT-HETRCC/slides/19365.svs,19365,19365,MUT,0,patient_667,slide_667
/MUT-HETRCC/slides/19366.svs,19366,19366,MUT,1,patient_668,slide_668
/MUT-HETRCC/slides/19367.svs,19367,19367,MUT,1,patient_669,slide_669
/MUT-HETRCC/slides/19369.svs,19369,19369,MUT,1,patient_670,slide_670
/MUT-HETRCC/slides/19370.svs,19370,19370,MUT,0,patient_671,slide_671
/MUT-HETRCC/slides/19371.svs,19371,19371,MUT,1,patient_672,slide_672
/MUT-HETRCC/slides/19372.svs,19372,19372,MUT,1,patient_673,slide_673
/MUT-HETRCC/slides/19373.svs,19373,19373,MUT,0,patient_674,slide_674
/MUT-HETRCC/slides/19374.svs,19374,19374,MUT,0,patient_675,slide_675
/MUT-HETRCC/slides/19375.svs,19375,19375,MUT,0,patient_676,slide_676
/MUT-HETRCC/slides/19376.svs,19376,19376,MUT,1,patient_677,slide_677
/MUT-HETRCC/slides/19377.svs,19377,19377,MUT,0,patient_678,slide_678
/MUT-HETRCC/slides/19378.svs,19378,19378,MUT,0,patient_679,slide_679
/MUT-HETRCC/slides/19379.svs,19379,19379,MUT,0,patient_680,slide_680
/MUT-HETRCC/slides/19380.svs,19380,19380,MUT,1,patient_681,slide_681
/MUT-HETRCC/slides/19381.svs,19381,19381,MUT,0,patient_682,slide_682
/MUT-HETRCC/slides/19382.svs,19382,19382,MUT,0,patient_683,slide_683
/MUT-HETRCC/slides/19383.svs,19383,19383,MUT,0,patient_684,slide_684
/MUT-HETRCC/slides/19384.svs,19384,19384,MUT,1,patient_685,slide_685
/MUT-HETRCC/slides/19385.svs,19385,19385,MUT,1,patient_686,slide_686
/MUT-HETRCC/slides/19386.svs,19386,19386,MUT,0,patient_687,slide_687
/MUT-HETRCC/slides/19387.svs,19387,19387,MUT,1,patient_688,slide_688
/MUT-HETRCC/slides/19388.svs,19388,19388,MUT,0,patient_689,slide_689
/MUT-HETRCC/slides/19389.svs,19389,19389,MUT,0,patient_690,slide_690
/MUT-HETRCC/slides/19390.svs,19390,19390,MUT,1,patient_691,slide_691
/MUT-HETRCC/slides/19391.svs,19391,19391,MUT,0,patient_692,slide_692
/MUT-HETRCC/slides/19392.svs,19392,19392,MUT,0,patient_693,slide_693
/MUT-HETRCC/slides/19393.svs,19393,19393,MUT,0,patient_694,slide_694
/MUT-HETRCC/slides/19394.svs,19394,19394,MUT,1,patient_695,slide_695
/MUT-HETRCC/slides/19395.svs,19395,19395,MUT,1,patient_696,slide_696
/MUT-HETRCC/slides/19396.svs,19396,19396,MUT,0,patient_697,slide_697
/MUT-HETRCC/slides/19397.svs,19397,19397,MUT,1,patient_698,slide_698
/MUT-HETRCC/slides/19398.svs,19398,19398,MUT,1,patient_699,slide_699
/MUT-HETRCC/slides/19399.svs,19399,19399,MUT,1,patient_700,slide_700
/MUT-HETRCC/slides/19400.svs,19400,19400,MUT,1,patient_701,slide_701
/MUT-HETRCC/slides/19401.svs,19401,19401,MUT,0,patient_702,slide_702
/MUT-HETRCC/slides/19402.svs,19402,19402,MUT,0,patient_703,slide_703
/MUT-HETRCC/slides/19403.svs,19403,19403,MUT,0,patient_704,slide_704
/MUT-HETRCC/slides/19404.svs,19404,19404,MUT,1,patient_705,slide_705
/MUT-HETRCC/slides/19405.svs,19405,19405,MUT,1,patient_706,slide_706
/MUT-HETRCC/slides/19406.svs,19406,19406,MUT,0,patient_707,slide_707
/MUT-HETRCC/slides/19407.svs,19407,19407,MUT,0,patient_708,slide_708
/MUT-HETRCC/slides/19408.svs,19408,19408,MUT,0,patient_709,slide_709
/MUT-HETRCC/slides/19409.svs,19409,19409,MUT,0,patient_710,slide_710
/MUT-HETRCC/slides/19410.svs,19410,19410,MUT,0,patient_711,slide_711
/MUT-HETRCC/slides/19411.svs,19411,19411,MUT,1,patient_712,slide_712
/MUT-HETRCC/slides/19412.svs,19412,19412,MUT,0,patient_713,slide_713
/MUT-HETRCC/slides/19413.svs,19413,19413,MUT,0,patient_714,slide_714
/MUT-HETRCC/slides/19414.svs,19414,19414,MUT,1,patient_715,slide_715
/MUT-HETRCC/slides/19415.svs,19415,19415,MUT,0,patient_716,slide_716
/MUT-HETRCC/slides/19416.svs,19416,19416,MUT,1,patient_717,slide_717
/MUT-HETRCC/slides/19417.svs,19417,19417,MUT,0,patient_718,slide_718
/MUT-HETRCC/slides/19418.svs,19418,19418,MUT,1,patient_719,slide_719
/MUT-HETRCC/slides/19419.svs,19419,19419,MUT,0,patient_720,slide_720
/MUT-HETRCC/slides/19420.svs,19420,19420,MUT,0,patient_721,slide_721
/MUT-HETRCC/slides/19421.svs,19421,19421,MUT,1,patient_722,slide_722
/MUT-HETRCC/slides/19422.svs,19422,19422,MUT,0,patient_723,slide_723
/MUT-HETRCC/slides/19423.svs,19423,19423,MUT,1,patient_724,slide_724
/MUT-HETRCC/slides/19424.svs,19424,19424,MUT,1,patient_725,slide_725
/MUT-HETRCC/slides/19425.svs,19425,19425,MUT,1,patient_726,slide_726
/MUT-HETRCC/slides/19426.svs,19426,19426,MUT,0,patient_727,slide_727
/MUT-HETRCC/slides/19427.svs,19427,19427,MUT,1,patient_728,slide_728
/MUT-HETRCC/slides/19428.svs,19428,19428,MUT,0,patient_729,slide_729
/MUT-HETRCC/slides/19429.svs,19429,19429,MUT,1,patient_730,slide_730
/MUT-HETRCC/slides/19430.svs,19430,19430,MUT,1,patient_731,slide_731
/MUT-HETRCC/slides/19431.svs,19431,19431,MUT,1,patient_732,slide_732
/MUT-HETRCC/slides/19432.svs,19432,19432,MUT,1,patient_733,slide_733
/MUT-HETRCC/slides/19433.svs,19433,19433,MUT,1,patient_734,slide_734
/MUT-HETRCC/slides/19434.svs,19434,19434,MUT,0,patient_735,slide_735
/MUT-HETRCC/slides/19435.svs,19435,19435,MUT,1,patient_736,slide_736
/MUT-HETRCC/slides/19436.svs,19436,19436,MUT,1,patient_737,slide_737
/MUT-HETRCC/slides/19437.svs,19437,19437,MUT,0,patient_738,slide_738
/MUT-HETRCC/slides/19438.svs,19438,19438,MUT,0,patient_739,slide_739
/MUT-HETRCC/slides/19439.svs,19439,19439,MUT,1,patient_740,slide_740
/MUT-HETRCC/slides/19440.svs,19440,19440,MUT,1,patient_741,slide_741
/MUT-HETRCC/slides/19441.svs,19441,19441,MUT,1,patient_742,slide_742
/MUT-HETRCC/slides/19442.svs,19442,19442,MUT,0,patient_743,slide_743
/MUT-HETRCC/slides/19443.svs,19443,19443,MUT,1,patient_744,slide_744
/MUT-HETRCC/slides/19444.svs,19444,19444,MUT,1,patient_745,slide_745
/MUT-HETRCC/slides/19445.svs,19445,19445,MUT,1,patient_746,slide_746
/MUT-HETRCC/slides/19446.svs,19446,19446,MUT,1,patient_747,slide_747
/MUT-HETRCC/slides/19447.svs,19447,19447,MUT,1,patient_748,slide_748
/MUT-HETRCC/slides/19448.svs,19448,19448,MUT,1,patient_749,slide_749
/MUT-HETRCC/slides/19449.svs,19449,19449,MUT,0,patient_750,slide_750
/MUT-HETRCC/slides/19450.svs,19450,19450,MUT,0,patient_751,slide_751
/MUT-HETRCC/slides/19451.svs,19451,19451,MUT,1,patient_752,slide_752
/MUT-HETRCC/slides/19452.svs,19452,19452,MUT,1,patient_753,slide_753
/MUT-HETRCC/slides/19453.svs,19453,19453,MUT,0,patient_754,slide_754
/MUT-HETRCC/slides/19454.svs,19454,19454,MUT,1,patient_755,slide_755
/MUT-HETRCC/slides/19455.svs,19455,19455,MUT,1,patient_756,slide_756
/MUT-HETRCC/slides/19456.svs,19456,19456,MUT,0,patient_757,slide_757
/MUT-HETRCC/slides/19458.svs,19458,19458,MUT,1,patient_758,slide_758
/MUT-HETRCC/slides/19459.svs,19459,19459,MUT,0,patient_759,slide_759
/MUT-HETRCC/slides/19460.svs,19460,19460,MUT,0,patient_760,slide_760
/MUT-HETRCC/slides/19461.svs,19461,19461,MUT,0,patient_761,slide_761
/MUT-HETRCC/slides/19462.svs,19462,19462,MUT,1,patient_762,slide_762
/MUT-HETRCC/slides/19463.svs,19463,19463,MUT,0,patient_763,slide_763
/MUT-HETRCC/slides/19466.svs,19466,19466,MUT,0,patient_764,slide_764
/MUT-HETRCC/slides/19467.svs,19467,19467,MUT,1,patient_765,slide_765
/MUT-HETRCC/slides/19468.svs,19468,19468,MUT,1,patient_766,slide_766
/MUT-HETRCC/slides/19469.svs,19469,19469,MUT,1,patient_767,slide_767
/MUT-HETRCC/slides/19470.svs,19470,19470,MUT,1,patient_768,slide_768
/MUT-HETRCC/slides/19472.svs,19472,19472,MUT,1,patient_769,slide_769
/MUT-HETRCC/slides/19473.svs,19473,19473,MUT,0,patient_770,slide_770
/MUT-HETRCC/slides/19474.svs,19474,19474,MUT,0,patient_771,slide_771
/MUT-HETRCC/slides/19475.svs,19475,19475,MUT,0,patient_772,slide_772
/MUT-HETRCC/slides/19476.svs,19476,19476,MUT,1,patient_773,slide_773
/MUT-HETRCC/slides/19478.svs,19478,19478,MUT,1,patient_774,slide_774
/MUT-HETRCC/slides/19479.svs,19479,19479,MUT,1,patient_775,slide_775
/MUT-HETRCC/slides/19480.svs,19480,19480,MUT,0,patient_776,slide_776
/MUT-HETRCC/slides/19481.svs,19481,19481,MUT,0,patient_777,slide_777
/MUT-HETRCC/slides/19482.svs,19482,19482,MUT,1,patient_778,slide_778
/MUT-HETRCC/slides/19483.svs,19483,19483,MUT,0,patient_779,slide_779
/MUT-HETRCC/slides/19484.svs,19484,19484,MUT,1,patient_780,slide_780
/MUT-HETRCC/slides/19485.svs,19485,19485,MUT,1,patient_781,slide_781
/MUT-HETRCC/slides/19486.svs,19486,19486,MUT,0,patient_782,slide_782
/MUT-HETRCC/slides/19487.svs,19487,19487,MUT,1,patient_783,slide_783
/MUT-HETRCC/slides/19488.svs,19488,19488,MUT,1,patient_784,slide_784
/MUT-HETRCC/slides/19490.svs,19490,19490,MUT,0,patient_785,slide_785
/MUT-HETRCC/slides/19491.svs,19491,19491,MUT,0,patient_786,slide_786
/MUT-HETRCC/slides/19492.svs,19492,19492,MUT,0,patient_787,slide_787
/MUT-HETRCC/slides/19493.svs,19493,19493,MUT,1,patient_788,slide_788
/MUT-HETRCC/slides/19494.svs,19494,19494,MUT,1,patient_789,slide_789
/MUT-HETRCC/slides/19495.svs,19495,19495,MUT,1,patient_790,slide_790
/MUT-HETRCC/slides/19496.svs,19496,19496,MUT,1,patient_791,slide_791
/MUT-HETRCC/slides/19497.svs,19497,19497,MUT,1,patient_792,slide_792
/MUT-HETRCC/slides/19498.svs,19498,19498,MUT,0,patient_793,slide_793
/MUT-HETRCC/slides/19499.svs,19499,19499,MUT,0,patient_794,slide_794
/MUT-HETRCC/slides/19500.svs,19500,19500,MUT,1,patient_795,slide_795
/MUT-HETRCC/slides/19501.svs,19501,19501,MUT,0,patient_796,slide_796
/MUT-HETRCC/slides/19502.svs,19502,19502,MUT,1,patient_797,slide_797
/MUT-HETRCC/slides/19503.svs,19503,19503,MUT,1,patient_798,slide_798
/MUT-HETRCC/slides/19504.svs,19504,19504,MUT,1,patient_799,slide_799
/MUT-HETRCC/slides/19505.svs,19505,19505,MUT,0,patient_800,slide_800
/MUT-HETRCC/slides/19506.svs,19506,19506,MUT,0,patient_801,slide_801
/MUT-HETRCC/slides/19507.svs,19507,19507,MUT,1,patient_802,slide_802
/MUT-HETRCC/slides/19508.svs,19508,19508,MUT,1,patient_803,slide_803
/MUT-HETRCC/slides/19509.svs,19509,19509,MUT,1,patient_804,slide_804
/MUT-HETRCC/slides/19510.svs,19510,19510,MUT,0,patient_805,slide_805
/MUT-HETRCC/slides/19511.svs,19511,19511,MUT,1,patient_806,slide_806
/MUT-HETRCC/slides/19512.svs,19512,19512,MUT,1,patient_807,slide_807
/MUT-HETRCC/slides/19513.svs,19513,19513,MUT,0,patient_808,slide_808
/MUT-HETRCC/slides/19514.svs,19514,19514,MUT,1,patient_809,slide_809
/MUT-HETRCC/slides/19516.svs,19516,19516,MUT,0,patient_810,slide_810
/MUT-HETRCC/slides/19518.svs,19518,19518,MUT,1,patient_811,slide_811
/MUT-HETRCC/slides/19519.svs,19519,19519,MUT,0,patient_812,slide_812
/MUT-HETRCC/slides/19520.svs,19520,19520,MUT,0,patient_813,slide_813
/MUT-HETRCC/slides/19521.svs,19521,19521,MUT,1,patient_814,slide_814
/MUT-HETRCC/slides/19522.svs,19522,19522,MUT,0,patient_815,slide_815
/MUT-HETRCC/slides/19523.svs,19523,19523,MUT,0,patient_816,slide_816
/MUT-HETRCC/slides/19524.svs,19524,19524,MUT,0,patient_817,slide_817
/MUT-HETRCC/slides/19525.svs,19525,19525,MUT,1,patient_818,slide_818
/MUT-HETRCC/slides/19526.svs,19526,19526,MUT,0,patient_819,slide_819
/MUT-HETRCC/slides/19527.svs,19527,19527,MUT,1,patient_820,slide_820
/MUT-HETRCC/slides/19528.svs,19528,19528,MUT,1,patient_821,slide_821
/MUT-HETRCC/slides/19529.svs,19529,19529,MUT,1,patient_822,slide_822
/MUT-HETRCC/slides/19530.svs,19530,19530,MUT,0,patient_823,slide_823
/MUT-HETRCC/slides/19531.svs,19531,19531,MUT,1,patient_824,slide_824
/MUT-HETRCC/slides/19532.svs,19532,19532,MUT,0,patient_825,slide_825
/MUT-HETRCC/slides/19533.svs,19533,19533,MUT,1,patient_826,slide_826
/MUT-HETRCC/slides/19534.svs,19534,19534,MUT,1,patient_827,slide_827
/MUT-HETRCC/slides/19535.svs,19535,19535,MUT,1,patient_828,slide_828
/MUT-HETRCC/slides/19536.svs,19536,19536,MUT,1,patient_829,slide_829
/MUT-HETRCC/slides/19537.svs,19537,19537,MUT,1,patient_830,slide_830
/MUT-HETRCC/slides/19538.svs,19538,19538,MUT,1,patient_831,slide_831
/MUT-HETRCC/slides/19539.svs,19539,19539,MUT,0,patient_832,slide_832
/MUT-HETRCC/slides/19540.svs,19540,19540,MUT,1,patient_833,slide_833
/MUT-HETRCC/slides/19541.svs,19541,19541,MUT,0,patient_834,slide_834
/MUT-HETRCC/slides/19542.svs,19542,19542,MUT,1,patient_835,slide_835
/MUT-HETRCC/slides/19543.svs,19543,19543,MUT,0,patient_836,slide_836
/MUT-HETRCC/slides/19544.svs,19544,19544,MUT,1,patient_837,slide_837
/MUT-HETRCC/slides/19545.svs,19545,19545,MUT,0,patient_838,slide_838
/MUT-HETRCC/slides/19546.svs,19546,19546,MUT,0,patient_839,slide_839
/MUT-HETRCC/slides/19547.svs,19547,19547,MUT,1,patient_840,slide_840
/MUT-HETRCC/slides/19548.svs,19548,19548,MUT,0,patient_841,slide_841
/MUT-HETRCC/slides/19549.svs,19549,19549,MUT,1,patient_842,slide_842
/MUT-HETRCC/slides/19550.svs,19550,19550,MUT,0,patient_843,slide_843
/MUT-HETRCC/slides/19551.svs,19551,19551,MUT,1,patient_844,slide_844
/MUT-HETRCC/slides/19552.svs,19552,19552,MUT,0,patient_845,slide_845
/MUT-HETRCC/slides/19553.svs,19553,19553,MUT,1,patient_846,slide_846
/MUT-HETRCC/slides/19554.svs,19554,19554,MUT,1,patient_847,slide_847
/MUT-HETRCC/slides/19555.svs,19555,19555,MUT,0,patient_848,slide_848
/MUT-HETRCC/slides/19556.svs,19556,19556,MUT,0,patient_849,slide_849
/MUT-HETRCC/slides/19557.svs,19557,19557,MUT,0,patient_850,slide_850
/MUT-HETRCC/slides/19558.svs,19558,19558,MUT,0,patient_851,slide_851
/MUT-HETRCC/slides/19559.svs,19559,19559,MUT,0,patient_852,slide_852
/MUT-HETRCC/slides/19560.svs,19560,19560,MUT,1,patient_853,slide_853
/MUT-HETRCC/slides/19561.svs,19561,19561,MUT,0,patient_854,slide_854
/MUT-HETRCC/slides/19562.svs,19562,19562,MUT,0,patient_855,slide_855
/MUT-HETRCC/slides/19563.svs,19563,19563,MUT,1,patient_856,slide_856
/MUT-HETRCC/slides/19564.svs,19564,19564,MUT,0,patient_857,slide_857
/MUT-HETRCC/slides/19565.svs,19565,19565,MUT,0,patient_858,slide_858
/MUT-HETRCC/slides/19566.svs,19566,19566,MUT,1,patient_859,slide_859
/MUT-HETRCC/slides/19567.svs,19567,19567,MUT,1,patient_860,slide_860
/MUT-HETRCC/slides/19568.svs,19568,19568,MUT,0,patient_861,slide_861
/MUT-HETRCC/slides/19569.svs,19569,19569,MUT,0,patient_862,slide_862
/MUT-HETRCC/slides/19570.svs,19570,19570,MUT,1,patient_863,slide_863
/MUT-HETRCC/slides/19571.svs,19571,19571,MUT,0,patient_864,slide_864
/MUT-HETRCC/slides/19572.svs,19572,19572,MUT,0,patient_865,slide_865
/MUT-HETRCC/slides/19573.svs,19573,19573,MUT,0,patient_866,slide_866
/MUT-HETRCC/slides/19574.svs,19574,19574,MUT,1,patient_867,slide_867
/MUT-HETRCC/slides/19576.svs,19576,19576,MUT,1,patient_868,slide_868
/MUT-HETRCC/slides/19577.svs,19577,19577,MUT,0,patient_869,slide_869
/MUT-HETRCC/slides/19578.svs,19578,19578,MUT,1,patient_870,slide_870
/MUT-HETRCC/slides/19579.svs,19579,19579,MUT,1,patient_871,slide_871
/MUT-HETRCC/slides/19580.svs,19580,19580,MUT,0,patient_872,slide_872
/MUT-HETRCC/slides/19581.svs,19581,19581,MUT,0,patient_873,slide_873
/MUT-HETRCC/slides/19582.svs,19582,19582,MUT,1,patient_874,slide_874
/MUT-HETRCC/slides/19583.svs,19583,19583,MUT,0,patient_875,slide_875
/MUT-HETRCC/slides/19584.svs,19584,19584,MUT,0,patient_876,slide_876
/MUT-HETRCC/slides/19585.svs,19585,19585,MUT,0,patient_877,slide_877
/MUT-HETRCC/slides/19587.svs,19587,19587,MUT,1,patient_878,slide_878
/MUT-HETRCC/slides/19588.svs,19588,19588,MUT,0,patient_879,slide_879
/MUT-HETRCC/slides/19589.svs,19589,19589,MUT,0,patient_880,slide_880
/MUT-HETRCC/slides/19590.svs,19590,19590,MUT,0,patient_881,slide_881
/MUT-HETRCC/slides/19591.svs,19591,19591,MUT,1,patient_882,slide_882
/MUT-HETRCC/slides/19592.svs,19592,19592,MUT,1,patient_883,slide_883
/MUT-HETRCC/slides/19593.svs,19593,19593,MUT,1,patient_884,slide_884
/MUT-HETRCC/slides/19594.svs,19594,19594,MUT,0,patient_885,slide_885
/MUT-HETRCC/slides/19595.svs,19595,19595,MUT,1,patient_886,slide_886
/MUT-HETRCC/slides/19596.svs,19596,19596,MUT,1,patient_887,slide_887
/MUT-HETRCC/slides/19597.svs,19597,19597,MUT,0,patient_888,slide_888
/MUT-HETRCC/slides/19598.svs,19598,19598,MUT,1,patient_889,slide_889
/MUT-HETRCC/slides/19599.svs,19599,19599,MUT,0,patient_890,slide_890
/MUT-HETRCC/slides/19600.svs,19600,19600,MUT,0,patient_891,slide_891
/MUT-HETRCC/slides/19601.svs,19601,19601,MUT,1,patient_892,slide_892
/MUT-HETRCC/slides/19602.svs,19602,19602,MUT,0,patient_893,slide_893
/MUT-HETRCC/slides/19603.svs,19603,19603,MUT,0,patient_894,slide_894
/MUT-HETRCC/slides/19604.svs,19604,19604,MUT,0,patient_895,slide_895
/MUT-HETRCC/slides/19605.svs,19605,19605,MUT,1,patient_896,slide_896
/MUT-HETRCC/slides/19606.svs,19606,19606,MUT,0,patient_897,slide_897
/MUT-HETRCC/slides/19607.svs,19607,19607,MUT,0,patient_898,slide_898
/MUT-HETRCC/slides/19608.svs,19608,19608,MUT,1,patient_899,slide_899
/MUT-HETRCC/slides/19609.svs,19609,19609,MUT,1,patient_900,slide_900
/MUT-HETRCC/slides/19610.svs,19610,19610,MUT,1,patient_901,slide_901
/MUT-HETRCC/slides/19611.svs,19611,19611,MUT,1,patient_902,slide_902
/MUT-HETRCC/slides/19613.svs,19613,19613,MUT,0,patient_903,slide_903
/MUT-HETRCC/slides/19614.svs,19614,19614,MUT,0,patient_904,slide_904
/MUT-HETRCC/slides/19615.svs,19615,19615,MUT,0,patient_905,slide_905
/MUT-HETRCC/slides/19616.svs,19616,19616,MUT,0,patient_906,slide_906
/MUT-HETRCC/slides/19617.svs,19617,19617,MUT,1,patient_907,slide_907
/MUT-HETRCC/slides/19618.svs,19618,19618,MUT,1,patient_908,slide_908
/MUT-HETRCC/slides/19619.svs,19619,19619,MUT,1,patient_909,slide_909
/MUT-HETRCC/slides/19620.svs,19620,19620,MUT,0,patient_910,slide_910
/MUT-HETRCC/slides/19621.svs,19621,19621,MUT,0,patient_911,slide_911
/MUT-HETRCC/slides/19622.svs,19622,19622,MUT,0,patient_912,slide_912
/MUT-HETRCC/slides/19623.svs,19623,19623,MUT,1,patient_913,slide_913
/MUT-HETRCC/slides/19624.svs,19624,19624,MUT,1,patient_914,slide_914
/MUT-HETRCC/slides/19625.svs,19625,19625,MUT,0,patient_915,slide_915
/MUT-HETRCC/slides/19626.svs,19626,19626,MUT,1,patient_916,slide_916
/MUT-HETRCC/slides/19627.svs,19627,19627,MUT,0,patient_917,slide_917
/MUT-HETRCC/slides/19628.svs,19628,19628,MUT,1,patient_918,slide_918
/MUT-HETRCC/slides/19629.svs,19629,19629,MUT,1,patient_919,slide_919
/MUT-HETRCC/slides/19630.svs,19630,19630,MUT,0,patient_920,slide_920
/MUT-HETRCC/slides/19631.svs,19631,19631,MUT,1,patient_921,slide_921
/MUT-HETRCC/slides/19632.svs,19632,19632,MUT,0,patient_922,slide_922
/MUT-HETRCC/slides/19633.svs,19633,19633,MUT,1,patient_923,slide_923
/MUT-HETRCC/slides/19634.svs,19634,19634,MUT,0,patient_924,slide_924
/MUT-HETRCC/slides/19635.svs,19635,19635,MUT,1,patient_925,slide_925
/MUT-HETRCC/slides/19636.svs,19636,19636,MUT,0,patient_926,slide_926
/MUT-HETRCC/slides/19637.svs,19637,19637,MUT,1,patient_927,slide_927
/MUT-HETRCC/slides/19638.svs,19638,19638,MUT,0,patient_928,slide_928
/MUT-HETRCC/slides/19639.svs,19639,19639,MUT,1,patient_929,slide_929
/MUT-HETRCC/slides/19640.svs,19640,19640,MUT,1,patient_930,slide_930
/MUT-HETRCC/slides/19642.svs,19642,19642,MUT,0,patient_931,slide_931
/MUT-HETRCC/slides/19643.svs,19643,19643,MUT,1,patient_932,slide_932
/MUT-HETRCC/slides/19644.svs,19644,19644,MUT,1,patient_933,slide_933
/MUT-HETRCC/slides/19645.svs,19645,19645,MUT,1,patient_934,slide_934
/MUT-HETRCC/slides/19646.svs,19646,19646,MUT,1,patient_935,slide_935
/MUT-HETRCC/slides/19647.svs,19647,19647,MUT,0,patient_936,slide_936
/MUT-HETRCC/slides/19649.svs,19649,19649,MUT,0,patient_937,slide_937
/MUT-HETRCC/slides/19651.svs,19651,19651,MUT,0,patient_938,slide_938
/MUT-HETRCC/slides/19652.svs,19652,19652,MUT,1,patient_939,slide_939
/MUT-HETRCC/slides/19653.svs,19653,19653,MUT,1,patient_940,slide_940
/MUT-HETRCC/slides/19654.svs,19654,19654,MUT,1,patient_941,slide_941
/MUT-HETRCC/slides/19655.svs,19655,19655,MUT,0,patient_942,slide_942
/MUT-HETRCC/slides/19656.svs,19656,19656,MUT,0,patient_943,slide_943
/MUT-HETRCC/slides/19657.svs,19657,19657,MUT,1,patient_944,slide_944
/MUT-HETRCC/slides/19658.svs,19658,19658,MUT,1,patient_945,slide_945
/MUT-HETRCC/slides/19659.svs,19659,19659,MUT,1,patient_946,slide_946
/MUT-HETRCC/slides/19660.svs,19660,19660,MUT,0,patient_947,slide_947
/MUT-HETRCC/slides/19661.svs,19661,19661,MUT,1,patient_948,slide_948
/MUT-HETRCC/slides/19662.svs,19662,19662,MUT,1,patient_949,slide_949
/MUT-HETRCC/slides/19663.svs,19663,19663,MUT,1,patient_950,slide_950
/MUT-HETRCC/slides/19666.svs,19666,19666,MUT,0,patient_951,slide_951
/MUT-HETRCC/slides/19667.svs,19667,19667,MUT,0,patient_952,slide_952
/MUT-HETRCC/slides/19668.svs,19668,19668,MUT,0,patient_953,slide_953
/MUT-HETRCC/slides/19669.svs,19669,19669,MUT,1,patient_954,slide_954
/MUT-HETRCC/slides/19670.svs,19670,19670,MUT,0,patient_955,slide_955
/MUT-HETRCC/slides/19671.svs,19671,19671,MUT,1,patient_956,slide_956
/MUT-HETRCC/slides/19672.svs,19672,19672,MUT,0,patient_957,slide_957
/MUT-HETRCC/slides/19673.svs,19673,19673,MUT,1,patient_958,slide_958
/MUT-HETRCC/slides/19674.svs,19674,19674,MUT,0,patient_959,slide_959
/MUT-HETRCC/slides/19675.svs,19675,19675,MUT,0,patient_960,slide_960
/MUT-HETRCC/slides/19676.svs,19676,19676,MUT,0,patient_961,slide_961
/MUT-HETRCC/slides/19677.svs,19677,19677,MUT,1,patient_962,slide_962
/MUT-HETRCC/slides/19678.svs,19678,19678,MUT,0,patient_963,slide_963
/MUT-HETRCC/slides/19679.svs,19679,19679,MUT,0,patient_964,slide_964
/MUT-HETRCC/slides/19680.svs,19680,19680,MUT,1,patient_965,slide_965
/MUT-HETRCC/slides/19681.svs,19681,19681,MUT,0,patient_966,slide_966
/MUT-HETRCC/slides/19682.svs,19682,19682,MUT,0,patient_967,slide_967
/MUT-HETRCC/slides/19683.svs,19683,19683,MUT,0,patient_968,slide_968
/MUT-HETRCC/slides/19684.svs,19684,19684,MUT,0,patient_969,slide_969
/MUT-HETRCC/slides/19685.svs,19685,19685,MUT,0,patient_970,slide_970
/MUT-HETRCC/slides/19686.svs,19686,19686,MUT,1,patient_971,slide_971
/MUT-HETRCC/slides/19687.svs,19687,19687,MUT,0,patient_972,slide_972
/MUT-HETRCC/slides/19688.svs,19688,19688,MUT,0,patient_973,slide_973
/MUT-HETRCC/slides/19689.svs,19689,19689,MUT,1,patient_974,slide_974
/MUT-HETRCC/slides/19690.svs,19690,19690,MUT,0,patient_975,slide_975
/MUT-HETRCC/slides/19691.svs,19691,19691,MUT,1,patient_976,slide_976
/MUT-HETRCC/slides/19692.svs,19692,19692,MUT,0,patient_977,slide_977
/MUT-HETRCC/slides/19693.svs,19693,19693,MUT,0,patient_978,slide_978
/MUT-HETRCC/slides/19694.svs,19694,19694,MUT,1,patient_979,slide_979
/MUT-HETRCC/slides/19695.svs,19695,19695,MUT,0,patient_980,slide_980
/MUT-HETRCC/slides/19696.svs,19696,19696,MUT,0,patient_981,slide_981
/MUT-HETRCC/slides/19697.svs,19697,19697,MUT,1,patient_982,slide_982
/MUT-HETRCC/slides/19698.svs,19698,19698,MUT,0,patient_983,slide_983
/MUT-HETRCC/slides/19699.svs,19699,19699,MUT,1,patient_984,slide_984
/MUT-HETRCC/slides/19700.svs,19700,19700,MUT,1,patient_985,slide_985
/MUT-HETRCC/slides/19701.svs,19701,19701,MUT,1,patient_986,slide_986
/MUT-HETRCC/slides/19702.svs,19702,19702,MUT,1,patient_987,slide_987
/MUT-HETRCC/slides/19703.svs,19703,19703,MUT,0,patient_988,slide_988
/MUT-HETRCC/slides/19704.svs,19704,19704,MUT,0,patient_989,slide_989
/MUT-HETRCC/slides/19705.svs,19705,19705,MUT,0,patient_990,slide_990
/MUT-HETRCC/slides/19706.svs,19706,19706,MUT,0,patient_991,slide_991
/MUT-HETRCC/slides/19707.svs,19707,19707,MUT,0,patient_992,slide_992
/MUT-HETRCC/slides/19708.svs,19708,19708,MUT,1,patient_993,slide_993
/MUT-HETRCC/slides/19709.svs,19709,19709,MUT,1,patient_994,slide_994
/MUT-HETRCC/slides/19710.svs,19710,19710,MUT,1,patient_995,slide_995
/MUT-HETRCC/slides/19711.svs,19711,19711,MUT,0,patient_996,slide_996
/MUT-HETRCC/slides/19712.svs,19712,19712,MUT,0,patient_997,slide_997
/MUT-HETRCC/slides/19714.svs,19714,19714,MUT,1,patient_998,slide_998
/MUT-HETRCC/slides/19715.svs,19715,19715,MUT,1,patient_999,slide_999
/MUT-HETRCC/slides/19716.svs,19716,19716,MUT,1,patient_1000,slide_1000
/MUT-HETRCC/slides/19717.svs,19717,19717,MUT,1,patient_1001,slide_1001
/MUT-HETRCC/slides/19718.svs,19718,19718,MUT,1,patient_1002,slide_1002
/MUT-HETRCC/slides/19719.svs,19719,19719,MUT,1,patient_1003,slide_1003
/MUT-HETRCC/slides/19720.svs,19720,19720,MUT,1,patient_1004,slide_1004
/MUT-HETRCC/slides/19723.svs,19723,19723,MUT,0,patient_1005,slide_1005
/MUT-HETRCC/slides/19724.svs,19724,19724,MUT,0,patient_1006,slide_1006
/MUT-HETRCC/slides/19725.svs,19725,19725,MUT,1,patient_1007,slide_1007
/MUT-HETRCC/slides/19726.svs,19726,19726,MUT,0,patient_1008,slide_1008
/MUT-HETRCC/slides/19727.svs,19727,19727,MUT,0,patient_1009,slide_1009
/MUT-HETRCC/slides/19728.svs,19728,19728,MUT,1,patient_1010,slide_1010
/MUT-HETRCC/slides/19729.svs,19729,19729,MUT,1,patient_1011,slide_1011
/MUT-HETRCC/slides/19732.svs,19732,19732,MUT,1,patient_1012,slide_1012
/MUT-HETRCC/slides/19733.svs,19733,19733,MUT,1,patient_1013,slide_1013
/MUT-HETRCC/slides/19734.svs,19734,19734,MUT,0,patient_1014,slide_1014
/MUT-HETRCC/slides/19735.svs,19735,19735,MUT,1,patient_1015,slide_1015
/MUT-HETRCC/slides/19736.svs,19736,19736,MUT,1,patient_1016,slide_1016
/MUT-HETRCC/slides/19737.svs,19737,19737,MUT,0,patient_1017,slide_1017
/MUT-HETRCC/slides/19738.svs,19738,19738,MUT,0,patient_1018,slide_1018
/MUT-HETRCC/slides/19739.svs,19739,19739,MUT,0,patient_1019,slide_1019
/MUT-HETRCC/slides/19740.svs,19740,19740,MUT,1,patient_1020,slide_1020
/MUT-HETRCC/slides/19741.svs,19741,19741,MUT,1,patient_1021,slide_1021
/MUT-HETRCC/slides/19742.svs,19742,19742,MUT,0,patient_1022,slide_1022
/MUT-HETRCC/slides/19744.svs,19744,19744,MUT,0,patient_1023,slide_1023
/MUT-HETRCC/slides/19745.svs,19745,19745,MUT,1,patient_1024,slide_1024
/MUT-HETRCC/slides/19746.svs,19746,19746,MUT,1,patient_1025,slide_1025
/MUT-HETRCC/slides/19747.svs,19747,19747,MUT,0,patient_1026,slide_1026
/MUT-HETRCC/slides/19748.svs,19748,19748,MUT,1,patient_1027,slide_1027
/MUT-HETRCC/slides/19749.svs,19749,19749,MUT,0,patient_1028,slide_1028
/MUT-HETRCC/slides/19750.svs,19750,19750,MUT,0,patient_1029,slide_1029
/MUT-HETRCC/slides/19751.svs,19751,19751,MUT,0,patient_1030,slide_1030
/MUT-HETRCC/slides/19752.svs,19752,19752,MUT,0,patient_1031,slide_1031
/MUT-HETRCC/slides/19753.svs,19753,19753,MUT,1,patient_1032,slide_1032
/MUT-HETRCC/slides/19755.svs,19755,19755,MUT,1,patient_1033,slide_1033
/MUT-HETRCC/slides/19756.svs,19756,19756,MUT,1,patient_1034,slide_1034
/MUT-HETRCC/slides/19757.svs,19757,19757,MUT,0,patient_1035,slide_1035
/MUT-HETRCC/slides/19758.svs,19758,19758,MUT,0,patient_1036,slide_1036
/MUT-HETRCC/slides/19759.svs,19759,19759,MUT,0,patient_1037,slide_1037
/MUT-HETRCC/slides/19760.svs,19760,19760,MUT,1,patient_1038,slide_1038
/MUT-HETRCC/slides/19761.svs,19761,19761,MUT,1,patient_1039,slide_1039
/MUT-HETRCC/slides/19762.svs,19762,19762,MUT,1,patient_1040,slide_1040
/MUT-HETRCC/slides/19763.svs,19763,19763,MUT,0,patient_1041,slide_1041
/MUT-HETRCC/slides/19764.svs,19764,19764,MUT,0,patient_1042,slide_1042
/MUT-HETRCC/slides/19765.svs,19765,19765,MUT,1,patient_1043,slide_1043
/MUT-HETRCC/slides/19766.svs,19766,19766,MUT,0,patient_1044,slide_1044
/MUT-HETRCC/slides/19767.svs,19767,19767,MUT,1,patient_1045,slide_1045
/MUT-HETRCC/slides/19768.svs,19768,19768,MUT,1,patient_1046,slide_1046
/MUT-HETRCC/slides/19807.svs,19807,19807,MUT,0,patient_1047,slide_1047
/MUT-HETRCC/slides/19808.svs,19808,19808,MUT,1,patient_1048,slide_1048
/MUT-HETRCC/slides/19809.svs,19809,19809,MUT,0,patient_1049,slide_1049
/MUT-HETRCC/slides/19810.svs,19810,19810,MUT,1,patient_1050,slide_1050
/MUT-HETRCC/slides/19812.svs,19812,19812,MUT,1,patient_1051,slide_1051
/MUT-HETRCC/slides/19813.svs,19813,19813,MUT,1,patient_1052,slide_1052
/MUT-HETRCC/slides/19814.svs,19814,19814,MUT,0,patient_1053,slide_1053
/MUT-HETRCC/slides/19815.svs,19815,19815,MUT,0,patient_1054,slide_1054
/MUT-HETRCC/slides/19816.svs,19816,19816,MUT,0,patient_1055,slide_1055
/MUT-HETRCC/slides/19817.svs,19817,19817,MUT,1,patient_1056,slide_1056
/MUT-HETRCC/slides/19818.svs,19818,19818,MUT,1,patient_1057,slide_1057
/MUT-HETRCC/slides/19819.svs,19819,19819,MUT,0,patient_1058,slide_1058
/MUT-HETRCC/slides/19821.svs,19821,19821,MUT,0,patient_1059,slide_1059
/MUT-HETRCC/slides/19823.svs,19823,19823,MUT,1,patient_1060,slide_1060
/MUT-HETRCC/slides/19824.svs,19824,19824,MUT,1,patient_1061,slide_1061
/MUT-HETRCC/slides/19825.svs,19825,19825,MUT,0,patient_1062,slide_1062
/MUT-HETRCC/slides/19826.svs,19826,19826,MUT,1,patient_1063,slide_1063
/MUT-HETRCC/slides/19827.svs,19827,19827,MUT,1,patient_1064,slide_1064
/MUT-HETRCC/slides/19828.svs,19828,19828,MUT,0,patient_1065,slide_1065
/MUT-HETRCC/slides/19829.svs,19829,19829,MUT,1,patient_1066,slide_1066
/MUT-HETRCC/slides/19830.svs,19830,19830,MUT,1,patient_1067,slide_1067
/MUT-HETRCC/slides/19831.svs,19831,19831,MUT,1,patient_1068,slide_1068
/MUT-HETRCC/slides/19832.svs,19832,19832,MUT,0,patient_1069,slide_1069
/MUT-HETRCC/slides/19833.svs,19833,19833,MUT,0,patient_1070,slide_1070
/MUT-HETRCC/slides/19834.svs,19834,19834,MUT,1,patient_1071,slide_1071
/MUT-HETRCC/slides/19835.svs,19835,19835,MUT,0,patient_1072,slide_1072
/MUT-HETRCC/slides/19836.svs,19836,19836,MUT,0,patient_1073,slide_1073
/MUT-HETRCC/slides/19837.svs,19837,19837,MUT,0,patient_1074,slide_1074
/MUT-HETRCC/slides/19838.svs,19838,19838,MUT,0,patient_1075,slide_1075
/MUT-HETRCC/slides/19841.svs,19841,19841,MUT,1,patient_1076,slide_1076
/MUT-HETRCC/slides/19842.svs,19842,19842,MUT,1,patient_1077,slide_1077
/MUT-HETRCC/slides/19843.svs,19843,19843,MUT,1,patient_1078,slide_1078
/MUT-HETRCC/slides/19844.svs,19844,19844,MUT,0,patient_1079,slide_1079
/MUT-HETRCC/slides/19845.svs,19845,19845,MUT,0,patient_1080,slide_1080
/MUT-HETRCC/slides/19846.svs,19846,19846,MUT,1,patient_1081,slide_1081
/MUT-HETRCC/slides/19847.svs,19847,19847,MUT,1,patient_1082,slide_1082
/MUT-HETRCC/slides/19848.svs,19848,19848,MUT,1,patient_1083,slide_1083
/MUT-HETRCC/slides/19849.svs,19849,19849,MUT,0,patient_1084,slide_1084
/MUT-HETRCC/slides/19850.svs,19850,19850,MUT,0,patient_1085,slide_1085
/MUT-HETRCC/slides/19851.svs,19851,19851,MUT,1,patient_1086,slide_1086
/MUT-HETRCC/slides/19852.svs,19852,19852,MUT,0,patient_1087,slide_1087
/MUT-HETRCC/slides/19853.svs,19853,19853,MUT,0,patient_1088,slide_1088
/MUT-HETRCC/slides/19854.svs,19854,19854,MUT,0,patient_1089,slide_1089
/MUT-HETRCC/slides/19855.svs,19855,19855,MUT,0,patient_1090,slide_1090
/MUT-HETRCC/slides/19856.svs,19856,19856,MUT,0,patient_1091,slide_1091
/MUT-HETRCC/slides/19857.svs,19857,19857,MUT,1,patient_1092,slide_1092
/MUT-HETRCC/slides/19858.svs,19858,19858,MUT,1,patient_1093,slide_1093
/MUT-HETRCC/slides/19859.svs,19859,19859,MUT,0,patient_1094,slide_1094
/MUT-HETRCC/slides/19860.svs,19860,19860,MUT,0,patient_1095,slide_1095
/MUT-HETRCC/slides/19862.svs,19862,19862,MUT,1,patient_1096,slide_1096
/MUT-HETRCC/slides/19864.svs,19864,19864,MUT,0,patient_1097,slide_1097
/MUT-HETRCC/slides/19865.svs,19865,19865,MUT,1,patient_1098,slide_1098
/MUT-HETRCC/slides/19866.svs,19866,19866,MUT,1,patient_1099,slide_1099
/MUT-HETRCC/slides/19867.svs,19867,19867,MUT,1,patient_1100,slide_1100
/MUT-HETRCC/slides/19868.svs,19868,19868,MUT,1,patient_1101,slide_1101
/MUT-HETRCC/slides/20133.svs,20133,20133,MUT,1,patient_1102,slide_1102
/MUT-HETRCC/slides/20134.svs,20134,20134,MUT,1,patient_1103,slide_1103
/MUT-HETRCC/slides/20135.svs,20135,20135,MUT,0,patient_1104,slide_1104
/MUT-HETRCC/slides/20136.svs,20136,20136,MUT,0,patient_1105,slide_1105
/MUT-HETRCC/slides/20137.svs,20137,20137,MUT,0,patient_1106,slide_1106
/MUT-HETRCC/slides/20138.svs,20138,20138,MUT,0,patient_1107,slide_1107
/MUT-HETRCC/slides/20139.svs,20139,20139,MUT,0,patient_1108,slide_1108
/MUT-HETRCC/slides/20140.svs,20140,20140,MUT,1,patient_1109,slide_1109
/MUT-HETRCC/slides/20141.svs,20141,20141,MUT,1,patient_1110,slide_1110
/MUT-HETRCC/slides/20142.svs,20142,20142,MUT,0,patient_1111,slide_1111
/MUT-HETRCC/slides/20143.svs,20143,20143,MUT,1,patient_1112,slide_1112
/MUT-HETRCC/slides/20144.svs,20144,20144,MUT,0,patient_1113,slide_1113
/MUT-HETRCC/slides/20145.svs,20145,20145,MUT,0,patient_1114,slide_1114
/MUT-HETRCC/slides/20146.svs,20146,20146,MUT,0,patient_1115,slide_1115
/MUT-HETRCC/slides/20147.svs,20147,20147,MUT,0,patient_1116,slide_1116
/MUT-HETRCC/slides/20148.svs,20148,20148,MUT,0,patient_1117,slide_1117
/MUT-HETRCC/slides/20149.svs,20149,20149,MUT,0,patient_1118,slide_1118
/MUT-HETRCC/slides/20150.svs,20150,20150,MUT,0,patient_1119,slide_1119
/MUT-HETRCC/slides/20151.svs,20151,20151,MUT,0,patient_1120,slide_1120
/MUT-HETRCC/slides/20152.svs,20152,20152,MUT,0,patient_1121,slide_1121
/MUT-HETRCC/slides/20153.svs,20153,20153,MUT,0,patient_1122,slide_1122
/MUT-HETRCC/slides/20155.svs,20155,20155,MUT,1,patient_1123,slide_1123
/MUT-HETRCC/slides/20156.svs,20156,20156,MUT,1,patient_1124,slide_1124
/MUT-HETRCC/slides/20157.svs,20157,20157,MUT,0,patient_1125,slide_1125
/MUT-HETRCC/slides/20158.svs,20158,20158,MUT,1,patient_1126,slide_1126
/MUT-HETRCC/slides/20159.svs,20159,20159,MUT,0,patient_1127,slide_1127
/MUT-HETRCC/slides/20160.svs,20160,20160,MUT,1,patient_1128,slide_1128
/MUT-HETRCC/slides/20161.svs,20161,20161,MUT,1,patient_1129,slide_1129
/MUT-HETRCC/slides/20162.svs,20162,20162,MUT,0,patient_1130,slide_1130
/MUT-HETRCC/slides/20163.svs,20163,20163,MUT,1,patient_1131,slide_1131
/MUT-HETRCC/slides/20164.svs,20164,20164,MUT,1,patient_1132,slide_1132
/MUT-HETRCC/slides/20165.svs,20165,20165,MUT,0,patient_1133,slide_1133
/MUT-HETRCC/slides/20166.svs,20166,20166,MUT,0,patient_1134,slide_1134
/MUT-HETRCC/slides/20167.svs,20167,20167,MUT,1,patient_1135,slide_1135
/MUT-HETRCC/slides/20168.svs,20168,20168,MUT,1,patient_1136,slide_1136
/MUT-HETRCC/slides/20169.svs,20169,20169,MUT,1,patient_1137,slide_1137
/MUT-HETRCC/slides/20170.svs,20170,20170,MUT,1,patient_1138,slide_1138
/MUT-HETRCC/slides/20171.svs,20171,20171,MUT,0,patient_1139,slide_1139
/MUT-HETRCC/slides/20172.svs,20172,20172,MUT,0,patient_1140,slide_1140
/MUT-HETRCC/slides/20173.svs,20173,20173,MUT,0,patient_1141,slide_1141
/MUT-HETRCC/slides/20174.svs,20174,20174,MUT,0,patient_1142,slide_1142
/MUT-HETRCC/slides/20176.svs,20176,20176,MUT,1,patient_1143,slide_1143
/MUT-HETRCC/slides/20177.svs,20177,20177,MUT,1,patient_1144,slide_1144
/MUT-HETRCC/slides/20178.svs,20178,20178,MUT,1,patient_1145,slide_1145
/MUT-HETRCC/slides/20179.svs,20179,20179,MUT,0,patient_1146,slide_1146
/MUT-HETRCC/slides/20180.svs,20180,20180,MUT,1,patient_1147,slide_1147
/MUT-HETRCC/slides/20181.svs,20181,20181,MUT,0,patient_1148,slide_1148
/MUT-HETRCC/slides/20182.svs,20182,20182,MUT,1,patient_1149,slide_1149
/MUT-HETRCC/slides/20183.svs,20183,20183,MUT,0,patient_1150,slide_1150
/MUT-HETRCC/slides/20184.svs,20184,20184,MUT,0,patient_1151,slide_1151
/MUT-HETRCC/slides/20185.svs,20185,20185,MUT,0,patient_1152,slide_1152
/MUT-HETRCC/slides/20186.svs,20186,20186,MUT,1,patient_1153,slide_1153
/MUT-HETRCC/slides/20187.svs,20187,20187,MUT,1,patient_1154,slide_1154
/MUT-HETRCC/slides/20188.svs,20188,20188,MUT,0,patient_1155,slide_1155
/MUT-HETRCC/slides/20189.svs,20189,20189,MUT,1,patient_1156,slide_1156
/MUT-HETRCC/slides/20190.svs,20190,20190,MUT,1,patient_1157,slide_1157
/MUT-HETRCC/slides/20191.svs,20191,20191,MUT,1,patient_1158,slide_1158
/MUT-HETRCC/slides/20192.svs,20192,20192,MUT,0,patient_1159,slide_1159
/MUT-HETRCC/slides/20193.svs,20193,20193,MUT,0,patient_1160,slide_1160
/MUT-HETRCC/slides/20194.svs,20194,20194,MUT,0,patient_1161,slide_1161
/MUT-HETRCC/slides/20195.svs,20195,20195,MUT,1,patient_1162,slide_1162
/MUT-HETRCC/slides/20196.svs,20196,20196,MUT,0,patient_1163,slide_1163
/MUT-HETRCC/slides/20197.svs,20197,20197,MUT,1,patient_1164,slide_1164
/MUT-HETRCC/slides/20198.svs,20198,20198,MUT,1,patient_1165,slide_1165
/MUT-HETRCC/slides/20199.svs,20199,20199,MUT,0,patient_1166,slide_1166
/MUT-HETRCC/slides/20200.svs,20200,20200,MUT,0,patient_1167,slide_1167
/MUT-HETRCC/slides/20201.svs,20201,20201,MUT,1,patient_1168,slide_1168
/MUT-HETRCC/slides/20202.svs,20202,20202,MUT,0,patient_1169,slide_1169
/MUT-HETRCC/slides/20203.svs,20203,20203,MUT,1,patient_1170,slide_1170
/MUT-HETRCC/slides/20204.svs,20204,20204,MUT,1,patient_1171,slide_1171
/MUT-HETRCC/slides/20205.svs,20205,20205,MUT,1,patient_1172,slide_1172
/MUT-HETRCC/slides/20206.svs,20206,20206,MUT,1,patient_1173,slide_1173
/MUT-HETRCC/slides/20207.svs,20207,20207,MUT,0,patient_1174,slide_1174
/MUT-HETRCC/slides/20208.svs,20208,20208,MUT,0,patient_1175,slide_1175
/MUT-HETRCC/slides/20209.svs,20209,20209,MUT,1,patient_1176,slide_1176
/MUT-HETRCC/slides/20210.svs,20210,20210,MUT,0,patient_1177,slide_1177
/MUT-HETRCC/slides/20211.svs,20211,20211,MUT,1,patient_1178,slide_1178
/MUT-HETRCC/slides/20212.svs,20212,20212,MUT,1,patient_1179,slide_1179
/MUT-HETRCC/slides/20213.svs,20213,20213,MUT,0,patient_1180,slide_1180
/MUT-HETRCC/slides/20214.svs,20214,20214,MUT,0,patient_1181,slide_1181
/MUT-HETRCC/slides/20215.svs,20215,20215,MUT,0,patient_1182,slide_1182
/MUT-HETRCC/slides/20216.svs,20216,20216,MUT,0,patient_1183,slide_1183
/MUT-HETRCC/slides/20217.svs,20217,20217,MUT,1,patient_1184,slide_1184
/MUT-HETRCC/slides/20218.svs,20218,20218,MUT,0,patient_1185,slide_1185
/MUT-HETRCC/slides/20219.svs,20219,20219,MUT,0,patient_1186,slide_1186
/MUT-HETRCC/slides/20220.svs,20220,20220,MUT,0,patient_1187,slide_1187
/MUT-HETRCC/slides/20221.svs,20221,20221,MUT,1,patient_1188,slide_1188
/MUT-HETRCC/slides/20222.svs,20222,20222,MUT,1,patient_1189,slide_1189
/MUT-HETRCC/slides/20223.svs,20223,20223,MUT,0,patient_1190,slide_1190
/MUT-HETRCC/slides/20224.svs,20224,20224,MUT,0,patient_1191,slide_1191
/MUT-HETRCC/slides/20225.svs,20225,20225,MUT,0,patient_1192,slide_1192
/MUT-HETRCC/slides/20226.svs,20226,20226,MUT,1,patient_1193,slide_1193
/MUT-HETRCC/slides/20227.svs,20227,20227,MUT,0,patient_1194,slide_1194
/MUT-HETRCC/slides/20228.svs,20228,20228,MUT,0,patient_1195,slide_1195
/MUT-HETRCC/slides/20229.svs,20229,20229,MUT,0,patient_1196,slide_1196
/MUT-HETRCC/slides/20230.svs,20230,20230,MUT,0,patient_1197,slide_1197
/MUT-HETRCC/slides/20231.svs,20231,20231,MUT,0,patient_1198,slide_1198
/MUT-HETRCC/slides/20232.svs,20232,20232,MUT,0,patient_1199,slide_1199
/MUT-HETRCC/slides/20233.svs,20233,20233,MUT,1,patient_1200,slide_1200
/MUT-HETRCC/slides/20234.svs,20234,20234,MUT,0,patient_1201,slide_1201
/MUT-HETRCC/slides/20235.svs,20235,20235,MUT,0,patient_1202,slide_1202
/MUT-HETRCC/slides/20236.svs,20236,20236,MUT,0,patient_1203,slide_1203
/MUT-HETRCC/slides/20237.svs,20237,20237,MUT,1,patient_1204,slide_1204
/MUT-HETRCC/slides/20239.svs,20239,20239,MUT,1,patient_1205,slide_1205
/MUT-HETRCC/slides/20240.svs,20240,20240,MUT,1,patient_1206,slide_1206
/MUT-HETRCC/slides/20241.svs,20241,20241,MUT,1,patient_1207,slide_1207
/MUT-HETRCC/slides/20242.svs,20242,20242,MUT,1,patient_1208,slide_1208
/MUT-HETRCC/slides/20243.svs,20243,20243,MUT,1,patient_1209,slide_1209
/MUT-HETRCC/slides/20244.svs,20244,20244,MUT,0,patient_1210,slide_1210
/MUT-HETRCC/slides/20245.svs,20245,20245,MUT,1,patient_1211,slide_1211
/MUT-HETRCC/slides/20246.svs,20246,20246,MUT,0,patient_1212,slide_1212
/MUT-HETRCC/slides/20247.svs,20247,20247,MUT,0,patient_1213,slide_1213
/MUT-HETRCC/slides/20248.svs,20248,20248,MUT,1,patient_1214,slide_1214
/MUT-HETRCC/slides/20249.svs,20249,20249,MUT,1,patient_1215,slide_1215
/MUT-HETRCC/slides/20250.svs,20250,20250,MUT,1,patient_1216,slide_1216
/MUT-HETRCC/slides/20251.svs,20251,20251,MUT,0,patient_1217,slide_1217
/MUT-HETRCC/slides/20252.svs,20252,20252,MUT,1,patient_1218,slide_1218
/MUT-HETRCC/slides/20254.svs,20254,20254,MUT,1,patient_1219,slide_1219
/MUT-HETRCC/slides/20255.svs,20255,20255,MUT,0,patient_1220,slide_1220
/MUT-HETRCC/slides/20256.svs,20256,20256,MUT,1,patient_1221,slide_1221
/MUT-HETRCC/slides/20257.svs,20257,20257,MUT,1,patient_1222,slide_1222
/MUT-HETRCC/slides/20258.svs,20258,20258,MUT,1,patient_1223,slide_1223
/MUT-HETRCC/slides/20259.svs,20259,20259,MUT,0,patient_1224,slide_1224
/MUT-HETRCC/slides/20260.svs,20260,20260,MUT,1,patient_1225,slide_1225
/MUT-HETRCC/slides/20261.svs,20261,20261,MUT,0,patient_1226,slide_1226
/MUT-HETRCC/slides/20262.svs,20262,20262,MUT,0,patient_1227,slide_1227
/MUT-HETRCC/slides/20264.svs,20264,20264,MUT,1,patient_1228,slide_1228
/MUT-HETRCC/slides/20266.svs,20266,20266,MUT,1,patient_1229,slide_1229
/MUT-HETRCC/slides/20268.svs,20268,20268,MUT,0,patient_1230,slide_1230
/MUT-HETRCC/slides/20269.svs,20269,20269,MUT,0,patient_1231,slide_1231
/MUT-HETRCC/slides/20270.svs,20270,20270,MUT,0,patient_1232,slide_1232
/MUT-HETRCC/slides/20271.svs,20271,20271,MUT,1,patient_1233,slide_1233
/MUT-HETRCC/slides/20272.svs,20272,20272,MUT,1,patient_1234,slide_1234
/MUT-HETRCC/slides/20273.svs,20273,20273,MUT,1,patient_1235,slide_1235
/MUT-HETRCC/slides/20274.svs,20274,20274,MUT,0,patient_1236,slide_1236
/MUT-HETRCC/slides/20275.svs,20275,20275,MUT,1,patient_1237,slide_1237
/MUT-HETRCC/slides/20276.svs,20276,20276,MUT,0,patient_1238,slide_1238
/MUT-HETRCC/slides/20277.svs,20277,20277,MUT,1,patient_1239,slide_1239
/MUT-HETRCC/slides/20278.svs,20278,20278,MUT,1,patient_1240,slide_1240
/MUT-HETRCC/slides/20279.svs,20279,20279,MUT,1,patient_1241,slide_1241
/MUT-HETRCC/slides/20280.svs,20280,20280,MUT,1,patient_1242,slide_1242
/MUT-HETRCC/slides/20281.svs,20281,20281,MUT,0,patient_1243,slide_1243
/MUT-HETRCC/slides/20282.svs,20282,20282,MUT,0,patient_1244,slide_1244
/MUT-HETRCC/slides/20283.svs,20283,20283,MUT,0,patient_1245,slide_1245
/MUT-HETRCC/slides/20284.svs,20284,20284,MUT,1,patient_1246,slide_1246
/MUT-HETRCC/slides/20285.svs,20285,20285,MUT,0,patient_1247,slide_1247
/MUT-HETRCC/slides/20286.svs,20286,20286,MUT,1,patient_1248,slide_1248
/MUT-HETRCC/slides/20287.svs,20287,20287,MUT,0,patient_1249,slide_1249
/MUT-HETRCC/slides/20288.svs,20288,20288,MUT,1,patient_1250,slide_1250
/MUT-HETRCC/slides/20289.svs,20289,20289,MUT,0,patient_1251,slide_1251
/MUT-HETRCC/slides/20290.svs,20290,20290,MUT,0,patient_1252,slide_1252
/MUT-HETRCC/slides/20291.svs,20291,20291,MUT,1,patient_1253,slide_1253
/MUT-HETRCC/slides/20292.svs,20292,20292,MUT,1,patient_1254,slide_1254
/MUT-HETRCC/slides/20293.svs,20293,20293,MUT,0,patient_1255,slide_1255
/MUT-HETRCC/slides/20294.svs,20294,20294,MUT,1,patient_1256,slide_1256
/MUT-HETRCC/slides/20295.svs,20295,20295,MUT,1,patient_1257,slide_1257
/MUT-HETRCC/slides/20296.svs,20296,20296,MUT,0,patient_1258,slide_1258
/MUT-HETRCC/slides/20297.svs,20297,20297,MUT,0,patient_1259,slide_1259
/MUT-HETRCC/slides/20298.svs,20298,20298,MUT,0,patient_1260,slide_1260
/MUT-HETRCC/slides/20299.svs,20299,20299,MUT,1,patient_1261,slide_1261
/MUT-HETRCC/slides/20300.svs,20300,20300,MUT,1,patient_1262,slide_1262
/MUT-HETRCC/slides/20301.svs,20301,20301,MUT,1,patient_1263,slide_1263
/MUT-HETRCC/slides/20303.svs,20303,20303,MUT,0,patient_1264,slide_1264
/MUT-HETRCC/slides/20304.svs,20304,20304,MUT,1,patient_1265,slide_1265
/MUT-HETRCC/slides/20305.svs,20305,20305,MUT,1,patient_1266,slide_1266
/MUT-HETRCC/slides/20306.svs,20306,20306,MUT,1,patient_1267,slide_1267
/MUT-HETRCC/slides/20307.svs,20307,20307,MUT,0,patient_1268,slide_1268
/MUT-HETRCC/slides/20308.svs,20308,20308,MUT,1,patient_1269,slide_1269
/MUT-HETRCC/slides/20310.svs,20310,20310,MUT,0,patient_1270,slide_1270
/MUT-HETRCC/slides/20311.svs,20311,20311,MUT,1,patient_1271,slide_1271
/MUT-HETRCC/slides/20312.svs,20312,20312,MUT,0,patient_1272,slide_1272
/MUT-HETRCC/slides/20313.svs,20313,20313,MUT,0,patient_1273,slide_1273
/MUT-HETRCC/slides/20314.svs,20314,20314,MUT,1,patient_1274,slide_1274
/MUT-HETRCC/slides/20315.svs,20315,20315,MUT,1,patient_1275,slide_1275
/MUT-HETRCC/slides/20316.svs,20316,20316,MUT,1,patient_1276,slide_1276
/MUT-HETRCC/slides/20317.svs,20317,20317,MUT,1,patient_1277,slide_1277
/MUT-HETRCC/slides/20318.svs,20318,20318,MUT,1,patient_1278,slide_1278
/MUT-HETRCC/slides/20320.svs,20320,20320,MUT,0,patient_1279,slide_1279
/MUT-HETRCC/slides/20321.svs,20321,20321,MUT,1,patient_1280,slide_1280
/MUT-HETRCC/slides/20322.svs,20322,20322,MUT,1,patient_1281,slide_1281
/MUT-HETRCC/slides/20323.svs,20323,20323,MUT,0,patient_1282,slide_1282
/MUT-HETRCC/slides/20324.svs,20324,20324,MUT,0,patient_1283,slide_1283
/MUT-HETRCC/slides/20325.svs,20325,20325,MUT,1,patient_1284,slide_1284
/MUT-HETRCC/slides/20326.svs,20326,20326,MUT,0,patient_1285,slide_1285
/MUT-HETRCC/slides/20327.svs,20327,20327,MUT,0,patient_1286,slide_1286
/MUT-HETRCC/slides/20328.svs,20328,20328,MUT,1,patient_1287,slide_1287
/MUT-HETRCC/slides/20329.svs,20329,20329,MUT,1,patient_1288,slide_1288
/MUT-HETRCC/slides/20330.svs,20330,20330,MUT,1,patient_1289,slide_1289
/MUT-HETRCC/slides/20331.svs,20331,20331,MUT,1,patient_1290,slide_1290
/MUT-HETRCC/slides/20332.svs,20332,20332,MUT,1,patient_1291,slide_1291
/CPTAC/CCRCC/C3L-00004-21.svs,C3L-00004-21,C3L-00004,CPTAC-CCRCC,1,patient_1292,slide_1292
/CPTAC/CCRCC/C3L-00010-21.svs,C3L-00010-21,C3L-00010,CPTAC-CCRCC,0,patient_1293,slide_1293
/CPTAC/CCRCC/C3L-00011-21.svs,C3L-00011-21,C3L-00011,CPTAC-CCRCC,0,patient_1294,slide_1294
/CPTAC/CCRCC/C3L-00026-21.svs,C3L-00026-21,C3L-00026,CPTAC-CCRCC,0,patient_1295,slide_1295
/CPTAC/CCRCC/C3L-00079-21.svs,C3L-00079-21,C3L-00079,CPTAC-CCRCC,1,patient_1296,slide_1296
/CPTAC/CCRCC/C3L-00088-22.svs,C3L-00088-22,C3L-00088,CPTAC-CCRCC,0,patient_1297,slide_1297
/CPTAC/CCRCC/C3L-00088-21.svs,C3L-00088-21,C3L-00088,CPTAC-CCRCC,0,patient_1297,slide_1298
/CPTAC/CCRCC/C3L-00096-21.svs,C3L-00096-21,C3L-00096,CPTAC-CCRCC,0,patient_1298,slide_1299
/CPTAC/CCRCC/C3L-00097-21.svs,C3L-00097-21,C3L-00097,CPTAC-CCRCC,0,patient_1299,slide_1300
/CPTAC/CCRCC/C3L-00103-22.svs,C3L-00103-22,C3L-00103,CPTAC-CCRCC,0,patient_1300,slide_1301
/CPTAC/CCRCC/C3L-00103-23.svs,C3L-00103-23,C3L-00103,CPTAC-CCRCC,0,patient_1300,slide_1302
/CPTAC/CCRCC/C3L-00103-21.svs,C3L-00103-21,C3L-00103,CPTAC-CCRCC,0,patient_1300,slide_1303
/CPTAC/CCRCC/C3L-00183-25.svs,C3L-00183-25,C3L-00183,CPTAC-CCRCC,1,patient_1301,slide_1304
/CPTAC/CCRCC/C3L-00183-23.svs,C3L-00183-23,C3L-00183,CPTAC-CCRCC,1,patient_1301,slide_1305
/CPTAC/CCRCC/C3L-00183-21.svs,C3L-00183-21,C3L-00183,CPTAC-CCRCC,1,patient_1301,slide_1306
/CPTAC/CCRCC/C3L-00360-21.svs,C3L-00360-21,C3L-00360,CPTAC-CCRCC,0,patient_1302,slide_1307
/CPTAC/CCRCC/C3L-00360-22.svs,C3L-00360-22,C3L-00360,CPTAC-CCRCC,0,patient_1302,slide_1308
/CPTAC/CCRCC/C3L-00369-22.svs,C3L-00369-22,C3L-00369,CPTAC-CCRCC,1,patient_1303,slide_1309
/CPTAC/CCRCC/C3L-00369-23.svs,C3L-00369-23,C3L-00369,CPTAC-CCRCC,1,patient_1303,slide_1310
/CPTAC/CCRCC/C3L-00369-21.svs,C3L-00369-21,C3L-00369,CPTAC-CCRCC,1,patient_1303,slide_1311
/CPTAC/CCRCC/C3L-00416-21.svs,C3L-00416-21,C3L-00416,CPTAC-CCRCC,1,patient_1304,slide_1312
/CPTAC/CCRCC/C3L-00416-22.svs,C3L-00416-22,C3L-00416,CPTAC-CCRCC,1,patient_1304,slide_1313
/CPTAC/CCRCC/C3L-00418-21.svs,C3L-00418-21,C3L-00418,CPTAC-CCRCC,1,patient_1305,slide_1314
/CPTAC/CCRCC/C3L-00418-23.svs,C3L-00418-23,C3L-00418,CPTAC-CCRCC,1,patient_1305,slide_1315
/CPTAC/CCRCC/C3L-00418-22.svs,C3L-00418-22,C3L-00418,CPTAC-CCRCC,1,patient_1305,slide_1316
/CPTAC/CCRCC/C3L-00447-22.svs,C3L-00447-22,C3L-00447,CPTAC-CCRCC,0,patient_1306,slide_1317
/CPTAC/CCRCC/C3L-00447-21.svs,C3L-00447-21,C3L-00447,CPTAC-CCRCC,0,patient_1306,slide_1318
/CPTAC/CCRCC/C3L-00447-23.svs,C3L-00447-23,C3L-00447,CPTAC-CCRCC,0,patient_1306,slide_1319
/CPTAC/CCRCC/C3L-00448-21.svs,C3L-00448-21,C3L-00448,CPTAC-CCRCC,0,patient_1307,slide_1320
/CPTAC/CCRCC/C3L-00561-22.svs,C3L-00561-22,C3L-00561,CPTAC-CCRCC,0,patient_1308,slide_1321
/CPTAC/CCRCC/C3L-00561-21.svs,C3L-00561-21,C3L-00561,CPTAC-CCRCC,0,patient_1308,slide_1322
/CPTAC/CCRCC/C3L-00581-23.svs,C3L-00581-23,C3L-00581,CPTAC-CCRCC,0,patient_1309,slide_1323
/CPTAC/CCRCC/C3L-00581-22.svs,C3L-00581-22,C3L-00581,CPTAC-CCRCC,0,patient_1309,slide_1324
/CPTAC/CCRCC/C3L-00581-21.svs,C3L-00581-21,C3L-00581,CPTAC-CCRCC,0,patient_1309,slide_1325
/CPTAC/CCRCC/C3L-00583-23.svs,C3L-00583-23,C3L-00583,CPTAC-CCRCC,1,patient_1310,slide_1326
/CPTAC/CCRCC/C3L-00583-22.svs,C3L-00583-22,C3L-00583,CPTAC-CCRCC,1,patient_1310,slide_1327
/CPTAC/CCRCC/C3L-00583-21.svs,C3L-00583-21,C3L-00583,CPTAC-CCRCC,1,patient_1310,slide_1328
/CPTAC/CCRCC/C3L-00606-23.svs,C3L-00606-23,C3L-00606,CPTAC-CCRCC,1,patient_1311,slide_1329
/CPTAC/CCRCC/C3L-00606-22.svs,C3L-00606-22,C3L-00606,CPTAC-CCRCC,1,patient_1311,slide_1330
/CPTAC/CCRCC/C3L-00606-21.svs,C3L-00606-21,C3L-00606,CPTAC-CCRCC,1,patient_1311,slide_1331
/CPTAC/CCRCC/C3L-00607-21.svs,C3L-00607-21,C3L-00607,CPTAC-CCRCC,0,patient_1312,slide_1332
/CPTAC/CCRCC/C3L-00610-21.svs,C3L-00610-21,C3L-00610,CPTAC-CCRCC,1,patient_1313,slide_1333
/CPTAC/CCRCC/C3L-00765-21.svs,C3L-00765-21,C3L-00765,CPTAC-CCRCC,0,patient_1314,slide_1334
/CPTAC/CCRCC/C3L-00766-21.svs,C3L-00766-21,C3L-00766,CPTAC-CCRCC,0,patient_1315,slide_1335
/CPTAC/CCRCC/C3L-00790-21.svs,C3L-00790-21,C3L-00790,CPTAC-CCRCC,1,patient_1316,slide_1336
/CPTAC/CCRCC/C3L-00791-21.svs,C3L-00791-21,C3L-00791,CPTAC-CCRCC,1,patient_1317,slide_1337
/CPTAC/CCRCC/C3L-00792-21.svs,C3L-00792-21,C3L-00792,CPTAC-CCRCC,0,patient_1318,slide_1338
/CPTAC/CCRCC/C3L-00796-21.svs,C3L-00796-21,C3L-00796,CPTAC-CCRCC,0,patient_1319,slide_1339
/CPTAC/CCRCC/C3L-00799-21.svs,C3L-00799-21,C3L-00799,CPTAC-CCRCC,1,patient_1320,slide_1340
/CPTAC/CCRCC/C3L-00800-21.svs,C3L-00800-21,C3L-00800,CPTAC-CCRCC,0,patient_1321,slide_1341
/CPTAC/CCRCC/C3L-00812-21.svs,C3L-00812-21,C3L-00812,CPTAC-CCRCC,1,patient_1322,slide_1342
/CPTAC/CCRCC/C3L-00813-21.svs,C3L-00813-21,C3L-00813,CPTAC-CCRCC,0,patient_1323,slide_1343
/CPTAC/CCRCC/C3L-00814-21.svs,C3L-00814-21,C3L-00814,CPTAC-CCRCC,1,patient_1324,slide_1344
/CPTAC/CCRCC/C3L-00817-21.svs,C3L-00817-21,C3L-00817,CPTAC-CCRCC,0,patient_1325,slide_1345
/CPTAC/CCRCC/C3L-00902-22.svs,C3L-00902-22,C3L-00902,CPTAC-CCRCC,0,patient_1326,slide_1346
/CPTAC/CCRCC/C3L-00902-21.svs,C3L-00902-21,C3L-00902,CPTAC-CCRCC,0,patient_1326,slide_1347
/CPTAC/CCRCC/C3L-00907-22.svs,C3L-00907-22,C3L-00907,CPTAC-CCRCC,1,patient_1327,slide_1348
/CPTAC/CCRCC/C3L-00907-21.svs,C3L-00907-21,C3L-00907,CPTAC-CCRCC,1,patient_1327,slide_1349
/CPTAC/CCRCC/C3L-00907-23.svs,C3L-00907-23,C3L-00907,CPTAC-CCRCC,1,patient_1327,slide_1350
/CPTAC/CCRCC/C3L-00908-21.svs,C3L-00908-21,C3L-00908,CPTAC-CCRCC,1,patient_1328,slide_1351
/CPTAC/CCRCC/C3L-00908-23.svs,C3L-00908-23,C3L-00908,CPTAC-CCRCC,1,patient_1328,slide_1352
/CPTAC/CCRCC/C3L-00910-21.svs,C3L-00910-21,C3L-00910,CPTAC-CCRCC,1,patient_1329,slide_1353
/CPTAC/CCRCC/C3L-00910-22.svs,C3L-00910-22,C3L-00910,CPTAC-CCRCC,1,patient_1329,slide_1354
/CPTAC/CCRCC/C3L-00917-23.svs,C3L-00917-23,C3L-00917,CPTAC-CCRCC,0,patient_1330,slide_1355
/CPTAC/CCRCC/C3L-00917-21.svs,C3L-00917-21,C3L-00917,CPTAC-CCRCC,0,patient_1330,slide_1356
/CPTAC/CCRCC/C3L-01281-22.svs,C3L-01281-22,C3L-01281,CPTAC-CCRCC,1,patient_1331,slide_1357
/CPTAC/CCRCC/C3L-01281-23.svs,C3L-01281-23,C3L-01281,CPTAC-CCRCC,1,patient_1331,slide_1358
/CPTAC/CCRCC/C3L-01281-21.svs,C3L-01281-21,C3L-01281,CPTAC-CCRCC,1,patient_1331,slide_1359
/CPTAC/CCRCC/C3L-01283-21.svs,C3L-01283-21,C3L-01283,CPTAC-CCRCC,0,patient_1332,slide_1360
/CPTAC/CCRCC/C3L-01286-21.svs,C3L-01286-21,C3L-01286,CPTAC-CCRCC,1,patient_1333,slide_1361
/CPTAC/CCRCC/C3L-01286-23.svs,C3L-01286-23,C3L-01286,CPTAC-CCRCC,1,patient_1333,slide_1362
/CPTAC/CCRCC/C3L-01286-22.svs,C3L-01286-22,C3L-01286,CPTAC-CCRCC,1,patient_1333,slide_1363
/CPTAC/CCRCC/C3L-01287-23.svs,C3L-01287-23,C3L-01287,CPTAC-CCRCC,0,patient_1334,slide_1364
/CPTAC/CCRCC/C3L-01287-21.svs,C3L-01287-21,C3L-01287,CPTAC-CCRCC,0,patient_1334,slide_1365
/CPTAC/CCRCC/C3L-01287-22.svs,C3L-01287-22,C3L-01287,CPTAC-CCRCC,0,patient_1334,slide_1366
/CPTAC/CCRCC/C3L-01288-22.svs,C3L-01288-22,C3L-01288,CPTAC-CCRCC,0,patient_1335,slide_1367
/CPTAC/CCRCC/C3L-01288-23.svs,C3L-01288-23,C3L-01288,CPTAC-CCRCC,0,patient_1335,slide_1368
/CPTAC/CCRCC/C3L-01302-23.svs,C3L-01302-23,C3L-01302,CPTAC-CCRCC,1,patient_1336,slide_1369
/CPTAC/CCRCC/C3L-01313-23.svs,C3L-01313-23,C3L-01313,CPTAC-CCRCC,0,patient_1337,slide_1370
/CPTAC/CCRCC/C3L-01352-21.svs,C3L-01352-21,C3L-01352,CPTAC-CCRCC,0,patient_1338,slide_1371
/CPTAC/CCRCC/C3L-01352-22.svs,C3L-01352-22,C3L-01352,CPTAC-CCRCC,0,patient_1338,slide_1372
/CPTAC/CCRCC/C3L-01553-21.svs,C3L-01553-21,C3L-01553,CPTAC-CCRCC,0,patient_1339,slide_1373
/CPTAC/CCRCC/C3L-01557-21.svs,C3L-01557-21,C3L-01557,CPTAC-CCRCC,1,patient_1340,slide_1374
/CPTAC/CCRCC/C3L-01560-21.svs,C3L-01560-21,C3L-01560,CPTAC-CCRCC,0,patient_1341,slide_1375
/CPTAC/CCRCC/C3L-01603-22.svs,C3L-01603-22,C3L-01603,CPTAC-CCRCC,0,patient_1342,slide_1376
/CPTAC/CCRCC/C3L-01603-23.svs,C3L-01603-23,C3L-01603,CPTAC-CCRCC,0,patient_1342,slide_1377
/CPTAC/CCRCC/C3L-01603-21.svs,C3L-01603-21,C3L-01603,CPTAC-CCRCC,0,patient_1342,slide_1378
/CPTAC/CCRCC/C3L-01607-23.svs,C3L-01607-23,C3L-01607,CPTAC-CCRCC,1,patient_1343,slide_1379
/CPTAC/CCRCC/C3L-01607-21.svs,C3L-01607-21,C3L-01607,CPTAC-CCRCC,1,patient_1343,slide_1380
/CPTAC/CCRCC/C3L-01607-22.svs,C3L-01607-22,C3L-01607,CPTAC-CCRCC,1,patient_1343,slide_1381
/CPTAC/CCRCC/C3L-01836-23.svs,C3L-01836-23,C3L-01836,CPTAC-CCRCC,1,patient_1344,slide_1382
/CPTAC/CCRCC/C3L-01836-22.svs,C3L-01836-22,C3L-01836,CPTAC-CCRCC,1,patient_1344,slide_1383
/CPTAC/CCRCC/C3L-01836-21.svs,C3L-01836-21,C3L-01836,CPTAC-CCRCC,1,patient_1344,slide_1384
/CPTAC/CCRCC/C3L-01861-23.svs,C3L-01861-23,C3L-01861,CPTAC-CCRCC,1,patient_1345,slide_1385
/CPTAC/CCRCC/C3L-01861-22.svs,C3L-01861-22,C3L-01861,CPTAC-CCRCC,1,patient_1345,slide_1386
/CPTAC/CCRCC/C3L-01861-21.svs,C3L-01861-21,C3L-01861,CPTAC-CCRCC,1,patient_1345,slide_1387
/CPTAC/CCRCC/C3L-01882-21.svs,C3L-01882-21,C3L-01882,CPTAC-CCRCC,0,patient_1346,slide_1388
/CPTAC/CCRCC/C3L-01885-22.svs,C3L-01885-22,C3L-01885,CPTAC-CCRCC,1,patient_1347,slide_1389
/CPTAC/CCRCC/C3L-01885-23.svs,C3L-01885-23,C3L-01885,CPTAC-CCRCC,1,patient_1347,slide_1390
/CPTAC/CCRCC/C3L-01885-21.svs,C3L-01885-21,C3L-01885,CPTAC-CCRCC,1,patient_1347,slide_1391
/CPTAC/CCRCC/C3N-00148-22.svs,C3N-00148-22,C3N-00148,CPTAC-CCRCC,1,patient_1348,slide_1392
/CPTAC/CCRCC/C3N-00148-24.svs,C3N-00148-24,C3N-00148,CPTAC-CCRCC,1,patient_1348,slide_1393
/CPTAC/CCRCC/C3N-00148-23.svs,C3N-00148-23,C3N-00148,CPTAC-CCRCC,1,patient_1348,slide_1394
/CPTAC/CCRCC/C3N-00148-21.svs,C3N-00148-21,C3N-00148,CPTAC-CCRCC,1,patient_1348,slide_1395
/CPTAC/CCRCC/C3N-00149-21.svs,C3N-00149-21,C3N-00149,CPTAC-CCRCC,0,patient_1349,slide_1396
/CPTAC/CCRCC/C3N-00149-23.svs,C3N-00149-23,C3N-00149,CPTAC-CCRCC,0,patient_1349,slide_1397
/CPTAC/CCRCC/C3N-00149-24.svs,C3N-00149-24,C3N-00149,CPTAC-CCRCC,0,patient_1349,slide_1398
/CPTAC/CCRCC/C3N-00149-22.svs,C3N-00149-22,C3N-00149,CPTAC-CCRCC,0,patient_1349,slide_1399
/CPTAC/CCRCC/C3N-00150-21.svs,C3N-00150-21,C3N-00150,CPTAC-CCRCC,0,patient_1350,slide_1400
/CPTAC/CCRCC/C3N-00150-22.svs,C3N-00150-22,C3N-00150,CPTAC-CCRCC,0,patient_1350,slide_1401
/CPTAC/CCRCC/C3N-00150-24.svs,C3N-00150-24,C3N-00150,CPTAC-CCRCC,0,patient_1350,slide_1402
/CPTAC/CCRCC/C3N-00150-23.svs,C3N-00150-23,C3N-00150,CPTAC-CCRCC,0,patient_1350,slide_1403
/CPTAC/CCRCC/C3N-00154-22.svs,C3N-00154-22,C3N-00154,CPTAC-CCRCC,1,patient_1351,slide_1404
/CPTAC/CCRCC/C3N-00154-21.svs,C3N-00154-21,C3N-00154,CPTAC-CCRCC,1,patient_1351,slide_1405
/CPTAC/CCRCC/C3N-00154-24.svs,C3N-00154-24,C3N-00154,CPTAC-CCRCC,1,patient_1351,slide_1406
/CPTAC/CCRCC/C3N-00154-23.svs,C3N-00154-23,C3N-00154,CPTAC-CCRCC,1,patient_1351,slide_1407
/CPTAC/CCRCC/C3N-00168-21.svs,C3N-00168-21,C3N-00168,CPTAC-CCRCC,1,patient_1352,slide_1408
/CPTAC/CCRCC/C3N-00168-23.svs,C3N-00168-23,C3N-00168,CPTAC-CCRCC,1,patient_1352,slide_1409
/CPTAC/CCRCC/C3N-00168-24.svs,C3N-00168-24,C3N-00168,CPTAC-CCRCC,1,patient_1352,slide_1410
/CPTAC/CCRCC/C3N-00168-22.svs,C3N-00168-22,C3N-00168,CPTAC-CCRCC,1,patient_1352,slide_1411
/CPTAC/CCRCC/C3N-00177-22.svs,C3N-00177-22,C3N-00177,CPTAC-CCRCC,0,patient_1353,slide_1412
/CPTAC/CCRCC/C3N-00177-21.svs,C3N-00177-21,C3N-00177,CPTAC-CCRCC,0,patient_1353,slide_1413
/CPTAC/CCRCC/C3N-00177-23.svs,C3N-00177-23,C3N-00177,CPTAC-CCRCC,0,patient_1353,slide_1414
/CPTAC/CCRCC/C3N-00194-21.svs,C3N-00194-21,C3N-00194,CPTAC-CCRCC,0,patient_1354,slide_1415
/CPTAC/CCRCC/C3N-00194-23.svs,C3N-00194-23,C3N-00194,CPTAC-CCRCC,0,patient_1354,slide_1416
/CPTAC/CCRCC/C3N-00194-24.svs,C3N-00194-24,C3N-00194,CPTAC-CCRCC,0,patient_1354,slide_1417
/CPTAC/CCRCC/C3N-00194-22.svs,C3N-00194-22,C3N-00194,CPTAC-CCRCC,0,patient_1354,slide_1418
/CPTAC/CCRCC/C3N-00242-21.svs,C3N-00242-21,C3N-00242,CPTAC-CCRCC,1,patient_1355,slide_1419
/CPTAC/CCRCC/C3N-00242-22.svs,C3N-00242-22,C3N-00242,CPTAC-CCRCC,1,patient_1355,slide_1420
/CPTAC/CCRCC/C3N-00244-23.svs,C3N-00244-23,C3N-00244,CPTAC-CCRCC,1,patient_1356,slide_1421
/CPTAC/CCRCC/C3N-00244-21.svs,C3N-00244-21,C3N-00244,CPTAC-CCRCC,1,patient_1356,slide_1422
/CPTAC/CCRCC/C3N-00244-22.svs,C3N-00244-22,C3N-00244,CPTAC-CCRCC,1,patient_1356,slide_1423
/CPTAC/CCRCC/C3N-00246-21.svs,C3N-00246-21,C3N-00246,CPTAC-CCRCC,0,patient_1357,slide_1424
/CPTAC/CCRCC/C3N-00246-22.svs,C3N-00246-22,C3N-00246,CPTAC-CCRCC,0,patient_1357,slide_1425
/CPTAC/CCRCC/C3N-00246-23.svs,C3N-00246-23,C3N-00246,CPTAC-CCRCC,0,patient_1357,slide_1426
/CPTAC/CCRCC/C3N-00305-22.svs,C3N-00305-22,C3N-00305,CPTAC-CCRCC,1,patient_1358,slide_1427
/CPTAC/CCRCC/C3N-00305-21.svs,C3N-00305-21,C3N-00305,CPTAC-CCRCC,1,patient_1358,slide_1428
/CPTAC/CCRCC/C3N-00310-23.svs,C3N-00310-23,C3N-00310,CPTAC-CCRCC,1,patient_1359,slide_1429
/CPTAC/CCRCC/C3N-00310-21.svs,C3N-00310-21,C3N-00310,CPTAC-CCRCC,1,patient_1359,slide_1430
/CPTAC/CCRCC/C3N-00310-24.svs,C3N-00310-24,C3N-00310,CPTAC-CCRCC,1,patient_1359,slide_1431
/CPTAC/CCRCC/C3N-00310-22.svs,C3N-00310-22,C3N-00310,CPTAC-CCRCC,1,patient_1359,slide_1432
/CPTAC/CCRCC/C3N-00312-21.svs,C3N-00312-21,C3N-00312,CPTAC-CCRCC,1,patient_1360,slide_1433
/CPTAC/CCRCC/C3N-00312-23.svs,C3N-00312-23,C3N-00312,CPTAC-CCRCC,1,patient_1360,slide_1434
/CPTAC/CCRCC/C3N-00312-24.svs,C3N-00312-24,C3N-00312,CPTAC-CCRCC,1,patient_1360,slide_1435
/CPTAC/CCRCC/C3N-00312-22.svs,C3N-00312-22,C3N-00312,CPTAC-CCRCC,1,patient_1360,slide_1436
/CPTAC/CCRCC/C3N-00314-24.svs,C3N-00314-24,C3N-00314,CPTAC-CCRCC,1,patient_1361,slide_1437
/CPTAC/CCRCC/C3N-00314-23.svs,C3N-00314-23,C3N-00314,CPTAC-CCRCC,1,patient_1361,slide_1438
/CPTAC/CCRCC/C3N-00314-21.svs,C3N-00314-21,C3N-00314,CPTAC-CCRCC,1,patient_1361,slide_1439
/CPTAC/CCRCC/C3N-00314-22.svs,C3N-00314-22,C3N-00314,CPTAC-CCRCC,1,patient_1361,slide_1440
/CPTAC/CCRCC/C3N-00315-24.svs,C3N-00315-24,C3N-00315,CPTAC-CCRCC,0,patient_1362,slide_1441
/CPTAC/CCRCC/C3N-00315-22.svs,C3N-00315-22,C3N-00315,CPTAC-CCRCC,0,patient_1362,slide_1442
/CPTAC/CCRCC/C3N-00315-23.svs,C3N-00315-23,C3N-00315,CPTAC-CCRCC,0,patient_1362,slide_1443
/CPTAC/CCRCC/C3N-00315-21.svs,C3N-00315-21,C3N-00315,CPTAC-CCRCC,0,patient_1362,slide_1444
/CPTAC/CCRCC/C3N-00317-23.svs,C3N-00317-23,C3N-00317,CPTAC-CCRCC,0,patient_1363,slide_1445
/CPTAC/CCRCC/C3N-00317-24.svs,C3N-00317-24,C3N-00317,CPTAC-CCRCC,0,patient_1363,slide_1446
/CPTAC/CCRCC/C3N-00317-22.svs,C3N-00317-22,C3N-00317,CPTAC-CCRCC,0,patient_1363,slide_1447
/CPTAC/CCRCC/C3N-00317-21.svs,C3N-00317-21,C3N-00317,CPTAC-CCRCC,0,patient_1363,slide_1448
/CPTAC/CCRCC/C3N-00320-23.svs,C3N-00320-23,C3N-00320,CPTAC-CCRCC,1,patient_1364,slide_1449
/CPTAC/CCRCC/C3N-00320-24.svs,C3N-00320-24,C3N-00320,CPTAC-CCRCC,1,patient_1364,slide_1450
/CPTAC/CCRCC/C3N-00320-21.svs,C3N-00320-21,C3N-00320,CPTAC-CCRCC,1,patient_1364,slide_1451
/CPTAC/CCRCC/C3N-00320-22.svs,C3N-00320-22,C3N-00320,CPTAC-CCRCC,1,patient_1364,slide_1452
/CPTAC/CCRCC/C3N-00380-25.svs,C3N-00380-25,C3N-00380,CPTAC-CCRCC,1,patient_1365,slide_1453
/CPTAC/CCRCC/C3N-00380-23.svs,C3N-00380-23,C3N-00380,CPTAC-CCRCC,1,patient_1365,slide_1454
/CPTAC/CCRCC/C3N-00380-22.svs,C3N-00380-22,C3N-00380,CPTAC-CCRCC,1,patient_1365,slide_1455
/CPTAC/CCRCC/C3N-00380-21.svs,C3N-00380-21,C3N-00380,CPTAC-CCRCC,1,patient_1365,slide_1456
/CPTAC/CCRCC/C3N-00380-24.svs,C3N-00380-24,C3N-00380,CPTAC-CCRCC,1,patient_1365,slide_1457
/CPTAC/CCRCC/C3N-00390-24.svs,C3N-00390-24,C3N-00390,CPTAC-CCRCC,0,patient_1366,slide_1458
/CPTAC/CCRCC/C3N-00390-21.svs,C3N-00390-21,C3N-00390,CPTAC-CCRCC,0,patient_1366,slide_1459
/CPTAC/CCRCC/C3N-00390-23.svs,C3N-00390-23,C3N-00390,CPTAC-CCRCC,0,patient_1366,slide_1460
/CPTAC/CCRCC/C3N-00390-22.svs,C3N-00390-22,C3N-00390,CPTAC-CCRCC,0,patient_1366,slide_1461
/CPTAC/CCRCC/C3N-00437-23.svs,C3N-00437-23,C3N-00437,CPTAC-CCRCC,0,patient_1367,slide_1462
/CPTAC/CCRCC/C3N-00437-21.svs,C3N-00437-21,C3N-00437,CPTAC-CCRCC,0,patient_1367,slide_1463
/CPTAC/CCRCC/C3N-00437-22.svs,C3N-00437-22,C3N-00437,CPTAC-CCRCC,0,patient_1367,slide_1464
/CPTAC/CCRCC/C3N-00491-25.svs,C3N-00491-25,C3N-00491,CPTAC-CCRCC,1,patient_1368,slide_1465
/CPTAC/CCRCC/C3N-00494-22.svs,C3N-00494-22,C3N-00494,CPTAC-CCRCC,1,patient_1369,slide_1466
/CPTAC/CCRCC/C3N-00494-24.svs,C3N-00494-24,C3N-00494,CPTAC-CCRCC,1,patient_1369,slide_1467
/CPTAC/CCRCC/C3N-00494-21.svs,C3N-00494-21,C3N-00494,CPTAC-CCRCC,1,patient_1369,slide_1468
/CPTAC/CCRCC/C3N-00494-23.svs,C3N-00494-23,C3N-00494,CPTAC-CCRCC,1,patient_1369,slide_1469
/CPTAC/CCRCC/C3N-00495-22.svs,C3N-00495-22,C3N-00495,CPTAC-CCRCC,0,patient_1370,slide_1470
/CPTAC/CCRCC/C3N-00495-21.svs,C3N-00495-21,C3N-00495,CPTAC-CCRCC,0,patient_1370,slide_1471
/CPTAC/CCRCC/C3N-00573-22.svs,C3N-00573-22,C3N-00573,CPTAC-CCRCC,0,patient_1371,slide_1472
/CPTAC/CCRCC/C3N-00573-21.svs,C3N-00573-21,C3N-00573,CPTAC-CCRCC,0,patient_1371,slide_1473
/CPTAC/CCRCC/C3N-00573-24.svs,C3N-00573-24,C3N-00573,CPTAC-CCRCC,0,patient_1371,slide_1474
/CPTAC/CCRCC/C3N-00573-23.svs,C3N-00573-23,C3N-00573,CPTAC-CCRCC,0,patient_1371,slide_1475
/CPTAC/CCRCC/C3N-00577-22.svs,C3N-00577-22,C3N-00577,CPTAC-CCRCC,1,patient_1372,slide_1476
/CPTAC/CCRCC/C3N-00577-24.svs,C3N-00577-24,C3N-00577,CPTAC-CCRCC,1,patient_1372,slide_1477
/CPTAC/CCRCC/C3N-00577-21.svs,C3N-00577-21,C3N-00577,CPTAC-CCRCC,1,patient_1372,slide_1478
/CPTAC/CCRCC/C3N-00577-23.svs,C3N-00577-23,C3N-00577,CPTAC-CCRCC,1,patient_1372,slide_1479
/CPTAC/CCRCC/C3N-00646-22.svs,C3N-00646-22,C3N-00646,CPTAC-CCRCC,0,patient_1373,slide_1480
/CPTAC/CCRCC/C3N-00646-21.svs,C3N-00646-21,C3N-00646,CPTAC-CCRCC,0,patient_1373,slide_1481
/CPTAC/CCRCC/C3N-00646-24.svs,C3N-00646-24,C3N-00646,CPTAC-CCRCC,0,patient_1373,slide_1482
/CPTAC/CCRCC/C3N-00646-23.svs,C3N-00646-23,C3N-00646,CPTAC-CCRCC,0,patient_1373,slide_1483
/CPTAC/CCRCC/C3N-00733-22.svs,C3N-00733-22,C3N-00733,CPTAC-CCRCC,1,patient_1374,slide_1484
/CPTAC/CCRCC/C3N-00733-23.svs,C3N-00733-23,C3N-00733,CPTAC-CCRCC,1,patient_1374,slide_1485
/CPTAC/CCRCC/C3N-00733-21.svs,C3N-00733-21,C3N-00733,CPTAC-CCRCC,1,patient_1374,slide_1486
/CPTAC/CCRCC/C3N-00831-21.svs,C3N-00831-21,C3N-00831,CPTAC-CCRCC,0,patient_1375,slide_1487
/CPTAC/CCRCC/C3N-00831-22.svs,C3N-00831-22,C3N-00831,CPTAC-CCRCC,0,patient_1375,slide_1488
/CPTAC/CCRCC/C3N-00834-21.svs,C3N-00834-21,C3N-00834,CPTAC-CCRCC,0,patient_1376,slide_1489
/CPTAC/CCRCC/C3N-00852-22.svs,C3N-00852-22,C3N-00852,CPTAC-CCRCC,1,patient_1377,slide_1490
/CPTAC/CCRCC/C3N-00852-21.svs,C3N-00852-21,C3N-00852,CPTAC-CCRCC,1,patient_1377,slide_1491
/CPTAC/CCRCC/C3N-00852-23.svs,C3N-00852-23,C3N-00852,CPTAC-CCRCC,1,patient_1377,slide_1492
/CPTAC/CCRCC/C3N-00953-23.svs,C3N-00953-23,C3N-00953,CPTAC-CCRCC,0,patient_1378,slide_1493
/CPTAC/CCRCC/C3N-00953-22.svs,C3N-00953-22,C3N-00953,CPTAC-CCRCC,0,patient_1378,slide_1494
/CPTAC/CCRCC/C3N-00953-21.svs,C3N-00953-21,C3N-00953,CPTAC-CCRCC,0,patient_1378,slide_1495
/CPTAC/CCRCC/C3N-01176-21.svs,C3N-01176-21,C3N-01176,CPTAC-CCRCC,0,patient_1379,slide_1496
/CPTAC/CCRCC/C3N-01178-21.svs,C3N-01178-21,C3N-01178,CPTAC-CCRCC,0,patient_1380,slide_1497
/CPTAC/CCRCC/C3N-01178-22.svs,C3N-01178-22,C3N-01178,CPTAC-CCRCC,0,patient_1380,slide_1498
/CPTAC/CCRCC/C3N-01179-21.svs,C3N-01179-21,C3N-01179,CPTAC-CCRCC,1,patient_1381,slide_1499
/CPTAC/CCRCC/C3N-01179-22.svs,C3N-01179-22,C3N-01179,CPTAC-CCRCC,1,patient_1381,slide_1500
/CPTAC/CCRCC/C3N-01200-21.svs,C3N-01200-21,C3N-01200,CPTAC-CCRCC,0,patient_1382,slide_1501
/CPTAC/CCRCC/C3N-01200-22.svs,C3N-01200-22,C3N-01200,CPTAC-CCRCC,0,patient_1382,slide_1502
/CPTAC/CCRCC/C3N-01200-25.svs,C3N-01200-25,C3N-01200,CPTAC-CCRCC,0,patient_1382,slide_1503
/CPTAC/CCRCC/C3N-01200-23.svs,C3N-01200-23,C3N-01200,CPTAC-CCRCC,0,patient_1382,slide_1504
/CPTAC/CCRCC/C3N-01200-24.svs,C3N-01200-24,C3N-01200,CPTAC-CCRCC,0,patient_1382,slide_1505
/CPTAC/CCRCC/C3N-01213-22.svs,C3N-01213-22,C3N-01213,CPTAC-CCRCC,1,patient_1383,slide_1506
/CPTAC/CCRCC/C3N-01213-21.svs,C3N-01213-21,C3N-01213,CPTAC-CCRCC,1,patient_1383,slide_1507
/CPTAC/CCRCC/C3N-01213-23.svs,C3N-01213-23,C3N-01213,CPTAC-CCRCC,1,patient_1383,slide_1508
/CPTAC/CCRCC/C3N-01214-23.svs,C3N-01214-23,C3N-01214,CPTAC-CCRCC,0,patient_1384,slide_1509
/CPTAC/CCRCC/C3N-01214-21.svs,C3N-01214-21,C3N-01214,CPTAC-CCRCC,0,patient_1384,slide_1510
/CPTAC/CCRCC/C3N-01214-22.svs,C3N-01214-22,C3N-01214,CPTAC-CCRCC,0,patient_1384,slide_1511
/CPTAC/CCRCC/C3N-01220-21.svs,C3N-01220-21,C3N-01220,CPTAC-CCRCC,0,patient_1385,slide_1512
/CPTAC/CCRCC/C3N-01220-23.svs,C3N-01220-23,C3N-01220,CPTAC-CCRCC,0,patient_1385,slide_1513
/CPTAC/CCRCC/C3N-01220-22.svs,C3N-01220-22,C3N-01220,CPTAC-CCRCC,0,patient_1385,slide_1514
/CPTAC/CCRCC/C3N-01261-21.svs,C3N-01261-21,C3N-01261,CPTAC-CCRCC,1,patient_1386,slide_1515
/CPTAC/CCRCC/C3N-01261-22.svs,C3N-01261-22,C3N-01261,CPTAC-CCRCC,1,patient_1386,slide_1516
/CPTAC/CCRCC/C3N-01261-23.svs,C3N-01261-23,C3N-01261,CPTAC-CCRCC,1,patient_1386,slide_1517
/CPTAC/CCRCC/C3N-01361-22.svs,C3N-01361-22,C3N-01361,CPTAC-CCRCC,0,patient_1387,slide_1518
/CPTAC/CCRCC/C3N-01361-21.svs,C3N-01361-21,C3N-01361,CPTAC-CCRCC,0,patient_1387,slide_1519
/CPTAC/CCRCC/C3N-01522-22.svs,C3N-01522-22,C3N-01522,CPTAC-CCRCC,1,patient_1388,slide_1520
/CPTAC/CCRCC/C3N-01522-21.svs,C3N-01522-21,C3N-01522,CPTAC-CCRCC,1,patient_1388,slide_1521
/CPTAC/CCRCC/C3N-01522-23.svs,C3N-01522-23,C3N-01522,CPTAC-CCRCC,1,patient_1388,slide_1522
/CPTAC/CCRCC/C3N-01524-22.svs,C3N-01524-22,C3N-01524,CPTAC-CCRCC,0,patient_1389,slide_1523
/CPTAC/CCRCC/C3N-01524-21.svs,C3N-01524-21,C3N-01524,CPTAC-CCRCC,0,patient_1389,slide_1524
/CPTAC/CCRCC/C3N-01524-23.svs,C3N-01524-23,C3N-01524,CPTAC-CCRCC,0,patient_1389,slide_1525
/CPTAC/CCRCC/C3N-01646-22.svs,C3N-01646-22,C3N-01646,CPTAC-CCRCC,0,patient_1390,slide_1526
/CPTAC/CCRCC/C3N-01646-21.svs,C3N-01646-21,C3N-01646,CPTAC-CCRCC,0,patient_1390,slide_1527
/CPTAC/CCRCC/C3N-01648-22.svs,C3N-01648-22,C3N-01648,CPTAC-CCRCC,0,patient_1391,slide_1528
/CPTAC/CCRCC/C3N-01648-21.svs,C3N-01648-21,C3N-01648,CPTAC-CCRCC,0,patient_1391,slide_1529
/CPTAC/CCRCC/C3N-01649-21.svs,C3N-01649-21,C3N-01649,CPTAC-CCRCC,1,patient_1392,slide_1530
/CPTAC/CCRCC/C3N-01649-22.svs,C3N-01649-22,C3N-01649,CPTAC-CCRCC,1,patient_1392,slide_1531
/CPTAC/CCRCC/C3N-01651-21.svs,C3N-01651-21,C3N-01651,CPTAC-CCRCC,1,patient_1393,slide_1532
/CPTAC/CCRCC/C3N-01651-25.svs,C3N-01651-25,C3N-01651,CPTAC-CCRCC,1,patient_1393,slide_1533
/CPTAC/CCRCC/C3N-01808-22.svs,C3N-01808-22,C3N-01808,CPTAC-CCRCC,0,patient_1394,slide_1534
/CPTAC/CCRCC/C3N-01808-23.svs,C3N-01808-23,C3N-01808,CPTAC-CCRCC,0,patient_1394,slide_1535
/CPTAC/CCRCC/C3N-01808-21.svs,C3N-01808-21,C3N-01808,CPTAC-CCRCC,0,patient_1394,slide_1536
